Nombre;Localidad;Departamento
"JARDIN DE INFANTES NRO 10 ""ANGELA PERALTA PINO""";VILLA MINETTI;9 DE JULIO
"NUCLEO II-JARDIN DE INFANTES NRO 139 ""PROF. MA. INES GRIFFA""";TOSTADO;9 DE JULIO
"NUCLEO I -JARDIN DE INFANTES NRO 139 ""PROF. MA. INES GRIFFA""";TOSTADO;9 DE JULIO
"JARDIN DE INFANTES NRO 139 ""PROFESORA MARIA INES GRIFFA""";TOSTADO;9 DE JULIO
NUCLEO I-JARDIN DE INFANTES NRO 195-ANA M SANCHEZ DE MAIDANA;TOSTADO;9 DE JULIO
"JARDIN DE INFANTES NRO 195 ""ANA MARIA SANCHEZ DE MAIDANA""";TOSTADO;9 DE JULIO
"ESCUELA NRO 189 ""FORTIN 6 DE CABALLERIA""";GATO COLORADO;9 DE JULIO
"ESCUELA NRO 222 ""JUANA AZURDUY DE PADILLA""";FORTIN TACURU;9 DE JULIO
"ESCUELA NRO 417 ""COMANDANTE JUAN JOSE RAZETTI""";TOSTADO;9 DE JULIO
"ESCUELA NRO 418 ""GENERAL JOSE DE SAN MARTIN""";TOSTADO;9 DE JULIO
"ESCUELA NRO 419 ""JOSE MANUEL ESTRADA""";TOSTADO;9 DE JULIO
"ESCUELA NRO 420 ""GENERAL JOSE DE SAN MARTIN""";LOGROÑO;9 DE JULIO
"ESCUELA NRO 459 ""DOMINGO FAUSTINO SARMIENTO""";SAN BERNARDO;9 DE JULIO
"ESCUELA NRO 516 ""BERNARDINO RIVADAVIA""";ESTEBAN RAMS;9 DE JULIO
"ESCUELA NRO 603 ""GENERAL SAN MARTIN""";SAN BERNARDO;9 DE JULIO
"ESCUELA NRO 657 ""ALMIRANTE JORGE MARTIN GUISE""";CAMPO SAN ISIDORO;9 DE JULIO
"ESCUELA NRO 680 ""LIBERTADOR GRAL. SAN MARTIN""";TOSTADO;9 DE JULIO
"ESCUELA NRO 684 ""GENERAL MANUEL BELGRANO""";TOSTADO;9 DE JULIO
"ESCUELA NRO 747 ""JUAN BAUTISTA ALBERDI""";COLONIA EL AMARGO;9 DE JULIO
"ESCUELA NRO 748 ""FRAY JUSTO SANTA MARIA DE ORO""";VILLA MINETTI;9 DE JULIO
"ESCUELA NRO 749 ""GREGORIA MATORRAS DE SAN MARTIN""";GREGORIA PEREZ DE DENIS;9 DE JULIO
"ESCUELA NRO 842 ""DOCTOR RENÉ FAVALORO""";GREGORIA PEREZ DE DENIS;9 DE JULIO
"ESCUELA NRO 931 ""GRANADEROS DE SAN LORENZO""";GREGORIA PEREZ DE DENIS;9 DE JULIO
"ESCUELA NRO 942 ""GENERAL J. J. A. DE ARENALES""";COLONIA LA HIEDRA;9 DE JULIO
"ESCUELA NRO 954 ""JUAN DE SAN MARTIN""";GATO COLORADO;9 DE JULIO
"ESCUELA NRO 955 ""JUAN APOSTOL MARTINEZ""";SANTA MARGARITA;9 DE JULIO
"ESCUELA NRO 956 ""DOMINGO FAUSTINO SARMIENTO""";SAN BERNARDO;9 DE JULIO
"ESCUELA NRO 1027 ""DONALDO ENZO GONZALEZ""";POZO BORRADO;9 DE JULIO
"ESCUELA NRO 1030 ""VELMIRO AYALA GAUNA""";ESTEBAN RAMS;9 DE JULIO
"ESCUELA NRO 1036 ""ARTURO CAPDEVILA""";GATO COLORADO;9 DE JULIO
"ESCUELA NRO 1087 ""SAN FRANCISCO DEL MONTE""";LAS CHUÑAS;9 DE JULIO
"ESCUELA NRO 1088 ""MARIANO MORENO""";ESTANCIA LA VIRGINIA;VERA
"ESCUELA NRO 1178 ""DOCTOR MARIANO ROMANO""";GREGORIA PEREZ DE DENIS;9 DE JULIO
"ESCUELA NRO 1206 ""DOCTOR JOSE MARIA FUNES""";CAMPO PERGOLESI;9 DE JULIO
ESCUELA NRO 1208;COLONIA EL DICHOSO;9 DE JULIO
"ESCUELA NRO 1211 ""CONRADO NALE ROXLO""";CAMPO EL DORMIDO;9 DE JULIO
"ESCUELA NRO 1269 ""MALVINAS ARGENTINAS""";SAN BERNARDO;9 DE JULIO
ESCUELA NRO 1284;LA CAUTIVA;9 DE JULIO
"ESCUELA NRO 1371 ""GRANADEROS DE SAN MARTIN""";EL SALITRAL;9 DE JULIO
ESCUELA NRO 1383;FORTIN OLMOS;VERA
ESCUELA NRO 1384;POZO BORRADO;9 DE JULIO
"ESCUELA NRO 1389""JOSÉ EULOGIO MORALES""";VILLA MINETTI;9 DE JULIO
"ESCUELA NRO 6123 ""EFRAIN J. C. ANGELONI""";POZO BORRADO;9 DE JULIO
"ESCUELA NRO 6139 ""EDUARDO SIVORI""";MONTEFIORE;9 DE JULIO
ESCUELA NRO 6171;MONTEFIORE;9 DE JULIO
"ESCUELA NRO 6182 ""ENRIQUE GARCIA VELLOSO""";MONTEFIORE;9 DE JULIO
"ESCUELA NRO 6323 ""PABLO PIZZURNO""";TOSTADO;9 DE JULIO
"ESCUELA NRO 6328 ""VICENTE ECHEVERRIA""";EL PALMAR;VERA
ESCUELA NRO 6340;ANTONIO PINI;9 DE JULIO
"C.E.R. NRO 140 ""CORONEL MARIANO LARRAZABAL""";INDEPENDENCIA;9 DE JULIO
"C.E.R. NRO 161 ""FORTIN SEIS DE CABALLERIA""";FORTIN 6;9 DE JULIO
C.E.R. NRO 178;CAMPO DEROTIER;9 DE JULIO
C.E.R. NRO 185;CAMPO CONTARDE;9 DE JULIO
"C.E.R. NRO 225 ""ERNESTO NELSON""";EL CACIQUE;9 DE JULIO
C.E.R. NRO 244;LA EMA;9 DE JULIO
"C.E.R. NRO 255 ""LOS BAYOS""";CAMPO LOS BAYOS;9 DE JULIO
"C.E.R. NRO 279 ""BERNARDINO RIVADAVIA""";GREGORIA PEREZ DE DENIS;9 DE JULIO
"C.E.R. NRO 334 ""JUAN DE GARAY""";GREGORIA PEREZ DE DENIS;9 DE JULIO
"C.E.R. NRO 355 ""GENERAL MANUEL BELGRANO""";VILLA MINETTI;9 DE JULIO
C.E.R. NRO 402;CAMPO LOS CLAVELES;9 DE JULIO
C.E.R. NRO 408;SAN BERNARDO;9 DE JULIO
C.E.R. NRO 412;SANTA MARGARITA;9 DE JULIO
C.E.R. NRO 415;CAMPO LAS MELLIZAS;9 DE JULIO
"C.E.R. NRO 417 ""FRANCISCO ZELADA""";CAMPO GARAY;9 DE JULIO
"C.E.R. NRO 420 ""GENERAL MANUEL BELGRANO""";COLONIA50 LOS CHARABONES;9 DE JULIO
C.E.R. NRO 421;CAMPO LA MARUCA;9 DE JULIO
"C.E.R. NRO 435 ""JOSE HERNANDEZ""";VILLA MINETTI;9 DE JULIO
"C.E.R. NRO 453 ""ALMAFUERTE""";LAS NORIAS;9 DE JULIO
"C.E.R. NRO 454 ""ALFONSINA STORNI""";ESTANCIA LA FLORIDA;9 DE JULIO
"C.E.R. NRO 457 ""DOMINGO F.SARMIENTO""";CAMPO DON BOSCO;9 DE JULIO
C.E.R. NRO 458;EL PIRINCHO;9 DE JULIO
C.E.R. NRO 459;CAMPO MARIA ALICIA;9 DE JULIO
C.E.R. NRO 460;EL DESCANSO;9 DE JULIO
C.E.R. NRO 461;ESTANCIA LOS GUASUNCHOS;9 DE JULIO
C.E.R. NRO 462;FORTIN ATAHUALPA;9 DE JULIO
C.E.R. NRO 463;COLONIA SAN GABINO;9 DE JULIO
C.E.R. NRO 465;SAN BERNARDO;9 DE JULIO
"C.E.R. NRO 510 ""GENERAL GREGORIO LAS HERAS""";TOSTADO;9 DE JULIO
C.E.R. NRO 528;SAN BERNARDO;9 DE JULIO
"C.E.R. NRO 533 ""GENERAL JOSE DE SAN MARTIN""";TOSTADO;9 DE JULIO
C.E.R. NRO 570;SAN BERNARDO;9 DE JULIO
C.E.R. NRO 571;LA CURVA;9 DE JULIO
C.E.R. NRO 606;SANTA MARGARITA;9 DE JULIO
C.E.R. NRO 607;GREGORIA PEREZ DE DENIS;9 DE JULIO
C.E.R. NRO 613;VILLA MINETTI;9 DE JULIO
ESCUELA ESPECIAL NRO 2036;TOSTADO;9 DE JULIO
ESCUELA ESPECIAL NRO 2102;TOSTADO;9 DE JULIO
ESCUELA ESPECIAL DE FORMACION LABORAL NRO 2114;TOSTADO;9 DE JULIO
"TALLER DE EDUCACION MANUAL NRO 4 ""CESAR FERRARINI""";TOSTADO;9 DE JULIO
CENTRO DE EDUCACION FISICA NRO 25;TOSTADO;9 DE JULIO
N.R.E.S. ORIENTADA NRO 1349;MONTEFIORE;9 DE JULIO
N.R.E.S. ORIENTADA NRO 2349;ESTEBAN RAMS;9 DE JULIO
"E.E.S. ORIENTADA NRO 332 ""DOMINGO FAUSTINO SARMIENTO""";TOSTADO;9 DE JULIO
"E.E.S. ORIENTADA NRO 349 ""GENERAL MANUEL BELGRANO""";LOGROÑO;9 DE JULIO
"E.E.S. ORIENTADA NRO 356 ""DOCTOR LEANDRO ALEM FERNÁNDEZ DE LA PEÑA""";GREGORIA PEREZ DE DENIS;9 DE JULIO
E.E.S. ORIENTADA NRO 405;POZO BORRADO;9 DE JULIO
E.E.S. ORIENTADA NRO 493;GATO COLORADO;9 DE JULIO
E.E.S. ORIENTADA NRO 494;SANTA MARGARITA;9 DE JULIO
E.E.S. ORIENTADA NRO 501;LOS SALADILLOS;9 DE JULIO
E.E.S. ORIENTADA NRO 522;SAN BERNARDO;9 DE JULIO
E.E.S.O. NRO 591;POZO BORRADO;9 DE JULIO
"E.E. TÉCNICO PROFESIONAL NRO 282 ""REGIMIENTO SEXTO DE CABALLERÍA DE LÍNEA""";TOSTADO;9 DE JULIO
"E.E. TÉCNICO PROFESIONAL Y SECUNDARIA ORIENTADA NRO 300 ""COLONIA GENERAL BELGRANO""";VILLA MINETTI;9 DE JULIO
GRADO RADIAL II-ESCUELA NOCTURNA NRO 49;TOSTADO;9 DE JULIO
GRADO RADIAL NRO I - ANEXO ESCUELA NOCTURNA NRO 49;POZO BORRADO;9 DE JULIO
ESCUELA NOCTURNA NRO 49;TOSTADO;9 DE JULIO
"E.E.M.P.A. NRO 1035 ""LOS PIONEROS""";TOSTADO;9 DE JULIO
E.E.M.P.A. NRO 1221;VILLA MINETTI;9 DE JULIO
E.E.M.P.A. NRO 1246;SANTA MARGARITA;9 DE JULIO
C.E.C.L.A. NRO 87;TOSTADO;9 DE JULIO
C.E.C.L.A. NRO 101;VILLA MINETTI;9 DE JULIO
C.E.P.A. NRO 01;LOGROÑO;9 DE JULIO
C.E.P.A. NRO 3;VILLA MINETTI;9 DE JULIO
CENTRO DE ALFABETIZACION NRO 31;TOSTADO;9 DE JULIO
CENTRO DE ALFABETIZACION NRO 32;TOSTADO;9 DE JULIO
CENTRO DE ALFABETIZACION NRO 33;TOSTADO;9 DE JULIO
CENTRO DE ALFABETIZACION NRO 34;TOSTADO;9 DE JULIO
CENTRO DE ALFABETIZACION NRO 38;GREGORIA PEREZ DE DENIS;9 DE JULIO
CENTRO DE ALFABETIZACION NRO 171;SANTA MARGARITA;9 DE JULIO
CENTRO DE ALFABETIZACION NRO 287;GATO COLORADO;9 DE JULIO
"I.S.P. NRO. 9 ""PROFESOR JOSE MARIA SCALENGHE""";TOSTADO;9 DE JULIO
"JARDIN DE INFANTES NRO 11 ""PRESBITERO CLAUDIO BIAGIONI""";VILLA ANA;GENERAL OBLIGADO
"NUCLEO II - JARDIN DE INFANTES NRO 39 ""MARIA MONTESSORI""";VERA;VERA
"NUCLEO I - JARDIN DE INFANTES NRO 39 ""MARIA MONTESSORI""";VERA;VERA
"JARDIN DE INFANTES NRO 39 ""MARIA MONTESSORI""";VERA;VERA
"NUCLEO III - JARDIN DE INFANTES NRO 60 ""GABRIELA MISTRAL""";CALCHAQUI;VERA
"NUCLEO II - JARDIN DE INFANTES NRO 60 ""GABRIELA MISTRAL""";CALCHAQUI;VERA
"NUCLEO I - JARDIN DE INFANTES NRO 60 ""GABRIELA MISTRAL""";CALCHAQUI;VERA
"JARDIN DE INFANTES NRO 60 ""GABRIELA MISTRAL""";CALCHAQUI;VERA
"JARDIN DE INFANTES NRO 61 ""CONRADO NALE ROXLO""";RECONQUISTA;GENERAL OBLIGADO
"NUCLEO II - JARDIN DE INFANTES NRO 78 ""JOSE MARIA DA SILVA""";VILLA OCAMPO;GENERAL OBLIGADO
"NUCLEO I - JARDIN DE INFANTES NRO 78 ""JOSE MARIA DA SILVA""";VILLA OCAMPO;GENERAL OBLIGADO
"JARDIN DE INFANTES NRO 78 ""JOSE MARIA DA SILVA""";VILLA OCAMPO;GENERAL OBLIGADO
"NUCLEO I - JARDIN DE INFANTES NRO 127 ""JUAN CHARA""";LAS TOSCAS;GENERAL OBLIGADO
"JARDIN DE INFANTES NRO 127 ""JUAN CHARA""";LAS TOSCAS;GENERAL OBLIGADO
"NUCLEO I - JARDIN DE INFANTES NRO 153 ""LAURA DEVETACH""";AVELLANEDA;GENERAL OBLIGADO
"JARDIN DE INFANTES NRO 153 ""LAURA DEVETACH""";AVELLANEDA;GENERAL OBLIGADO
"JARDIN DE INFANTES NRO 157 ""MERCEDES TOMASA DE SAN MARTIN""";RECONQUISTA;GENERAL OBLIGADO
JARDIN DE INFANTES NUCLEADO NRO 159 -N. INICIAL ESC. NRO 473;RECONQUISTA;GENERAL OBLIGADO
"JARDIN DE INFANTES NRO 159 ""ROSA FABRISSIN DE ARZAMENDIA""";RECONQUISTA;GENERAL OBLIGADO
"JARDIN DE INFANTES NRO 176 ""MARIA MONTESSORI""";ALEJANDRA;SAN JAVIER
"NUCLEO II - JARDIN DE INFANTES NRO 208 ""ALFONSINA STORNI""";VERA;VERA
"JARDIN DE INFANTES NRO 208 ""ALFONSINA STORNI""";VERA;VERA
"NUCLEO II-JARDIN DE INFANTES NRO 211 ""ROSARIO VERA PEÑALOZA""";MALABRIGO;GENERAL OBLIGADO
"NUCLEO I -JARDIN DE INFANTES NRO 211 ""ROSARIO VERA PEÑALOZA""";MALABRIGO;GENERAL OBLIGADO
"JARDIN DE INFANTES NRO 211 ""ROSARIO VERA PEÑALOZA""";MALABRIGO;GENERAL OBLIGADO
"NUCLEO II - JARDIN DE INFANTES NRO 212 ""CARLOS A. ZAMORA""";RECONQUISTA;GENERAL OBLIGADO
"NUCLEO I - JARDIN DE INFANTES NRO 212 ""CARLOS A. ZAMORA""";RECONQUISTA;GENERAL OBLIGADO
"JARDIN DE INFANTES NRO 212 ""CARLOS A. ZAMORA""";RECONQUISTA;GENERAL OBLIGADO
"NUCLEO II - JARDIN DE INFANTES NRO 213 ""28 DE MAYO""";RECONQUISTA;GENERAL OBLIGADO
"NUCLEO I - JARDIN DE INFANTES NRO 213 ""28 DE MAYO""";RECONQUISTA;GENERAL OBLIGADO
"JARDIN DE INFANTES NRO 213 ""28 DE MAYO""";RECONQUISTA;GENERAL OBLIGADO
"JARDIN DE INFANTES NRO 214 ""EL COSTERITO""";ROMANG;SAN JAVIER
"JARDIN DE INFANTES NRO 215 ""DOCTORA SARA FAISAL""";MARGARITA;VERA
"NUCLEO II-JARDIN DE INFANTES NRO 216 ""VICTORIA O COSSETTINI""";VERA;VERA
"JARDIN DE INFANTES NRO 216 ""VICTORIA OLGA COSSETTINI""";VERA;VERA
NUCLEO II - JARDIN DE INFANTES NRO 245;AVELLANEDA;GENERAL OBLIGADO
JARDIN DE INFANTES NRO 245;AVELLANEDA;GENERAL OBLIGADO
"JARDIN DE INFANTES NRO 273 ""Negpiolé""";SAN ANTONIO DE OBLIGADO;GENERAL OBLIGADO
NUCLEO I - JARDIN DE INFANTES NRO 292;RECONQUISTA;GENERAL OBLIGADO
"JARDIN DE INFANTES NRO 292 ""JUANITO LAGUNA""";RECONQUISTA;GENERAL OBLIGADO
"ESCUELA NRO 10 ""GRAL JOSE DE SAN MARTIN""";RECONQUISTA;GENERAL OBLIGADO
"ESCUELA NRO 62 ""SARGENTO BAUTISTA CABRAL""";CUATRO BOCAS;GENERAL OBLIGADO
"ESCUELA NRO 106 ""SARGENTO DOMINGO POUSTEAU""";COLONIA TERESA;SAN JAVIER
"ESCUELA NRO 138 ""BERNARDO HOUSSAY""";AVELLANEDA;GENERAL OBLIGADO
"ESCUELA NRO 192 ""SIMON DE IRIONDO""";MOUSSY;GENERAL OBLIGADO
"ESCUELA NRO 228 ""JORGE NEWBERY""";RECONQUISTA;GENERAL OBLIGADO
"ESCUELA NRO 318 ""BERNARDO O'HIGGINS""";CAMPO STANGAFERRO;GENERAL OBLIGADO
"ESCUELA NRO 371 ""MANUEL BELGRANO""";RECONQUISTA;GENERAL OBLIGADO
"ESCUELA NRO 377 ""MANUEL BELGRANO""";PUERTO RECONQUISTA;GENERAL OBLIGADO
"ESCUELA NRO 421 ""DOMINGO FAUSTINO SARMIENTO""";COLONIA ALEJANDRA;SAN JAVIER
"ESCUELA NRO 434 ""GABRIELA MISTRAL""";LOS JACINTOS;SAN JAVIER
"ESCUELA NRO 437 ""REGIMIENTO GRANADEROS A CABALLO""";CAMPO HUBER;SAN JAVIER
"ESCUELA NRO 438 ""JOAQUIN V. GONZALEZ""";ALEJANDRA;SAN JAVIER
"ESCUELA NRO 440 ""FLORENTINO AMEGHINO""";VERA;VERA
"ESCUELA NRO 441 ""GENERAL JOSE DE SAN MARTIN""";VERA;VERA
"ESCUELA NRO 442 ""MANUEL BELGRANO""";VERA;VERA
"ESCUELA NRO 443 ""PABLO PIZZURNO""";VERA;VERA
"ESCUELA NRO 445 ""REMEDIOS DE ESCALADA DE SAN MARTIN""";TOBA;VERA
"ESCUELA NRO 447 ""MARIA ELENA DE SAN MARTIN""";GARABATO;VERA
"ESCUELA NRO 448 ""BERNARDINO RIVADAVIA""";CALCHAQUI;VERA
"ESCUELA NRO 450 ""MANUEL OBLIGADO""";FLOR DE ORO;GENERAL OBLIGADO
"ESCUELA NRO 452 ""GENERAL JUAN GREGORIO LAS HERAS""";RECONQUISTA;GENERAL OBLIGADO
"ESCUELA NRO 453 ""OLEGARIO VICTOR ANDRADE""";LOS LAURELES;GENERAL OBLIGADO
"ESCUELA NRO 454 ""DOMINGO FAUSTINO SARMIENTO""";RECONQUISTA;GENERAL OBLIGADO
"ESCUELA NRO 457 ""GENERAL MANUEL BELGRANO""";CAMPO BARONI;VERA
"ESCUELA NRO 467 ""FLORENTINO AMEGHINO""";CAMPO BONAZOLA;GENERAL OBLIGADO
"ESCUELA NRO 468 ""DOCTOR BERNARDO VERA Y PINTADO""";LAS TOSCAS;GENERAL OBLIGADO
"ESCUELA NRO 469 ""BRIGADIER ESTANISLAO LOPEZ""";FLORENCIA;GENERAL OBLIGADO
"ESCUELA NRO 470 ""DOMINGO FAUSTINO SARMIENTO""";VILLA OCAMPO;GENERAL OBLIGADO
"ESCUELA NRO 472 ""BERNARDINO RIVADAVIA""";RECONQUISTA;GENERAL OBLIGADO
"ESCUELA NRO 473 ""MANUEL OBLIGADO""";RECONQUISTA;GENERAL OBLIGADO
"ESCUELA NRO 474 ""PABLO PIZZURNO""";RECONQUISTA;GENERAL OBLIGADO
"ESCUELA NRO 507 ""TENIENTE JOSE M. VILLANUEVA""";CAMPO SPERANZA;GENERAL OBLIGADO
"ESCUELA NRO 509 ""DOCTOR IGNACIO RODOLFO PIROVANO""";ESTANCIA SAN PEDRO;VERA
"ESCUELA NRO 510 ""GENERAL MANUEL OBLIGADO""";VILLA GUILLERMINA;GENERAL OBLIGADO
"ESCUELA NRO 511 ""CORONEL MARIANO VERA""";MALABRIGO;GENERAL OBLIGADO
"ESCUELA NRO 512 ""MARTIN MIGUEL DE GUEMES""";ARROYO CEIBAL;GENERAL OBLIGADO
"ESCUELA NRO 513 ""DOMINGO FAUSTINO SARMIENTO""";EL RABON;GENERAL OBLIGADO
"ESCUELA NRO 531 ""GENERAL MARIANO NECOCHEA""";ESTACION KILOMETRO 41;GENERAL OBLIGADO
"ESCUELA NRO 545 ""DOCTOR JOSE DE AMENABAR""";ROMANG;SAN JAVIER
"ESCUELA NRO 547 ""GENERAL SAN MARTIN""";CAMPO ALTHAUS;SAN JAVIER
"ESCUELA NRO 551 ""GENERAL JUAN LAVALLE""";LA RESERVA;GENERAL OBLIGADO
"ESCUELA NRO 552 ""PEDRO REGALADO PLAZA""";CAMPO REDONDO;GENERAL OBLIGADO
"ESCUELA NRO 556 ""BERNARDO O'HIGGINS""";MARGARITA;VERA
"ESCUELA NRO 566 ""JUSTO JOSE DE URQUIZA""";VILLA ANA;GENERAL OBLIGADO
"ESCUELA NRO 588 ""LANCEROS DEL SAUCE""";RECONQUISTA;GENERAL OBLIGADO
"ESCUELA NRO 597 ""PEDRO BONIFACIO PALACIOS""";RECONQUISTA;GENERAL OBLIGADO
"ESCUELA NRO 601 ""JOSE MATIAS ZAPIOLA""";CAMPO LA ROSARIO;VERA
"ESCUELA NRO 605 ""PAULA ALBARRACIN DE SARMIENTO""";CARAGUATAY;VERA
"ESCUELA NRO 686 ""GENERAL MANUEL BELGRANO""";VILLA ANA;GENERAL OBLIGADO
"ESCUELA NRO 725 ""DOCTOR JUAN GARCIA DEL RIO""";LA CIGÜEÑA;VERA
"ESCUELA NRO 741 ""GENERAL GERONIMO ESPEJO""";EL ARAZA;GENERAL OBLIGADO
"ESCUELA NRO 752 ""DOCTOR JOSE MANUEL ESTRADA""";TACUARENDI;GENERAL OBLIGADO
"ESCUELA NRO 765 ""LUCIANO F. MOLINAS""";NICANOR E. MOLINAS;GENERAL OBLIGADO
"ESCUELA NRO 834 ""VICENTE LOPEZ Y PLANES""";LAS AMINTAS;GENERAL OBLIGADO
"ESCUELA NRO 847 ""JOSE IGNACIO CENTENO""";LAS TOSCAS;GENERAL OBLIGADO
"ESCUELA NRO 848 ""DOMINGO FAUSTINO SARMIENTO""";RECONQUISTA;GENERAL OBLIGADO
"ESCUELA NRO 849 ""YAPEYU""";VILLA OCAMPO;GENERAL OBLIGADO
"ESCUELA NRO 858 ""MARIANO MORENO""";FORTIN OLMOS;VERA
"ESCUELA NRO 863 ""OBISPO JOSE EUSEBIO COLOMBRES""";VILLA GUILLERMINA;GENERAL OBLIGADO
"ESCUELA NRO 871 ""MARTIN MIGUEL DE GUEMES""";LOS TABANOS;VERA
"ESCUELA NRO 872 ""JUAN GREGORIO LAS HERAS""";DESVIO KM 213;VERA
"ESCUELA NRO 874 ""DOCTOR PEDRO GOYENA""";CAMPO FIANT;GENERAL OBLIGADO
"ESCUELA NRO 883 ""VUELTA DE OBLIGADO""";EL TAPIALITO;GENERAL OBLIGADO
"ESCUELA NRO 888 ""NIÑAS DE AYOHUMAS""";LA GALLARETA;VERA
"ESCUELA NRO 893 ""MARIANO MORENO""";RECONQUISTA;GENERAL OBLIGADO
"ESCUELA NRO 915 ""DOMINGO FAUSTINO SARMIENTO""";LOS CORRALITOS;SAN JAVIER
"ESCUELA NRO 916 ""GENERAL MANUEL BELGRANO""";CAMPO LEONHARDT;GENERAL OBLIGADO
"ESCUELA NRO 917 ""FRAY LUIS BELTRAN""";COLONIA LA CELIA;GENERAL OBLIGADO
"ESCUELA NRO 918 ""DOMINGO FAUSTINO SARMIENTO""";INGENIERO CHANOURDIE;GENERAL OBLIGADO
"ESCUELA NRO 928 ""BERNARDINO RIVADAVIA""";AVELLANEDA;GENERAL OBLIGADO
"ESCUELA NRO 935 ""AVELINO MENDOZA""";CAMPO MENDOZA;GENERAL OBLIGADO
"ESCUELA NRO 945 ""GENERAL JOSE DE SAN MARTIN""";KILOMETRO 71;VERA
"ESCUELA NRO 961 ""DOMINGO FAUSTINO SARMIENTO""";CAMPO HARDY;GENERAL OBLIGADO
"ESCUELA NRO 988 ""GENERAL JOSE DE SAN MARTIN""";PAJARO BLANCO;SAN JAVIER
"ESCUELA NRO 992 ""TAMBOR DE TACUARI""";CAMPO FANTIN;GENERAL OBLIGADO
"ESCUELA NRO 1009 ""FRANCISCO NARCISO LAPRIDA""";COLONIA LA MARIA;SAN JAVIER
"ESCUELA NRO 1010 ""JUSTO GERMAN BERMUDEZ""";EL GUSANO;SAN JAVIER
"ESCUELA NRO 1031 ""CORONEL VICENTE DUPUY""";KILOMETRO 320;VERA
"ESCUELA NRO 1042 ""MARIANO MORENO""";TRES BOCAS;GENERAL OBLIGADO
"ESCUELA NRO 1048 ""DOCTOR LUIS BENTOS""";KILOMETRO 115;VERA
"ESCUELA NRO 1050 ""BARTOLOME MITRE""";PARAJE 29;VERA
"ESCUELA NRO 1066 ""PABLO PIZZURNO""";COLONIA SAN MANUEL;GENERAL OBLIGADO
"ESCUELA NRO 1076 ""JOSE HERNANDEZ""";FORTIN CHILCAS;VERA
"ESCUELA NRO 1091 ""MARTIN MIGUEL DE GUEMES""";CAMPO SIETE PROVINCIAS;GENERAL OBLIGADO
"ESCUELA NRO 1092 ""11 DE SEPTIEMBRE""";CAMPO BELLO NORTE;GENERAL OBLIGADO
"ESCUELA NRO 1093 ""MARIANO MORENO""";COLONIA LAS GARCITAS;GENERAL OBLIGADO
"ESCUELA NRO 1094 ""JOSE HERNANDEZ""";NICANOR E. MOLINAS;GENERAL OBLIGADO
"ESCUELA NRO 1100 ""JOSE MANUEL ESTRADA""";ARROYO CEIBAL;GENERAL OBLIGADO
"ESCUELA NRO 1104 ""CORONEL JUAN RAMON ROJAS""";EL TAJAMAR;VERA
"ESCUELA NRO 1107 ""FRANCISCO CONTI""";VILLA OCAMPO;GENERAL OBLIGADO
"ESCUELA NRO 1122 ""MANUEL BELGRANO""";COSTA RICA;GENERAL OBLIGADO
"ESCUELA NRO 1124 ""FRAGATA A.R.A. LIBERTAD""";RECONQUISTA;GENERAL OBLIGADO
"ESCUELA NRO 1127 ""LOS SIETE JEFES""";EL EMPALME;GENERAL OBLIGADO
"ESCUELA NRO 1128 ""MARIANO MORENO""";LA SARITA;GENERAL OBLIGADO
"ESCUELA NRO 1153 ""FLORIAN PAUCKE""";ALEJANDRA;SAN JAVIER
"ESCUELA NRO 1168 ""GENERAL MANUEL OBLIGADO""";LA VERTIENTE;GENERAL OBLIGADO
"ESCUELA NRO 1174 ""BRIGADIER ESTANISLAO LOPEZ""";AVELLANEDA;GENERAL OBLIGADO
"ESCUELA NRO 1175 ""DOCTOR JOSE HIPOLITO UNANUE""";KILOMETRO 12;VERA
"ESCUELA NRO 1181 ""RENE EDUARDO MORZAN""";EL SOMBRERITO,ESTACION PAUL GROUSSAC;GENERAL OBLIGADO
"ESCUELA NRO 1193 ""BERNARDINO RIVADAVIA""";ESTANCIA EL ÑACURUTU;VERA
"ESCUELA NRO 1205 ""COMANDANTE LUIS PIEDRABUENA""";AVELLANEDA;GENERAL OBLIGADO
"ESCUELA NRO 1218 ""PEDRO DE VEGA""";LA HORTENSIA;GENERAL OBLIGADO
"ESCUELA NRO 1221 ""LA SOMBRILLA""";LOS AMORES;VERA
"ESCUELA NRO 1222 ""JUANA AZURDUY""";CAMPO GIAUQUE;VERA
"ESCUELA NRO 1228 ""MALVINAS ARGENTINAS""";LA POTASA;GENERAL OBLIGADO
"ESCUELA NRO 1236 ""ALAS ARGENTINAS""";RECONQUISTA;GENERAL OBLIGADO
ESCUELA NRO 1237 S/NOMBRE;ESTANCIA EL PELUDO;VERA
"ESCUELA NRO 1246 ""MARTHA ALCIRA SALOTTI""";RECONQUISTA;GENERAL OBLIGADO
ESCUELA NRO 1261 S/NOMBRE;RECONQUISTA;GENERAL OBLIGADO
"ESCUELA NRO 1288 ""FRAY ANTONIO ROSSI""";RECONQUISTA;GENERAL OBLIGADO
"ESCUELA NRO 1296 ""MAXIMO VICENTIN""";AVELLANEDA;GENERAL OBLIGADO
"ESCUELA NRO 1302 ""CONSCRIPTO NAVAL ALCIDES GOMEZ""";EL CERRITO;VERA
"ESCUELA NRO 1305 ""MARIA GALIBERT DE JOFFRE""";RECONQUISTA;GENERAL OBLIGADO
"ESCUELA NRO 1310 ""ESTEBAN LAUREANO MARADONA""";MARGARITA;VERA
"ESCUELA NRO 1312 ""HORACIO QUIROGA""";ISLA GUAYCURU;GENERAL OBLIGADO
"ESCUELA NRO 1320 ""CARLOS SILVESTRE BEGNIS""";LOTE 127;VERA
"ESCUELA NRO 1335 ""PROFESOR ALBERTO ROVEDA""";RECONQUISTA;GENERAL OBLIGADO
ESCUELA NRO 1349 S/NOMBRE;AVELLANEDA;GENERAL OBLIGADO
"ESCUELA NRO 1353 ""PUCARA""";RECONQUISTA;GENERAL OBLIGADO
"ESCUELA NRO 1354 ""CLAUDIO LEPRATTI""";RECONQUISTA;GENERAL OBLIGADO
"ESCUELA NRO 1362 ""SEGUMACHAIQUEN""";RECONQUISTA;GENERAL OBLIGADO
ESCUELA NRO 1378;CALCHAQUI;VERA
"ESCUELA NRO 1385 ""JUANA PAULA MANSO""";FLORENCIA;GENERAL OBLIGADO
"ESCUELA NRO 6001 ""DOCTOR ESTANISLAO ZEBALLOS""";LA GALLARETA;VERA
"ESCUELA NRO 6002 ""GENERAL JOSE DE SAN MARTIN""";VILLA GUILLERMINA;GENERAL OBLIGADO
"ESCUELA NRO 6009 ""MADAME CURIE""";TACUARENDI;GENERAL OBLIGADO
"ESCUELA NRO 6044 ""CIUDAD DE RECONQUISTA""";RECONQUISTA;GENERAL OBLIGADO
"ESCUELA NRO 6046 ""JUANA AZURDUY DE PADILLA""";LOS AMORES;VERA
"ESCUELA NRO 6047 ""JUAN BAUTISTA CABRAL""";CAÑADA OMBU;VERA
"ESCUELA NRO 6048 ""JUANA MANSO""";GOLONDRINA;VERA
"ESCUELA NRO 6049 ""TIERRA DEL FUEGO""";COLONIA EL YAGUARETE;GENERAL OBLIGADO
"ESCUELA NRO 6056 ""ROSARIO VERA PEÑALOZA""";VERA;VERA
"ESCUELA NRO 6064 ""PEDRO ZANNI""";LA GALLARETA;VERA
"ESCUELA NRO 6071 ""EDUARDO ALEJANDRO SIMEZ""";ARROYO CEIBAL;GENERAL OBLIGADO
"ESCUELA NRO 6072 ""HERBERT SPENCER""";TARTAGAL;VERA
"ESCUELA NRO 6074 ""JULIO BRUNO MIGNO PARERA""";LOS LAURELES;GENERAL OBLIGADO
"ESCUELA NRO 6077 ""JORGE NEWBERY""";VERA;VERA
"ESCUELA NRO 6088 ""SALVADOR CAPUTTO""";EL SOMBRERITO,ESTACION PAUL GROUSSAC;GENERAL OBLIGADO
"ESCUELA NRO 6092 ""MARTIN MIGUEL DE GÜEMES""";EL SOMBRERITO,ESTACION PAUL GROUSSAC;GENERAL OBLIGADO
"ESCUELA NRO 6094 ""GENERAL JUAN LAVALLE""";POZO DE LOS INDIOS;VERA
"ESCUELA NRO 6096 ""DOMINGO FAUSTINO SARMIENTO""";VILLA ANA;GENERAL OBLIGADO
"ESCUELA NRO 6104 ""PRESIDENTE AVELLANEDA""";AVELLANEDA;GENERAL OBLIGADO
"ESCUELA NRO 6105 ""MALVINAS ARGENTINAS""";LAS GARZAS;GENERAL OBLIGADO
"ESCUELA NRO 6106 ""RAFAEL OBLIGADO""";VILLA ADELA;GENERAL OBLIGADO
"ESCUELA NRO 6107 ""MISIONERO FRAY ERMETE CONSTANZI""";SAN ANTONIO DE OBLIGADO;GENERAL OBLIGADO
"ESCUELA NRO 6108 ""ROSARIO VERA PEÑALOZA""";ESTACION KILOMETRO 403;GENERAL OBLIGADO
"ESCUELA NRO 6110 ""CARLOS SAAVEDRA LAMAS""";VILLA OCAMPO;GENERAL OBLIGADO
"ESCUELA NRO 6111 ""MARTIN MIGUEL DE GUEMES""";LA LOLA;GENERAL OBLIGADO
"ESCUELA NRO 6112 ""MAESTRA APARICIA AGUIRRE""";MALABRIGO;GENERAL OBLIGADO
"ESCUELA NRO 6113 ""FEDERICO CARLOS SIGEL""";MALABRIGO;GENERAL OBLIGADO
"ESCUELA NRO 6114 ""GENERAL MANUEL OBLIGADO""";EL CARMEN DE AVELLANEDA;GENERAL OBLIGADO
"ESCUELA NRO 6116 ""REPUBLICA DE SUIZA""";BERNA;GENERAL OBLIGADO
"ESCUELA NRO 6117 ""REMEDIOS ESCALADA DE SAN MARTIN""";CALCHAQUI;VERA
"ESCUELA NRO 6120 ""GERONIMA DE CONTRERAS""";COLMENA;VERA
"ESCUELA NRO 6146 ""RASTREADOR FOURNIER""";AVELLANEDA;GENERAL OBLIGADO
"ESCUELA NRO 6147 ""COLONIZADORES DEL NORTE SANTAFESINO""";GUADALUPE NORTE;GENERAL OBLIGADO
"ESCUELA NRO 6148 ""JUAN JOSE PASO""";SANTA ANA;GENERAL OBLIGADO
"ESCUELA NRO 6173 ""MANUEL BELGRANO""";COLONIA DURAN;SAN JAVIER
"ESCUELA NRO 6175 ""AUGUSTO RAMSEYER""";CAMPO RAMSEYER;GENERAL OBLIGADO
"ESCUELA NRO 6176 ""HEROES DE MALVINAS""";INTIYACO;VERA
"ESCUELA NRO 6186 ""COLONIZADORES SUIZOS""";ROMANG;SAN JAVIER
"ESCUELA NRO 6187 ""VUELTA DE OBLIGADO""";COLONIA URDANIZ;GENERAL OBLIGADO
"ESCUELA NRO 6193 ""DOCTOR RENE GERONIMO FAVALORO""";VERA;VERA
"ESCUELA NRO 6195 ""SANTIAGO PETEAN""";VICTOR MANUEL 2;GENERAL OBLIGADO
"ESCUELA NRO 6205 ""ISLAS MALVINAS""";LA SARITA;GENERAL OBLIGADO
"ESCUELA NRO 6209 ""VICE COMODORO MARAMBIO""";EL TIMBO;GENERAL OBLIGADO
"ESCUELA NRO 6210 ""ALMIRANTE GUILLERMO BROWN""";ISLETA;GENERAL OBLIGADO
"ESCUELA NRO 6212 ""ESTEBAN LAUREANO MARADONA""";FORTIN OLMOS;VERA
"ESCUELA NRO 6215 ""ELISA FEVILLADES DE JOFFRE""";LANTERI;GENERAL OBLIGADO
"ESCUELA NRO 6227 ""TTE GENERAL JUAN CARLOS SANCHEZ""";ESTANCIA EL TOURNE;VERA
ESCUELA NRO 6235 SIN NOMBRE;EL 17;VERA
"ESCUELA NRO 6236 ""SAN JOSE DE CALASANZ""";VERA;VERA
"ESCUELA NRO 6240 ""LORENZO GERMAN VILLALBA""";COLONIA DURAN;SAN JAVIER
"ESCUELA NRO 6243 ""GUSTAVO MARTINEZ ZUVIRIA""";OGILVIE;VERA
"ESCUELA NRO 6247 ""SANTIAGO DERQUI""";TRES ISLETAS;GENERAL OBLIGADO
"ESCUELA NRO 6251 ""CONTRALMIRANTE MARTIN GUERRICO""";LA ESMERALDA;GENERAL OBLIGADO
"ESCUELA NRO 6254 ""GENERAL ENRIQUE MOSCONI""";CAMPO WINKLER;GENERAL OBLIGADO
"ESCUELA NRO 6258 ""DOMINGO FAUSTINO SARMIENTO""";LOS TABANOS;VERA
ESCUELA NRO 6260 S/NOMBRE;COLONIA SAN MANUEL;GENERAL OBLIGADO
"ESCUELA NRO 6263 ""ELINA JAGOU DE CARLEN""";KILOMETRO 302;VERA
"ESCUELA NRO 6267 ""LAS AMERICAS""";LA SELVA;GENERAL OBLIGADO
"ESCUELA NRO 6289 ""JUAN FABBRO""";LA DIAMELA;GENERAL OBLIGADO
"ESCUELA NRO 6311 ""EDUARDO SIVORI""";LOS LAPACHOS;GENERAL OBLIGADO
"ESCUELA NRO 6314 ""FRAY LUIS BELTRAN""";AVELLANEDA;GENERAL OBLIGADO
"ESCUELA NRO 6315 ""SANTIAGO DERQUI""";CAMPO BELLO SUR;GENERAL OBLIGADO
"ESCUELA NRO 6329 ""PEDRO BONIFACIO PALACIOS""";LAS GAMAS;VERA
"ESCUELA NRO 6330 ""CONTRALMIRANTE TIBURCIO ALDAO""";CAMPO PICCOLI;GENERAL OBLIGADO
"ESCUELA NRO 6338 ""MANUEL OCAMPO SAMANES""";VILLA OCAMPO;GENERAL OBLIGADO
"ESCUELA NRO 6352 ""JOSE HERNANDEZ""";CAMPO YACCUZZI;GENERAL OBLIGADO
"ESCUELA NRO 6353 ""MANUEL BELGRANO""";EL ÑANDUBAY;VERA
"ESCUELA NRO 6357 ""MARTIN FIERRO""";DESVIO KM 407;GENERAL OBLIGADO
"ESCUELA NRO 6364 ""CORONEL RAMON CASTILLA""";EL TAJAMAR;VERA
"ESCUELA NRO 6365 ""JOSE PEDRONI""";KILOMETRO 742;GENERAL OBLIGADO
"ESCUELA NRO 6374 ""DOCTOR LUIS AGOTE""";EL AROMAL;VERA
"ESCUELA NRO 6375 ""ISLAS MALVINAS""";FORTIN OLMOS;VERA
ESCUELA NRO 6376 SIN NOMBRE;ROMANG;SAN JAVIER
"ESCUELA NRO 6380 ""TENIENTE LUIS CANDELARIA""";RECONQUISTA;GENERAL OBLIGADO
ESCUELA NRO 6412 S/NOMBRE;COLONIA WINGEYER;SAN JAVIER
"ESCUELA NRO 6423 ""DOCTOR RICARDO GUTIERREZ""";LA GALLARETA;VERA
ESCUELA NRO 6425;CAMPO DEAN;VERA
"ESCUELA NRO 6428 ""CECILIA GRIERSON""";ESTANCIA LAS AVES;VERA
"ESCUELA NRO 6429 ""CELMIRA GONCEVAT DE CABRAL""";ESTANCIA LA VIRUELA;VERA
C.E.R. NRO 117;CAMPO ZAMO;VERA
"C.E.R. NRO 270 ""GENERAL JOSE DE SAN MARTIN""";GUAYCURU;VERA
"C.E.R. NRO 275 ""BRIGADIER ESTANISLAO LOPEZ""";COLONIA DOÑA MARIANA;VERA
"C.E.R. NRO 322 ""MARTIN MIGUEL DE GUEMES""";EL RICARDITO;GENERAL OBLIGADO
"C.E.R. NRO 349 ""ALBERT SCHWEITZER""";COLONIA LAS MARGARITAS;VERA
"C.E.R. NRO 350 ""COSME MARIANO ARGERICH""";LOS TABANOS;VERA
"C.E.R. NRO 353 ""SAN EUGENIO""";SAN EUGENIO;VERA
C.E.R. NRO 411 S/NOMBRE;LOS CUERVOS;SAN JAVIER
"C.E.R. NRO 439 ""JUANA AZURDUY""";CALCHAQUI;VERA
C.E.R. NRO 440;LA SARITA;GENERAL OBLIGADO
"C.E.R. NRO 472 ""JOSE HERNANDEZ""";CAMPO SAGER;GENERAL OBLIGADO
"C.E.R. NRO 474 ""INGENIERO ANTONIO ARCOS""";CAMPO BERLI;SAN JAVIER
"C.E.R. NRO 475 ""EJERCITO DE LOS ANDES""";LA VANGUARDIA;GENERAL OBLIGADO
"C.E.R. NRO 476 ""HILARIO ASCASUBI""";DESVIO KM 282;VERA
"C.E.R. NRO 499 ""GENERAL JOSE MARIA PEREZ DE URDINENEA""";LOTE 12;VERA
"C.E.R. NRO 505 ""MALVINAS ARGENTINAS""";LA GALLARETA;VERA
C.E.R. NRO 506;LA GALLARETA;VERA
C.E.R. NRO 507;FLORENCIA;GENERAL OBLIGADO
C.E.R. NRO 508 JUAN M. DE PUEYRREDÓN;MALABRIGO;GENERAL OBLIGADO
C.E.R. NRO 511;VERA;VERA
C.E.R. NRO 513;COLONIA DURAN;SAN JAVIER
"C.E.R. NRO 520""BRIGADIER ESTANISLAO LOPEZ""";ARROYO CEIBAL;GENERAL OBLIGADO
"C.E.R. NRO 525 ""JUAN BAITISTA ALBERDI""";INGENIERO CHANOURDIE;GENERAL OBLIGADO
"C.E.R. NRO 526 ""NUESTRA SEÑORA DE ITATI""";VERA;VERA
C.E.R. NRO 530;FLORENCIA;GENERAL OBLIGADO
"C.E.R. NRO 531 ""CARLOS MARIA DE ALVEAR""";MARGARITA;VERA
"C.E.R. NRO 534 ""PEDRO EDGARDO GIACHINO""";LA GALLARETA;VERA
"C.E.R. NRO 537 ""MARIANO BALCARCE""";KILOMETRO 109;VERA
C.E.R. NRO 544;NOGHE;GENERAL OBLIGADO
C.E.R. NRO 549;LA SARITA;GENERAL OBLIGADO
C.E.R. NRO 550;LAS TAPERITAS;GENERAL OBLIGADO
C.E.R. NRO 553;FORTIN OLMOS;VERA
C.E.R. NRO 555;MALABRIGO;GENERAL OBLIGADO
C.E.R. NRO 560;EL HISTORICO;VERA
C.E.R. NRO 561;COSTA DEL TOBA;SAN JAVIER
C.E.R. NRO 564;MARGARITA;VERA
C.E.R. NRO 565;COLONIA LOS GALPONES;VERA
C.E.R. NRO 568;COLONIA LA ANGELITA;VERA
C.E.R. NRO 572;VILLA OCAMPO;GENERAL OBLIGADO
C.E.R. NRO 573;VILLA GUILLERMINA;GENERAL OBLIGADO
C.E.R. NRO 574;LA GALLARETA;VERA
C.E.R. NRO 576;CAMPO EL PIAVE;GENERAL OBLIGADO
C.E.R. NRO 578;EL CEIBO;SAN JAVIER
C.E.R. NRO 582;EL SOMBRERITO,ESTACION PAUL GROUSSAC;GENERAL OBLIGADO
C.E.R. NRO 583;SANTA FELICIA;VERA
C.E.R. NRO 584;LA BRITANICA;GENERAL OBLIGADO
C.E.R. NRO 586;VILLA GUILLERMINA;GENERAL OBLIGADO
C.E.R. NRO 587;MONTENEGRO;VERA
C.E.R. NRO 597;LOTE 184;VERA
C.E.R. NRO 598;FORTIN ARENALES;GENERAL OBLIGADO
C.E.R. NRO 599;EL CAMPANAL;VERA
C.E.R. NRO 601;MARGARITA;VERA
C.E.R. NRO 602;AVELLANEDA;GENERAL OBLIGADO
C.E.R. NRO 603;LAS GARZAS;GENERAL OBLIGADO
C.E.R. NRO 604;ALEJANDRA;SAN JAVIER
C.E.R. NRO 605;LA GALLARETA;VERA
C.E.R. NRO 612;GUASUNCHO;GENERAL OBLIGADO
"ESCUELA ESPECIAL NRO 2033 ""MADRE TERESA""";RECONQUISTA;GENERAL OBLIGADO
ESCUELA ESPECIAL NRO 2034;VILLA OCAMPO;GENERAL OBLIGADO
"ESCUELA ESPECIAL NRO 2035 ""MARIO FERREYRA""";VERA;VERA
ESCUELA DE FORMACION LABORAL NRO 2060;AVELLANEDA;GENERAL OBLIGADO
ESCUELA ESPECIAL NRO 2061;AVELLANEDA;GENERAL OBLIGADO
"ESCUELA ESPECIAL NRO 2089 ""DR.DONALD WOODS WINNICOTT""";MALABRIGO;GENERAL OBLIGADO
"ESCUELA ESPECIAL NRO 2095 ""RUFINO DEL FABRO""";LAS TOSCAS;GENERAL OBLIGADO
"ESCUELA ESPECIAL NRO 2098 ""AZUCENA BARBARÁN ALVARADO""";FLORENCIA;GENERAL OBLIGADO
"ESCUELA ESPECIAL NRO 2106 ""DOCTOR LUIS MARCOS TISCORNIA""";CALCHAQUI;VERA
ESCUELA ESPECIAL PARA DISCAPACITADOS VISUALES NRO 2115;AVELLANEDA;GENERAL OBLIGADO
ESPECIAL DE FORMACION LABORAL NRO 2120;VERA;VERA
ESCUELA ESPECIAL PARA DISCAPACITADOS MENTALES NRO 2131;LANTERI;GENERAL OBLIGADO
CENTRO REGIONAL DE ESTIMULACION TEMPRANA NRO 2137;VERA;VERA
"TALLER DE EDUCACION MANUAL NRO 8 ""MALVINAS ARGENTINAS""";VERA;VERA
TALLER DE EDUCACION MANUAL NRO 25;LAS TOSCAS;GENERAL OBLIGADO
TALLER DE EDUCACION MANUAL NRO 27;ROMANG;SAN JAVIER
TALLER DE EDUCACION MANUAL NRO 28;VILLA OCAMPO;GENERAL OBLIGADO
TALLER DE EDUCACION MANUAL NRO 67;CALCHAQUI;VERA
TALLER DE EDUCACION MANUAL NRO 71;RECONQUISTA;GENERAL OBLIGADO
TALLER DE EDUCACION MANUAL NRO 119;VILLA GUILLERMINA;GENERAL OBLIGADO
"TALLER DE EDUCACION MANUAL NRO 121 ""PABLO PIZZURNO""";ALEJANDRA;SAN JAVIER
TALLER DE EDUCACION MANUAL NRO 172;RECONQUISTA;GENERAL OBLIGADO
CENTRO DE EDUCACION FISICA NRO 24;VERA;VERA
CENTRO DE EDUCACION FISICA NRO 31;RECONQUISTA;GENERAL OBLIGADO
CENTRO DE EDUCACION FISICA NRO 35;VILLA OCAMPO;GENERAL OBLIGADO
CENTRO DE EDUCACION FISICA NRO 47;CALCHAQUI;VERA
CENTRO DE EDUCACION FISICA NRO 51;AVELLANEDA;GENERAL OBLIGADO
CENTRO DE EDUCACION FISICA NRO 57;MALABRIGO;GENERAL OBLIGADO
N.R.E.S. ORIENTADA NRO 1312;POZO DE LOS INDIOS;VERA
N.R.E.S. ORIENTADA NRO 1502;GOLONDRINA;VERA
NUCLEO RURAL E.E.S. ORIENTADA NRO 503;LOS TABANOS;VERA
N.R.E.S. ORIENTADA NRO 1559;NICANOR E. MOLINAS;GENERAL OBLIGADO
N.R.E.S.ORIENTADA NRO 1576;LA SARITA;GENERAL OBLIGADO
N.R.E.S. ORIENTADA NRO 1577;PARAJE 29;VERA
N.R.E.S. ORIENTADA NRO 1578;INGENIERO CHANOURDIE;GENERAL OBLIGADO
N.R.E.S. ORIENTADA NRO 1579;CAMPO BELLO SUR;GENERAL OBLIGADO
N.R.E.S. ORIENTADA NRO 1580;COLONIA DURAN;SAN JAVIER
N.R.E.S. ORIENTADA NRO 1581;CAMPO HUBER;SAN JAVIER
N.R.E.S. ORIENTADA NRO 1642;COLONIA DOÑA MARIANA;VERA
N.R.E.S. NRO 1662;OBRAJE SAN JUAN;GENERAL OBLIGADO
N.R.E.S. ORIENTADA NRO 2314;LOS LAURELES;GENERAL OBLIGADO
N.R.E.S. ORIENTADA NRO 2363;CAMPO FIANT;GENERAL OBLIGADO
N.R.E.S. ORIENTADA NRO 2576;COLONIA SAN MANUEL;GENERAL OBLIGADO
N.R.E.S. ORIENTADA NRO 2577;ESTACION SANTA LUCIA;VERA
N.R.E.S. ORIENTADA NRO 2579;VILLA ADELA;GENERAL OBLIGADO
N.R.E.S. ORIENTADA NRO 3285;LAS GAMAS;VERA
N.R.E.S. ORIENTADA NRO 4314;RECONQUISTA;GENERAL OBLIGADO
N.R.E.S. ORIENTADA NRO 4334;LOS LAPACHOS;GENERAL OBLIGADO
"E.E.S. ORIENTADA NRO 203 ""JUAN BAUTISTA ALBERDI""";RECONQUISTA;GENERAL OBLIGADO
"E.E.S. ORIENTADA NRO 232 ""MARTÍN MIGUEL DE GÜEMES""";MALABRIGO;GENERAL OBLIGADO
"E.E.S. ORIENTADA NRO 233 ""JUAN OCTAVIO GAUNA""";CALCHAQUI;VERA
"E.E.S. ORIENTADA NRO 249 ""ALMIRANTE GUILLERMO BROWN""";ALEJANDRA;SAN JAVIER
"E.E.S. ORIENTADA NRO 259 ""JUAN VICENTE GIMENEZ""";VERA;VERA
"E.E.S. ORIENTADA NRO 267 ""TENIENTE DANIEL JUKIC""";FLORENCIA;GENERAL OBLIGADO
"E.E.S. ORIENTADA NRO 273 ""JUAN GALO DE LAVALLE""";VILLA ANA;GENERAL OBLIGADO
"E.E.S. ORIENTADA NRO 306 ""JOSE PEDRONI""";LANTERI;GENERAL OBLIGADO
"E.E.S. ORIENTADA NRO 312 ""JOSE MANUEL ESTRADA""";FORTIN OLMOS;VERA
"E.E.S. ORIENTADA NRO 316 ""JOSE MANUEL ESTRADA""";EL TAJAMAR;VERA
E.E.S. ORIENTADA NRO 334;ARROYO CEIBAL;GENERAL OBLIGADO
"E.E.S. ORIENTADA NRO 385 ""PROFESOR SUSANA A. MAGLIONE""";RECONQUISTA;GENERAL OBLIGADO
E.E.S. ORIENTADA NRO 502;INTIYACO;VERA
E.E.S. ORIENTADA NRO 503;CAÑADA OMBU;VERA
E.E.S. ORIENTADA NRO 520;AVELLANEDA;GENERAL OBLIGADO
E.E.S. ORIENTADA NRO 523;RECONQUISTA;GENERAL OBLIGADO
E.E.S. ORIENTADA NRO 524;RECONQUISTA;GENERAL OBLIGADO
E.E.S. ORIENTADA NRO 557;LAS GARZAS;GENERAL OBLIGADO
E.E.S. ORIENTADA NRO 558;PUERTO RECONQUISTA;GENERAL OBLIGADO
E.E.S. ORIENTADA NRO 559;EL ARAZA;GENERAL OBLIGADO
E.E.S. ORIENTADA NRO 560;LOS AMORES;VERA
"E.E.S. ORIENTADA NRO 561 ""ROGELIO PABLO BERRAUTE""";FLORENCIA;GENERAL OBLIGADO
E.E.S. ORIENTADA NRO 562;TACUARENDI;GENERAL OBLIGADO
E.E.S. ORIENTADA NRO 563;GARABATO;VERA
E.E.S. ORIENTADA NRO 576;MOUSSY;GENERAL OBLIGADO
E.E.S. ORIENTADA NRO 577;TOBA;VERA
E.E.S. ORIENTADA NRO 578;EL SOMBRERITO,ESTACION PAUL GROUSSAC;GENERAL OBLIGADO
E.E.S. ORIENTADA NRO 579;ISLETA;GENERAL OBLIGADO
E.E.S. ORIENTADA NRO 580;MARGARITA;VERA
E.E.S. ORIENTADA NRO 581;LOS JACINTOS;SAN JAVIER
E.E.S. ORIENTADA NRO 582;RECONQUISTA;GENERAL OBLIGADO
E.E.S. ORIENTADA NRO 583;SAN ANTONIO DE OBLIGADO;GENERAL OBLIGADO
E.E.S.O. NRO 592;AVELLANEDA;GENERAL OBLIGADO
E.E.S.O. NRO 593;RECONQUISTA;GENERAL OBLIGADO
E.E.S.O. NRO 594;BERNA;GENERAL OBLIGADO
E.E.S.O. NRO 617;COLONIA TERESA;SAN JAVIER
A.E.S. ORIENTADA NRO 1285;VERA;VERA
A.E.S. ORIENTADA NRO 1314;LOS LAURELES;GENERAL OBLIGADO
A.E.S. ORIENTADA NRO 1619;VILLA OCAMPO;GENERAL OBLIGADO
"A.E.S. ORIENTADA NRO 2203 ""JUAN BAUTISTA ALBERDI""";RECONQUISTA;GENERAL OBLIGADO
A.E.S. ORIENTADA NRO 2295;RECONQUISTA;GENERAL OBLIGADO
A.E.S. ORIENTADA NRO 3267;COLONIA URDANIZ;GENERAL OBLIGADO
A.E.S. ORIENTADA NRO 4267;FLORENCIA;GENERAL OBLIGADO
A.E.S. ORIENTADA NRO 4363;EL RABON;GENERAL OBLIGADO
"E.E. TÉCNICO PROFESIONAL NRO 285 ""DOMINGO CRESPO""";VERA;VERA
"E.E. TÉCNICO PROFESIONAL NRO 295 ""GENERAL MANUEL OBLIGADO""";LA POTASA;GENERAL OBLIGADO
"E.E. TÉCNICO PROFESIONAL NRO 296 ""8 DE SEPTIEMBRE""";LA GALLARETA;VERA
E.E. TÉCNICO PROFESIONAL Y SECUNDARIA ORIENTADA NRO 314;ROMANG;SAN JAVIER
E.E. TÉCNICO PROFESIONAL Y SECUNDARIA ORIENTADA NRO 363;LAS TOSCAS;GENERAL OBLIGADO
"E.E. TÉCNICO PROFESIONAL NRO 390 ""EMILIO LORENZO MASAT""";GUADALUPE NORTE;GENERAL OBLIGADO
"E.E. TÉCNICO PROFESIONAL NRO 619 ""PRESBITERO LUIS SPONTON""";VILLA OCAMPO;GENERAL OBLIGADO
"E.E. TÉCNICO PROFESIONAL NRO 634 ""YAPEYU""";RECONQUISTA;GENERAL OBLIGADO
"E.E. TÉCNICO PROFESIONAL NRO 642 ""MERCEDES SAN MARTIN DE BALCARCE""";CALCHAQUI;VERA
"E.E. TÉCNICO PROFESIONAL Y SECUNDARIA ORIENTADA NRO 662 ""JUAN BAUTISTA CABRAL""";VILLA GUILLERMINA;GENERAL OBLIGADO
A.E.S. ORIENTADA NRO 2451;AVELLANEDA;GENERAL OBLIGADO
A.E.S. ORIENTADA NRO 3451;AVELLANEDA;GENERAL OBLIGADO
E.E. TÉCNICO PROFESIONAL NRO 451;AVELLANEDA;GENERAL OBLIGADO
"E.E. TÉCNICO PROFESIONAL NRO 461 ""GENERAL JOSE DE SAN MARTÍN""";RECONQUISTA;GENERAL OBLIGADO
E.E. TÉCNICO PROFESIONAL NRO 462;RECONQUISTA;GENERAL OBLIGADO
E.E. TÉCNICO PROFESIONAL NRO 487;MALABRIGO;GENERAL OBLIGADO
"COLEGIO SUPERIOR NRO 42 ""DOCTOR AGUSTIN ROSSI""";VERA;VERA
ESCUELA SUPERIOR DE COMERCIO NRO 43;RECONQUISTA;GENERAL OBLIGADO
"CAMPAMENTO CULTURAL NRO 9001 ""CORAZON DE QUEBRACHO""";VILLA GUILLERMINA;GENERAL OBLIGADO
"I.S.F.D. EN ARTES NRO 5074 ""GENERAL MANUEL BELGRANO""";RECONQUISTA;GENERAL OBLIGADO
GRADO RADIAL II - ESCUELA NOCTURNA NRO 37;VILLA OCAMPO;GENERAL OBLIGADO
GRADO RADIAL I - ESCUELA NOCTURNA NRO 37;VILLA OCAMPO;GENERAL OBLIGADO
"ESCUELA NOCTURNA NRO 37 ""GRAL MANUEL BELGRANO""";VILLA OCAMPO;GENERAL OBLIGADO
"ESCUELA NOCTURNA NRO 50 ""ESTEBAN ECHEVERRIA""";RECONQUISTA;GENERAL OBLIGADO
GRADO RADIAL VII - ESCUELA NOCTURNA NRO 55;TARTAGAL;VERA
GRADO RADIAL VI-ESCUELA NOCTURNA NRO 55;COLONIA DURAN;SAN JAVIER
GRADO RADIAL V-ESCUELA NOCTURNA NRO 55;VERA;VERA
GRADO RADIAL IV-ESCUELA NOCTURNA NRO 55;VERA;VERA
GRADO RADIAL III-ESCUELA NOCTURNA NRO 55;VERA;VERA
GRADO RADIAL II-ESCUELA NOCTURNA NRO 55;VERA;VERA
GRADO RADIAL NRO I - ESCUELA NOCTURNA NRO 55;VERA;VERA
"ESCUELA NOCTURNA NRO 55 ""JUANA AZURDUY""";VERA;VERA
"E.E.P.N. NRO 62 ""MARIA DOMINGA ELIAS""";MALABRIGO;GENERAL OBLIGADO
"ESCUELA NOCTURNA NRO 69 ""BRIGADIER GENERAL ESTANISLAO LOPEZ""";LAS TOSCAS;GENERAL OBLIGADO
"ESCUELA NOCTURNA NRO 75 ""PAULA ALBARRACIN DE SARMIENTO""";VILLA GUILLERMINA;GENERAL OBLIGADO
GRADO RADIAL NRO II - ESCUELA NOCTURNA NRO 83;CALCHAQUI;VERA
"ESCUELA NOCTURNA NRO 83 ""ALFONSINA STORNI""";CALCHAQUI;VERA
GRADO RADIAL NRO I - ESCUELA NOCTURNA NRO 94;AVELLANEDA;GENERAL OBLIGADO
GRADO RADIAL NRO II - ESCUELA NOCTURNA NRO 94;AVELLANEDA;GENERAL OBLIGADO
"ESCUELA PRIMARIA NOCTURNA NRO 94 ""DR FRANCISCO L. INGARAMO""";AVELLANEDA;GENERAL OBLIGADO
"E.E.M.P.A. NRO 1020 ""SAN JERONIMO DEL REY""";RECONQUISTA;GENERAL OBLIGADO
E.E.M.P.A. NRO 1021;MALABRIGO;GENERAL OBLIGADO
"E.E.M.P.A. NRO 1022 ""PBRO. ANGEL TIBALDO""";VILLA OCAMPO;GENERAL OBLIGADO
"E.E.M.P.A. NRO 1023 ""SAN JOSE DE CALASANZ""";VILLA GUILLERMINA;GENERAL OBLIGADO
E.E.M.P.A. NRO 1049;VERA;VERA
E.E.M.P.A. NRO 1050;CALCHAQUI;VERA
E.E.M.P.A. NRO 1192;AVELLANEDA;GENERAL OBLIGADO
E.E.M.P.A. NRO 1272;TARTAGAL;VERA
E.E.M.P.A. NRO 1276;LA GALLARETA;VERA
"E.E.M.P.A. NRO 1280 ""NELLA DE BECHARA""";FLORENCIA;GENERAL OBLIGADO
"E.E.M.P.A. NRO 1282 ""IRMA SANTO FLEITAS DE GALIBERT""";VILLA ANA;GENERAL OBLIGADO
"E.E.M.P.A. NRO 1286 ""MARIANO SALTEÑO""";MARGARITA;VERA
E.E.M.P.A. NRO 1289;LAS TOSCAS;GENERAL OBLIGADO
"E.E.M.P.A. NRO 1291 ""GASTON GORI""";FORTIN OLMOS;VERA
E.E.M.P.A. NRO 1333;ALEJANDRA;SAN JAVIER
E.E.M.P.A NRO 1334;INTIYACO;VERA
ANEXO I - E.E.M.P.A. NRO 1020;RECONQUISTA;GENERAL OBLIGADO
"ANEXO II - E.E.M.P.A. NRO 1020 ""SAN JERONIMO DEL REY""";RECONQUISTA;GENERAL OBLIGADO
CE.C.LA. NRO 5;CALCHAQUI;VERA
CE.C.LA. NRO 6;CALCHAQUI;VERA
CE.C.LA. NRO 22;CALCHAQUI;VERA
C.E.C.LA. NRO 33;MALABRIGO;GENERAL OBLIGADO
C.E.C.LA. NRO 38;VILLA GUILLERMINA;GENERAL OBLIGADO
C.E.C.L.A. NRO 40;VERA;VERA
CENTRO DE CAPACITACION LABORAL NRO 48;LAS TOSCAS;GENERAL OBLIGADO
"C.E.C.L.A. NRO 70 ""MARTIN MIGUEL DE GUEMES""";CALCHAQUI;VERA
"C.E.P.A. NRO 05 ""MANUEL ROSELLI""";RECONQUISTA;GENERAL OBLIGADO
C.E.P.A. NRO 06;RECONQUISTA;GENERAL OBLIGADO
C.E.P.A. NRO 07;VILLA ANA;GENERAL OBLIGADO
C.E.P.A. NRO 9;VILLA OCAMPO;GENERAL OBLIGADO
C.E.P.A. NRO 65;VERA;VERA
C.E.P.A. NRO 78;CALCHAQUI;VERA
C.E.P.A. NRO 79;INTIYACO;VERA
C.E.P.A. NRO 83;FORTIN OLMOS;VERA
C.E.P.A. NRO 100;RECONQUISTA;GENERAL OBLIGADO
C.E.P.A. NRO 103;RECONQUISTA;GENERAL OBLIGADO
C.E.P.A. NRO 104;RECONQUISTA;GENERAL OBLIGADO
"C.E.P.A. NRO 116 ""ALBERTO GERMIGNANI""";ROMANG;SAN JAVIER
C.E.P.A. NRO 126;VERA;VERA
C.E.P.A. NRO 142;MARGARITA;VERA
C.E.P.A. NRO 158;LA GALLARETA;VERA
C.E.P.A. NRO 182;LOS LAURELES;GENERAL OBLIGADO
C.E.P.A. NRO 189;RECONQUISTA;GENERAL OBLIGADO
C.E.P.A. NRO 190;RECONQUISTA;GENERAL OBLIGADO
C.E.P.A. NRO 207;BERNA;GENERAL OBLIGADO
CENTRO DE ALFABETIZACION NRO 1;VERA;VERA
CENTRO DE ALFABETIZACION NRO 2;SANTA FELICIA;VERA
CENTRO DE ALFABETIZACION NRO 4;VERA;VERA
CENTRO DE ALFABETIZACION NRO 5;VERA;VERA
CENTRO DE ALFABETIZACION NRO 6;VERA;VERA
CENTRO DE ALFABETIZACION NRO 8;VILLA ADELA;GENERAL OBLIGADO
CENTRO DE ALFABETIZACION NRO 9;MARGARITA;VERA
CENTRO DE ALFABETIZACION NRO 11;RECONQUISTA;GENERAL OBLIGADO
CENTRO DE ALFABETIZACION NRO 12;VERA;VERA
CENTRO DE ALFABETIZACION NRO 14;VERA;VERA
CENTRO DE ALFABETIZACION NRO 17;AVELLANEDA;GENERAL OBLIGADO
CENTRO DE ALFABETIZACION NRO 18;RECONQUISTA;GENERAL OBLIGADO
CENTRO DE ALFABETIZACION NRO 21;RECONQUISTA;GENERAL OBLIGADO
CENTRO DE ALFABETIZACION NRO 22;LAS GARZAS;GENERAL OBLIGADO
CENTRO DE ALFABETIZACION NRO 23;EL SOMBRERITO,ESTACION PAUL GROUSSAC;GENERAL OBLIGADO
CENTRO DE ALFABETIZACION NRO 24;EL ARAZA;GENERAL OBLIGADO
CENTRO DE ALFABETIZACION NRO 25;FORTIN ARENALES;GENERAL OBLIGADO
CENTRO DE ALFABETIZACION NRO 26;LAS TOSCAS;GENERAL OBLIGADO
CENTRO DE ALFABETIZACION NRO 27;ALEJANDRA;SAN JAVIER
CENTRO DE ALFABETIZACION NRO 28;LA GALLARETA;VERA
CENTRO DE ALFABETIZACION NRO 29;GARABATO;VERA
CENTRO DE ALFABETIZACION NRO 36;LANTERI;GENERAL OBLIGADO
CENTRO DE ALFABETIZACION NRO 41;RECONQUISTA;GENERAL OBLIGADO
CENTRO DE ALFABETIZACION NRO 42;TACUARENDI;GENERAL OBLIGADO
CENTRO DE ALFABETIZACION NRO 43;RECONQUISTA;GENERAL OBLIGADO
CENTRO DE ALFABETIZACION NRO 45;RECONQUISTA;GENERAL OBLIGADO
CENTRO DE ALFABETIZACION NRO 46;RECONQUISTA;GENERAL OBLIGADO
CENTRO DE ALFABETIZACION NRO 47;ARROYO CEIBAL;GENERAL OBLIGADO
CENTRO DE ALFABETIZACION NRO 48;ROMANG;SAN JAVIER
CENTRO DE ALFABETIZACION NRO 49;MALABRIGO;GENERAL OBLIGADO
CENTRO DE ALFABETIZACION NRO 50;NICANOR E. MOLINAS;GENERAL OBLIGADO
CENTRO DE ALFABETIZACION NRO 52;VILLA ANA;GENERAL OBLIGADO
CENTRO DE ALFABETIZACION NRO 54;VILLA OCAMPO;GENERAL OBLIGADO
CENTRO DE ALFABETIZACION NRO 55;FLORENCIA;GENERAL OBLIGADO
CENTRO DE ALFABETIZACION NRO 56;FLORENCIA;GENERAL OBLIGADO
CENTRO DE ALFABETIZACION NRO 59;VILLA OCAMPO;GENERAL OBLIGADO
CENTRO DE ALFABETIZACION NRO 60;VILLA OCAMPO;GENERAL OBLIGADO
CENTRO DE ALFABETIZACION NRO 61;VILLA OCAMPO;GENERAL OBLIGADO
CENTRO DE ALFABETIZACION NRO 66;TACUARENDI;GENERAL OBLIGADO
CENTRO DE ALFABETIZACION NRO 68;AVELLANEDA;GENERAL OBLIGADO
CENTRO DE ALFABETIZACION NRO 69;VILLA ANA;GENERAL OBLIGADO
CENTRO DE ALFABETIZACION NRO 70;VILLA GUILLERMINA;GENERAL OBLIGADO
CENTRO DE ALFABETIZACION NRO 71;FLORENCIA;GENERAL OBLIGADO
CENTRO DE ALFABETIZACION NRO 72;GUADALUPE NORTE;GENERAL OBLIGADO
CENTRO DE ALFABETIZACION NRO 74;AVELLANEDA;GENERAL OBLIGADO
CENTRO DE ALFABETIZACION NRO 161;ROMANG;SAN JAVIER
CENTRO DE ALFABETIZACION NRO 162;AVELLANEDA;GENERAL OBLIGADO
CENTRO DE ALFABETIZACION NRO 163;VILLA OCAMPO;GENERAL OBLIGADO
CENTRO DE ALFABETIZACION NRO 170;BERNA;GENERAL OBLIGADO
CENTRO DE ALFABETIZACION NRO 178;CAMPO HARDY;GENERAL OBLIGADO
CENTRO DE ALFABETIZACION NRO 179;BERNA;GENERAL OBLIGADO
CENTRO DE ALFABETIZACION NRO 204;VILLA OCAMPO;GENERAL OBLIGADO
CENTRO DE ALFABETIZACION NRO 205;LA HORTENSIA;GENERAL OBLIGADO
CENTRO DE ALFABETIZACION NRO 206;VILLA OCAMPO;GENERAL OBLIGADO
CENTRO DE ALFABETIZACION NRO 214;ALEJANDRA;SAN JAVIER
CENTRO DE ALFABETIZACION NRO 242;ROMANG;SAN JAVIER
CENTRO DE ALFABETIZACION NRO 254;FLORENCIA;GENERAL OBLIGADO
CENTRO DE ALFABETIZACION NRO 255;FLORENCIA;GENERAL OBLIGADO
CENTRO DE ALFABETIZACION NRO 270;MALABRIGO;GENERAL OBLIGADO
CENTRO DE ALFABETIZACION NRO 282;RECONQUISTA;GENERAL OBLIGADO
CENTRO DE ALFABETIZACION NRO 284;SAN ANTONIO DE OBLIGADO;GENERAL OBLIGADO
CENTRO DE ALFABETIZACION NRO 286;CALCHAQUI;VERA
"CTRO.DE FORM.PROF. NRO 3 ""CRUCERO ARA GENERAL BELGRANO""";AVELLANEDA;GENERAL OBLIGADO
"INSTITUTO SUPERIOR PROFESORADO NRO 4 ""ANGEL CARCANO""";RECONQUISTA;GENERAL OBLIGADO
INSTITUTO SUPERIOR DE PROFESORADO NRO 63;LAS TOSCAS;GENERAL OBLIGADO
ANEXO CALCHAQUI NRO 4;CALCHAQUI;VERA
CTRO. DE PERF. Y ACTUAL. DOC. TEC. DEPORT. NRO 7231;RECONQUISTA;GENERAL OBLIGADO
COCINA CENTRALIZADA NRO 9602;RECONQUISTA;GENERAL OBLIGADO
COCINA CENTRALIZADA NRO 9604;VERA;VERA
COCINA CENTRALIZADA NRO 9607;AVELLANEDA;GENERAL OBLIGADO
ESCUELA SUPERIOR DE ENFERMERIA;RECONQUISTA;GENERAL OBLIGADO
"JARDIN DE INFANTES NRO 5 ""FEDERICO FROEBEL""";RAFAELA;CASTELLANOS
NUCLEO IV - JARDIN DE INFANTES NRO 36;FELICIA;LAS COLONIAS
NUCLEO III - JARDIN DE INFANTES NRO 36;FELICIA;LAS COLONIAS
"NUCLEO I -JARDIN DE INFANTES NRO 36 ""VICENTE MAQUEDA SALINA""";FELICIA;LAS COLONIAS
"JARDIN DE INFANTES NRO 36 ""MARISA IRENE HULSBERG""";FELICIA;LAS COLONIAS
"JARDIN DE INFANTES NRO 59 ""MA. PACIENCIA MARIETAN DE GRENON""";ESPERANZA;LAS COLONIAS
"JARDIN DE INFANTES NRO 70 ""MAXIMO MANETTI""";PILAR;LAS COLONIAS
"JARDIN DE INFANTES NRO 98 ""ESTEBAN LAUREANO MARADONA""";ESPERANZA;LAS COLONIAS
"JARDIN DE INFANTES NRO 102 ""ALFREDO WILLINER""";RAFAELA;CASTELLANOS
NUCLEO I - JARDIN DE INFANTES NRO 107;LOS SEMBRADOS;CASTELLANOS
"JARDIN DE INFANTES NRO 107 ""MARIA CONCEPCION PINCIROLI""";SAN VICENTE;CASTELLANOS
"JARDIN DE INFANTES NRO 118 ""MYRIAN HAYQUEL DE ANDRES""";SUNCHALES;CASTELLANOS
"NUCLEO II - JARDIN DE INFANTES NRO 124 ""MAURICIO FRANCK""";LAS TUNAS;LAS COLONIAS
"NUCLEO I - JARDIN DE INFANTES NRO 124 ""MAURICIO FRANCK""";COLONIA SAN JOSE;LAS COLONIAS
"JARDIN DE INFANTES NRO 124 ""MAURICIO FRANCK""";FRANK;LAS COLONIAS
"NUCLEO III - JARDIN DE INFANTES NRO 128 ""DRA. SARA FAISAL""";HUMBERTO PRIMO;CASTELLANOS
NUCLEO II - JARDIN DE INFANTES NRO 128;HUMBERTO PRIMO;CASTELLANOS
NUCLEO I - JARDIN DE INFANTES NRO 128;HUMBERTO PRIMO;CASTELLANOS
"JARDIN DE INFANTES NRO 128 ""DOCTORA SARA FAISAL""";HUMBERTO PRIMO;CASTELLANOS
NUCLEO II - JARDIN DE INFANTES NRO 147;ESPERANZA;LAS COLONIAS
"JARDIN DE INFANTES NRO 147 ""MA ESTER BOARETTI DE SANTANGELO""";ESPERANZA;LAS COLONIAS
NUCLEO II - JARDIN DE INFANTES NRO 152;RAFAELA;CASTELLANOS
NUCLEO I - JARDIN DE INFANTES NRO 152;RAFAELA;CASTELLANOS
"JARDIN DE INFANTES NRO 152 ""ALFONSINA STORNI""";RAFAELA;CASTELLANOS
NUCLEO II-JARDIN DE INFANTES NRO 154 MADRE TERESA DE CALCUTA;FRONTERA;CASTELLANOS
NUCLEO I -JARDIN DE INFANTES NRO 154 MADRE TERESA DE CALCUTA;JOSEFINA;CASTELLANOS
"JARDIN DE INFANTES NRO 154 ""MADRE TERESA DE CALCUTA""";FRONTERA;CASTELLANOS
NUCLEO IV - JARDIN DE INFANTES NRO 167;HUGENTOBLER;CASTELLANOS
NUCLEO III - JARDIN DE INFANTES NRO 167;FIDELA;CASTELLANOS
NUCLEO II - JARDIN DE INFANTES NRO 167;SUNCHALES;CASTELLANOS
NUCLEO I - JARDIN DE INFANTES NRO 167;COLONIA BIGAND;CASTELLANOS
"JARDIN DE INFANTES NRO 167 ""MARTHA ALCIRA SALOTTI""";COLONIA ALDAO;CASTELLANOS
"JARDIN DE INFANTES NRO 196 ""ROSARIO VERA PEÑALOZA""";RAFAELA;CASTELLANOS
"JARDIN DE INFANTES NRO 198 ""AURORA BORDA FREDES""";RAFAELA;CASTELLANOS
"JARDIN DE INFANTES NRO 217 ""OLGA COSSETTINI""";RAFAELA;CASTELLANOS
"JARDIN DE INFANTES NRO 218 ""M CRISTINA FARAUDELLO DE AIMINO""";RAFAELA;CASTELLANOS
"JARDIN DE INFANTES NRO 219 ""DOCTOR EDUARDO D'AGOSTINO""";RAFAELA;CASTELLANOS
"NUCLEO II-JARDIN DE INFANTES Nro 243 ""ADELAIDA M. DE MARTINEZ""";SARMIENTO;LAS COLONIAS
"NUCLEO I-JARDIN DE INFANTES NRO 243 ""ADELAIDA M.DE MARTINEZ""";SARMIENTO;LAS COLONIAS
"JARDIN DE INFANTES NRO 243 ""ADELAIDA M.S.DE MARTINEZ""";SARMIENTO;LAS COLONIAS
"NUCLEO V - JARDIN DE INFANTES NRO 267 ""JUAN FLORENTINO BASSO""";GALISTEO;CASTELLANOS
"NUCLEO III-JARDIN DE INFANTES NRO 267 ""JUAN FLORENTINO BASSO";LEHMANN;CASTELLANOS
"NUCLEO II-JARDIN DE INFANTES NRO 267 ""JUAN FLORENTINO BASSO""";LEHMANN;CASTELLANOS
"NUCLEO I -JARDIN DE INFANTES NRO 267 ""JUAN FLORENTINO BASSO""";ATALIVA;CASTELLANOS
"JARDIN DE INFANTES NRO 267 ""J. FLORENTINO BIENVENIDO BASSO""";LEHMANN;CASTELLANOS
NUCLEO VII - JARDIN DE INFANTES NRO 268;SAN ANTONIO;CASTELLANOS
"NUCLEO VI-JARDIN DE INFANTES NRO 268 ""MERCEDITAS DE SAN MARTIN""";CASTELLANO PLAZA;CASTELLANOS
NUCLEO V - JARDIN DE INFANTES NRO 268;BAUER Y SIGEL;CASTELLANOS
NUCLEO IV - JARDIN DE INFANTES NRO 268;VILA;CASTELLANOS
NUCLEO III - JARDIN DE INFANTES NRO 268;CORONEL FRAGA;CASTELLANOS
NUCLEO II - JARDIN DE INFANTES NRO 268;JOSEFINA;CASTELLANOS
NUCLEO I - JARDIN DE INFANTES NRO 268;CAMPO BORGARELLO;CASTELLANOS
"JARDIN DE INFANTES NRO 268 ""MERCEDITAS DE SAN MARTIN""";VILA;CASTELLANOS
"JARDIN DE INFANTES NRO 271 ""28 DE MAYO""";RAFAELA;CASTELLANOS
NUCLEO V - JARDIN DE INFANTES NRO 274;SUNCHALES;CASTELLANOS
NUCLEO IV - JARDIN DE INFANTES NRO 274;SUNCHALES;CASTELLANOS
NUCLEO III - JARDIN DE INFANTES NRO 274;CAMPO AMBROGGIO;CASTELLANOS
NUCLEO II - JARDIN DE INFANTES NRO 274;SUNCHALES;CASTELLANOS
NUCLEO I - JARDIN DE INFANTES NRO 274;SUNCHALES;CASTELLANOS
"JARDIN DE INFANTES NRO 274 ""MARÍA MONTESORI""";SUNCHALES;CASTELLANOS
NUCLEO IV - JARDIN DE INFANTES NRO 275;HUMBOLDT;LAS COLONIAS
NUCLEO III - JARDIN DE INFANTES NRO 275;CAVOUR;LAS COLONIAS
NUCLEO II - JARDIN DE INFANTES NRO 275;HUMBOLDT;LAS COLONIAS
NUCLEO I - JARDIN DE INFANTES NRO 275;HUMBOLDT;LAS COLONIAS
"JARDIN DE INFANTES NRO 275 ""LINA LUISA EGLI""";HUMBOLDT;LAS COLONIAS
"JARDIN DE INFANTES NRO 277 ""ISABEL HEER DE BEAUGE""";ESPERANZA;LAS COLONIAS
"JARDIN DE INFANTES NRO 291 ""Paso Vinal""";ESPERANZA;LAS COLONIAS
"JARDIN DE INFANTES NRO 300 ""MARÍA ELENA WALSH""";RAMONA;CASTELLANOS
"JARDIN DE INFANTES NRO 301 ""RENÉE LILIÁN MONTALBETTI""";ESPERANZA;LAS COLONIAS
JARDIN DE INFANTES NRO 308;CLUCELLAS;CASTELLANOS
"JARDIN DE INFANTES NRO 316 ""JOSÉ PEDRONI""";ESPERANZA;LAS COLONIAS
JARDIN DE INFANTES NRO 323;ESPERANZA;LAS COLONIAS
"JARDIN DE INFANTES NRO 324 ""MARIA ELENA WALSH""";RAFAELA;CASTELLANOS
JARDIN DE INFANTES NRO 336;RAFAELA;CASTELLANOS
"ESCUELA NRO 199 ""GENERAL JOSE DE SAN MARTIN""";ATALIVA;CASTELLANOS
"ESCUELA NRO 230 ""JOSE PEDRONI""";COLONIA PUJOL;LAS COLONIAS
"ESCUELA NRO 300 ""JOSE MARIA AGUIRRE""";ESPERANZA;LAS COLONIAS
"ESCUELA NRO 312 ""FRAY JUSTO SANTA MARIA DE ORO""";EMPALME SAN CARLOS;LAS COLONIAS
"ESCUELA NRO 313 ""MERCEDES DE SAN MARTIN""";LARRECHEA ESTE;LAS COLONIAS
"ESCUELA NRO 314 ""JOSE DE SAN MARTIN""";ESPERANZA;LAS COLONIAS
"ESCUELA NRO 315 ""AARON CASTELLANOS""";ESPERANZA;LAS COLONIAS
"ESCUELA NRO 316 ""GUILLERMO LEHMANN""";ESPERANZA;LAS COLONIAS
"ESCUELA NRO 317 ""BERNARDO ITURRASPE""";ESPERANZA;LAS COLONIAS
"ESCUELA NRO 319 ""MERCEDES DE IRIONDO""";ESPERANZA;LAS COLONIAS
"ESCUELA NRO 320 ""JOSE ALVAREZ DE ARENALES""";ESPERANZA;LAS COLONIAS
"ESCUELA NRO 321 ""JOAQUIN V. GONZALEZ""";FRANK;LAS COLONIAS
"ESCUELA NRO 322 ""RODOLFO B. LEHMANN""";LAS TUNAS;LAS COLONIAS
"ESCUELA NRO 328 ""LIBERTADOR GENERAL SAN MARTIN""";HUMBOLDT;LAS COLONIAS
"ESCUELA NRO 330 ""DOMINGO FAUSTINO SARMIENTO""";CAVOUR;LAS COLONIAS
"ESCUELA NRO 331 ""DOMINGO FAUSTINO SARMIENTO""";HUMBOLDT;LAS COLONIAS
"ESCUELA NRO 332 ""PATRICIAS ARGENTINAS""";PILAR;LAS COLONIAS
"ESCUELA NRO 335 ""MARIANO MORENO""";COLONIA NUEVA NORTE;LAS COLONIAS
"ESCUELA NRO 336 ""JOSE DE SAN MARTIN""";NUEVO TORINO;LAS COLONIAS
"ESCUELA NRO 337 ""JOSE MANUEL ESTRADA""";FELICIA;LAS COLONIAS
"ESCUELA NRO 338 ""MERCEDITAS DE SAN MARTIN""";GRUTLY;LAS COLONIAS
"ESCUELA NRO 339 ""BERNARDINO RIVADAVIA""";COLONIA RIVADAVIA;LAS COLONIAS
"ESCUELA NRO 340 ""FRAY LUIS BELTRAN""";GRUTLY NORTE;LAS COLONIAS
"ESCUELA NRO 343 ""DOMINGO FAUSTINO SARMIENTO""";SARMIENTO;LAS COLONIAS
"ESCUELA NRO 344 ""BERNARDINO RIVADAVIA""";SOUTOMAYOR;LAS COLONIAS
"ESCUELA NRO 350 ""PROFESOR JOSE BASUALDO""";PUJATO NORTE;LAS COLONIAS
"ESCUELA NRO 372 ""CORONEL JUAN PASCUAL PRINGLES""";LOS SEMBRADOS;CASTELLANOS
"ESCUELA NRO 373 ""CORONEL JOSE MARIA AGUIRRE""";RAFAELA;CASTELLANOS
"ESCUELA NRO 374 ""DOMINGO FAUSTINO SARMIENTO""";LEHMANN;CASTELLANOS
"ESCUELA NRO 375 ""JUSTO JOSE DE URQUIZA""";ATALIVA;CASTELLANOS
"ESCUELA NRO 376 ""DOMINGO FAUSTINO SARMIENTO""";AURELIA;CASTELLANOS
"ESCUELA NRO 378 ""GENERAL SAN MARTIN""";LEHMANN;CASTELLANOS
"ESCUELA NRO 379 ""FLORENTINO AMEGHINO""";SUNCHALES;CASTELLANOS
"ESCUELA NRO 380 ""BARTOLOME MITRE""";COLONIA ALDAO;CASTELLANOS
"ESCUELA NRO 381 ""JOAQUIN V. GONZALEZ""";EUSEBIA Y CAROLINA;CASTELLANOS
"ESCUELA NRO 382 ""DOMINGO FAUSTINO SARMIENTO""";RAMONA;CASTELLANOS
"ESCUELA NRO 384 ""BARTOLOME MITRE""";CORONEL FRAGA;CASTELLANOS
"ESCUELA NRO 385 ""DOMINGO FAUSTINO SARMIENTO""";VILA;CASTELLANOS
"ESCUELA NRO 386 ""DOMINGO FAUSTINO SARMIENTO""";PRESIDENTE ROCA;CASTELLANOS
"ESCUELA NRO 387 ""GENERAL GERONIMO ESPEJO""";PRESIDENTE ROCA;CASTELLANOS
"ESCUELA NRO 388 ""CORNELIO SAAVEDRA""";BAUER Y SIGEL;CASTELLANOS
"ESCUELA NRO 389 ""GENERAL SAN MARTIN""";SAGUIER;CASTELLANOS
"ESCUELA NRO 390 ""GENERAL JOSE DE SAN MARTIN""";SANTA CLARA DE SAGUIER;CASTELLANOS
"ESCUELA NRO 394 ""FLORENTINO AMEGHINO""";JOSEFINA;CASTELLANOS
"ESCUELA NRO 401 ""JUAN BAUTISTA ALBERDI""";SAN VICENTE;CASTELLANOS
"ESCUELA NRO 402 ""INGENIERO ALVAREZ CONDARCO""";ANGELICA;CASTELLANOS
"ESCUELA NRO 404 ""DOMINGO FAUSTINO SARMIENTO""";CLUCELLAS;CASTELLANOS
"ESCUELA NRO 405 ""JOAQUIN PRIETO""";COLONIA ITURRASPE;CASTELLANOS
"ESCUELA NRO 406 ""DOCTOR SIMON DE IRIONDO""";SUSANA;CASTELLANOS
"ESCUELA NRO 458 ""DOMINGO FAUSTINO SARMIENTO""";VIRGINIA;CASTELLANOS
"ESCUELA NRO 464 ""ESTANISLAO ZEBALLOS""";HUMBERTO PRIMO;CASTELLANOS
"ESCUELA NRO 475 ""BERNARDINO RIVADAVIA""";RAFAELA;CASTELLANOS
"ESCUELA NRO 476 ""JUAN BAUTISTA ALBERDI""";RAFAELA;CASTELLANOS
"ESCUELA NRO 477 ""DOMINGO FAUSTINO SARMIENTO""";RAFAELA;CASTELLANOS
"ESCUELA NRO 478 ""VILLA ROSAS""";RAFAELA;CASTELLANOS
"ESCUELA NRO 479 ""CRISTOBAL COLON""";RAFAELA;CASTELLANOS
"ESCUELA NRO 480 ""MARIANO MORENO""";RAFAELA;CASTELLANOS
"ESCUELA NRO 481 ""BARTOLOME MITRE""";RAFAELA;CASTELLANOS
"ESCUELA NRO 482 ""MANUEL BELGRANO""";RAFAELA;CASTELLANOS
"ESCUELA NRO 506 ""FRAY MAMERTO ESQUIU""";NUEVO TORINO;LAS COLONIAS
"ESCUELA NRO 508 ""MARTIN MIGUEL DE GUEMES""";FIDELA;CASTELLANOS
"ESCUELA NRO 522 ""MIGUEL ESTANISLAO SOLER""";CAMPO LA TERESITA;LAS COLONIAS
"ESCUELA NRO 530 ""GENERAL DON JOSE DE SAN MARTIN""";HUMBERTO PRIMO;CASTELLANOS
"ESCUELA NRO 535 ""DOMINGO FAUSTINO SARMIENTO""";RIVADAVIA;LAS COLONIAS
"ESCUELA NRO 573 ""DOMINGO FAUSTINO SARMIENTO""";BELLA ITALIA;CASTELLANOS
"ESCUELA NRO 622 ""EJERCITO DE LOS ANDES""";ESPERANZA;LAS COLONIAS
"ESCUELA NRO 625 ""DOMINGO FAUSTINO SARMIENTO""";BELLA ITALIA;CASTELLANOS
"ESCUELA NRO 626 ""DOCTOR NICOLAS AVELLANEDA""";CAMPO AMBROGGIO;CASTELLANOS
"ESCUELA NRO 638 ""DON JOSE DE SAN MARTIN""";CASTELLANO PLAZA;CASTELLANOS
"ESCUELA NRO 650 ""SIMON DE IRIONDO""";COLONIA ITURRASPE;CASTELLANOS
"ESCUELA NRO 652 ""VILLA PODIO""";RAFAELA;CASTELLANOS
"ESCUELA NRO 654 ""JOAQUIN VICTOR GONZALEZ""";TACURAL;CASTELLANOS
"ESCUELA NRO 689 ""AARON CASTELLANOS""";COLONIA LARRECHEA;LAS COLONIAS
"ESCUELA NRO 710 ""DOCTOR DIEGO PAROISSIEN""";HUMBOLDT;LAS COLONIAS
"ESCUELA NRO 767 ""DOMINGO FAUSTINO SARMIENTO""";EGUSQUIZA;CASTELLANOS
"ESCUELA NRO 804 ""GENERAL SAN MARTIN""";VILA;CASTELLANOS
"ESCUELA NRO 806 ""GENERAL SAN MARTIN""";SUNCHALES;CASTELLANOS
"ESCUELA NRO 808 ""DOMINGO FAUSTINO SARMIENTO""";TACURALES;CASTELLANOS
"ESCUELA NRO 851 ""ANGELA DE LA CASA""";RAFAELA;CASTELLANOS
"ESCUELA NRO 860 ""DOMINGO FAUSTINO SARMIENTO""";COLONIA SAN JOSE;LAS COLONIAS
"ESCUELA NRO 886 ""BRIGADIER GENERAL ESTANISLAO LOPEZ""";RAFAELA;CASTELLANOS
"ESCUELA NRO 900 ""AÑO DEL LIBERTADOR GENERAL SAN MARTIN""";VILLA SAN JOSE;CASTELLANOS
"ESCUELA NRO 901 ""GENERAL SAN MARTIN""";COLONIA LA MANUELITA;CASTELLANOS
"ESCUELA NRO 905 ""DOMINGO FAUSTINO SARMIENTO""";CAMPO GIACOSSA;CASTELLANOS
"ESCUELA NRO 944 ""FRANCISCO NARCISO LAPRIDA""";COLONIA LA RINCONADA;LAS COLONIAS
"ESCUELA NRO 946 ""CARLOS MARIA DE ALVEAR""";ITUZAINGO;LAS COLONIAS
"ESCUELA NRO 962 ""DOMINGO FAUSTINO SARMIENTO""";TRES COLONIAS MAHUA;CASTELLANOS
"ESCUELA NRO 990 ""MANUEL BELGRANO""";JOSEFINA;CASTELLANOS
"ESCUELA NRO 1003 ""REMEDIOS ESCALADA DE SAN MARTIN""";SUSANA;CASTELLANOS
"ESCUELA NRO 1041 ""JOSE ANTONIO ALVAREZ CONDARCO""";COLONIA BIGAND;CASTELLANOS
"ESCUELA NRO 1075 ""CENTENARIO DE LA COLONIZACION""";ESPERANZA;LAS COLONIAS
"ESCUELA NRO 1136 ""PAUL HARRIS""";RAFAELA;CASTELLANOS
"ESCUELA NRO 1186 ""LISANDRO DE LA TORRE""";RAFAELA;CASTELLANOS
"ESCUELA NRO 1192 ""FORTIN DE SUNCHALES""";SUNCHALES;CASTELLANOS
"ESCUELA NRO 1212 ""PIONEROS DE ROCHDALE""";SUNCHALES;CASTELLANOS
"ESCUELA NRO 1213 ""COMUNIDAD ORGANIZADA""";SUNCHALES;CASTELLANOS
"ESCUELA NRO 1247 ""CENTENARIO DE RAFAELA""";RAFAELA;CASTELLANOS
"ESCUELA NRO 1264 ""MALVINAS ARGENTINAS""";JOSEFINA;CASTELLANOS
"ESCUELA NRO 1287 ""JUAN DOMINGO PERON""";RAFAELA;CASTELLANOS
"ESCUELA NRO 1304 ""VICENTE LOPEZ Y PLANES""";CAMPO RUBIOLO;CASTELLANOS
"ESCUELA NRO 1306 ""GENERAL MANUEL BELGRANO""";BAUER Y SIGEL;CASTELLANOS
"ESCUELA NRO 1316 ""DON TOMAS""";RAFAELA;CASTELLANOS
"ESCUELA NRO 1343 ""AMANCAY""";RAFAELA;CASTELLANOS
"ESCUELA NRO 1351 ""MADRE TERESA DE CALCUTA""";RAFAELA;CASTELLANOS
"ESCUELA NRO 1352 ""DOCTOR RENÉ FAVALORO""";ESPERANZA;LAS COLONIAS
"ESCUELA NRO 1355 ""VICENTA MAQUEDA DE SALINAS""";FELICIA;LAS COLONIAS
"ESCUELA NRO 1359 ""JUAN BAUTISTA LANGUIER""";RAFAELA;CASTELLANOS
"ESCUELA NRO 1361 ""ANGELA PERALTA PINO""";RAFAELA;CASTELLANOS
"ESCUELA NRO 1368 ""MAESTRO GREGORIO DONNET""";ESPERANZA;LAS COLONIAS
"ESCUELA NRO 1370 ""JOSE MARIA RAMOS MEJIA""";CAMPO LA NIEVA;CASTELLANOS
"ESCUELA NRO 1382 ""ARMANDO JOSÉ MARIA WILLINER""";BELLA ITALIA;CASTELLANOS
"ESCUELA NRO 1393 ""JOSÉ PEDRONI""";RAFAELA;CASTELLANOS
ESCUELA PRIMARIA NRO 1401;RAFAELA;CASTELLANOS
"ESCUELA NRO 6011 ""HILARIO ASCASUBI""";SAN ANTONIO;CASTELLANOS
"ESCUELA NRO 6021 ""GENERAL JOSE DE SAN MARTIN""";PUEBLO MARINI;CASTELLANOS
"ESCUELA NRO 6023 ""EJERCITO ARGENTINO""";SAGUIER;CASTELLANOS
"ESCUELA NRO 6037 ""JUSTO JOSE DE URQUIZA""";HUMBOLDT;LAS COLONIAS
"ESCUELA NRO 6073 ""DOCTOR RAFAEL BIELSA""";RINCON DEL PINTADO;LAS COLONIAS
"ESCUELA NRO 6080 ""GUILLERMO LEHMANN""";EGUSQUIZA;CASTELLANOS
"ESCUELA NRO 6082 ""GENERAL MARTIN MIGUEL DE GUEMES""";COLONIA BICHA;CASTELLANOS
"ESCUELA NRO 6083 ""JUAN XXIII""";JOSE M. ESTRADA;CASTELLANOS
"ESCUELA NRO 6100 ""DOMINGO FAUSTINO SARMIENTO""";FELICIA;LAS COLONIAS
"ESCUELA NRO 6145 ""EVARISTO CARRIEGO""";COLONIA RAQUEL;CASTELLANOS
"ESCUELA NRO 6162 ""DEMETRIO ITURRASPE RODRIGUEZ""";GALISTEO;CASTELLANOS
"ESCUELA NRO 6169 ""GENERAL MANUEL NICOLAS SAVIO""";SUNCHALES;CASTELLANOS
"ESCUELA NRO 6183 ""GUILLERMO LEHMANN""";GRUTLY NORTE;LAS COLONIAS
"ESCUELA NRO 6190 ""DOCTOR ANGEL GALLARDO""";COLONIA CELLO;CASTELLANOS
"ESCUELA NRO 6203 ""JUAN BAUTISTA ALBERDI""";FELICIA;LAS COLONIAS
"ESCUELA NRO 6217 ""FRAGATA LIBERTAD""";GALISTEO;CASTELLANOS
"ESCUELA NRO 6231 ""PRILIDIANO PUEYRREDON""";HUMBERTO PRIMO;CASTELLANOS
"ESCUELA NRO 6241 ""ANTONIO LUIS BERUTTI""";TACURALES;CASTELLANOS
"ESCUELA NRO 6387 ""TOMAS ALVA EDISON""";HUMBERTO PRIMO;CASTELLANOS
"ESCUELA NRO 6388 ""JUAN B.V. MITRI""";SUNCHALES;CASTELLANOS
"ESCUELA NRO 6393 ""PABLO PIZZURNO""";RAFAELA;CASTELLANOS
"ESCUELA NRO 6401 ""JORGE NEWBERY""";ESPERANZA;LAS COLONIAS
"ESCUELA NRO 6402 ""BLAS PARERA""";SAN VICENTE;CASTELLANOS
"ESCUELA NRO 6403 ""CAPITAN DE FRAGATA ING. CARLOS M. GADDA""";ESPERANZA;LAS COLONIAS
"ESCUELA NRO 6405 ""GABRIELA MISTRAL""";RAFAELA;CASTELLANOS
"C.E.R. NRO 8 ""COMBATE DE SAN LORENZO""";GRUTLY;LAS COLONIAS
C.E.R. NRO 9 S/NOMBRE;LA RAMADA;LAS COLONIAS
"C.E.R. NRO 19 ""LOS GAUCHOS DE GUEMES""";CAMPO MORELLO;CASTELLANOS
"C.E.R. NRO 103 ""JOSE HERNANDEZ""";COLONIA CELLO;CASTELLANOS
"C.E.R. NRO 234 ""FRAY JUSTO SANTA MARIA DE ORO""";CAMPO RIVAROSSA;CASTELLANOS
"C.E.R. NRO 286 ""MARIANO MORENO""";SAN ANTONIO;CASTELLANOS
"C.E.R. NRO 315 ""RODOLFO FREYRE""";ANGELICA;CASTELLANOS
"C.E.R. NRO 323 ""GENERAL MANUEL BELGRANO""";CAMPO BAUDINO;CASTELLANOS
"C.E.R. NRO 338 ""MARIANO MORENO""";FELICIA;LAS COLONIAS
"C.E.R. NRO 339 ""PATRICIAS ARGENTINAS""";SARMIENTO;LAS COLONIAS
"C.E.R. NRO 404 ""GENERAL SAN MARTIN""";CAMPO BORGARELLO;CASTELLANOS
"C.E.R. NRO 433 ""GENERAL MANUEL BELGRANO""";HUMBERTO PRIMO;CASTELLANOS
"C.E.R. NRO 468 ""BERNARDO O HIGGINS""";HUMBERTO PRIMO;CASTELLANOS
"C.E.R. NRO 469 ""DON JOSE DE SAN MARTIN""";AURELIA NORTE;CASTELLANOS
"C.E.R. NRO 470 ""DOCTOR RAFAEL BIELSA""";CAVOUR;LAS COLONIAS
"C.E.R. NRO 497 ""MANUEL BELGRANO""";HUGENTOBLER;CASTELLANOS
"C.E.R. NRO 540 ""ISABEL LA CATOLICA""";HUMBOLDT;LAS COLONIAS
C.E.R. NRO 541 GREGORIA MATORRAS DE SAN MARTIN;CULULU;LAS COLONIAS
"ESCUELA ESPECIAL NRO 2027 ""MELVIN JONES""";RAFAELA;CASTELLANOS
"ESCUELA ESPECIAL 2030 ""SURCOS DE ESPERANZA""";ESPERANZA;LAS COLONIAS
"ESCUELA ESPECIAL NRO 2054 ""ALAS PARA LA VIDA""";SUNCHALES;CASTELLANOS
ESCUELA ESPECIAL NRO 2073;SAN VICENTE;CASTELLANOS
ESCUELA ESPECIAL NRO 2079 DISCAPACITADOS AUDITIVOS;RAFAELA;CASTELLANOS
ESCUELA ESPECIAL DE FORMACION LABORAL NRO 2082;RAFAELA;CASTELLANOS
ESCUELA ESPECIAL DE FORMACION LABORAL NRO 2094;ESPERANZA;LAS COLONIAS
"ESC.ESP.PARA DISC.VISUALES 2107 ""PROFESORA SUSANA CRESPO""";RAFAELA;CASTELLANOS
ESCUELA ESPECIAL PARA DISCAPACITADOS MENTALES NRO 2128;HUMBERTO PRIMO;CASTELLANOS
ESCUELA ESPECIAL DE DISCAPACITADOS MENTALES NRO 2129;RAFAELA;CASTELLANOS
"TALLER DE EDUCACION MANUAL NRO 3 ""ESTEBAN E. HOURIET""";ESPERANZA;LAS COLONIAS
TALLER DE EDUCACION MANUAL NRO 6;PILAR;LAS COLONIAS
TALLER DE EDUCACION MANUAL NRO 12;SUNCHALES;CASTELLANOS
"TALLER DE EDUCACION MANUAL NRO 70 ""FEDERICO JUAN LUCHETTI""";RAFAELA;CASTELLANOS
"TALLER DE EDUCACION MANUAL NRO 102 ""JUAN ANSELMO""";ESPERANZA;LAS COLONIAS
"TALLER DE EDUCACION MANUAL NRO 154 ""YAPEYU""";SAN VICENTE;CASTELLANOS
"TALLER DE EDUCACION MANUAL NRO 169 ""PABLO PIZZURNO""";RAFAELA;CASTELLANOS
"TALLER DE EDUCACION MANUAL NRO 176 ""JUAN TRINCA""";RAFAELA;CASTELLANOS
"TALLER DE EDUCACION MANUAL NRO 182 ""HORACIO DI-MARTINO""";HUMBERTO PRIMO;CASTELLANOS
TALLER DE EDUCACION MANUAL NRO 201;FRANK;LAS COLONIAS
CENTRO DE EDUCACION FISICA NRO 17;ESPERANZA;LAS COLONIAS
"CENTRO DE EDUCACION FISICA NRO 19 ""GENERAL SAN MARTIN""";RAFAELA;CASTELLANOS
CENTRO DE EDUCACION FISICA NRO 27;SUNCHALES;CASTELLANOS
CENTRO DE EDUCACION FISICA NRO 34;RAFAELA;CASTELLANOS
PLANTA CAMPAMENTIL NRO 7507;HUMBERTO PRIMO;CASTELLANOS
"ESCUELA ESPECIAL NRO 2109 ""LUIS HESSEL""";ESPERANZA;LAS COLONIAS
CENTRO DE EDUCACION FISICA NRO 53 (EX.14);RAFAELA;CASTELLANOS
N.R.E.S. ORIENTADA NRO 1252;PRESIDENTE ROCA;CASTELLANOS
N.R.E.S. ORIENTADA NRO 1302;VILLA SAN JOSE;CASTELLANOS
N.R.E.S. ORIENTADA NRO 1371;EMPALME SAN CARLOS;LAS COLONIAS
N.R.E.S. ORIENTADA NRO 1375;GRUTLY;LAS COLONIAS
"N.R.E.S. ORIENTADA NRO 1525 ""CÉSAR SELLA""";NUEVO TORINO;LAS COLONIAS
"N.R.E.S. ORIENTADA NRO 1526 ""DR.MANUEL LAINEZ""";JOSEFINA;CASTELLANOS
N.R.E.S. ORIENTADA NRO 1565;COLONIA RAQUEL;CASTELLANOS
N.R.E.S. ORIENTADA NRO 2247;TACURALES;CASTELLANOS
N.R.E.S. ORIENTADA NRO 2252;SAN ANTONIO;CASTELLANOS
N.R.E.S. ORIENTADA NRO 2371;ESPERANZA;LAS COLONIAS
N.R.E.S. ORIENTADA NRO 2375;CAVOUR;LAS COLONIAS
N.R.E.S. ORIENTADA NRO 2565;VIRGINIA;CASTELLANOS
N.R.E.S. ORIENTADA NRO 3247;SUNCHALES;CASTELLANOS
N.R.E.S. ORIENTADA NRO 3252;EGUSQUIZA;CASTELLANOS
N.R.E.S. ORIENTADA NRO 3565;CAMPO DARDATTI;CASTELLANOS
N.R.E.S. ORIENTADA NRO 4247;EUSEBIA Y CAROLINA;CASTELLANOS
"E.E.S. ORIENTADA NRO 204 ""DOMINGO DE ORO""";RAFAELA;CASTELLANOS
"E.E.S. ORIENTADA NRO 247 ""MARIANO MORENO""";COLONIA ALDAO;CASTELLANOS
"E.E.S. ORIENTADA NRO 252 ""GENERAL SAN MARTÍN""";VILA;CASTELLANOS
"E.E.S. ORIENTADA NRO 302 ""AARON CASTELLANOS""";PLAZA CLUCELLAS;CASTELLANOS
"E.E.S. ORIENTADA NRO 357 ""ALBERTO FRANCEZON""";SARMIENTO;LAS COLONIAS
"E.E.S. ORIENTADA NRO 371 ""SOLDADOS DE LA PATRIA: COLOMBO MULLER""";ESPERANZA;LAS COLONIAS
"E.E.S. ORIENTADA NRO 375 ""JOSE KELLER""";GRUTLY;LAS COLONIAS
"E.E.S. ORIENTADA NRO 376 ""JOAQUIN DOPAZO""";RAFAELA;CASTELLANOS
"E.E.S. ORIENTADA NRO 504 ""MARGARITA BOCHETTO""";SUSANA;CASTELLANOS
"E.E.S. ORIENTADA NRO 505 ""MAHATMA GANDHI""";RAFAELA;CASTELLANOS
E.E.S. ORIENTADA NRO 525;BELLA ITALIA;CASTELLANOS
"E.E.S. ORIENTADA NRO 526 ""PAULO FREIRE""";JOSEFINA;CASTELLANOS
E.E.S. ORIENTADA NRO 564;LEHMANN;CASTELLANOS
E.E.S.ORIENTADA NRO 613;RAFAELA;CASTELLANOS
E.E.S.O. NRO 615;RAFAELA;CASTELLANOS
"E.E. TÉCNICO PROFESIONAL NRO 279 ""TENIENTE BENJAMÍN MATIENZO""";SUNCHALES;CASTELLANOS
"E.E. TÉCNICO PROFESIONAL NRO 292 ""TENIENTE DE FRAGATA SANTIAGO BARATTERO""";SAN VICENTE;CASTELLANOS
"E.E. TÉCNICO PROFESIONAL NRO 298 ""DON MIGUEL MANFREDI""";FRANK;LAS COLONIAS
E.E. TÉCNICO PROFESIONAL NRO 495;RAFAELA;CASTELLANOS
E.E. TÉCNICO PROFESIONAL NRO 565;HUMBERTO PRIMO;CASTELLANOS
"E.E. TÉCNICO PROFESIONAL NRO 644 ""GREGORIA MATORRAS""";ESPERANZA;LAS COLONIAS
"E.E. TÉCNICO PROFESIONAL NRO 654 ""DOCTOR NICOLÁS AVELLANEDA""";RAFAELA;CASTELLANOS
"E.E. TÉCNICO PROFESIONAL NRO 681 ""MERCEDES ÁLVAREZ DE SEGURA""";HUMBOLDT;LAS COLONIAS
"E.E.S. ORIENTADA NRO 414 ""JOSE B. ITURRASPE""";ANGELICA;CASTELLANOS
"E.E.S. ORIENTADA NRO 428 ""LUISA RAIMONDI DE BARREIRO""";RAFAELA;CASTELLANOS
"E.E.S. ORIENTADA NRO 429 ""MARIO VECCHIOLI""";RAFAELA;CASTELLANOS
"E.E.S. ORIENTADA NRO 445 ""CARLOS STEIGLEDER""";SUNCHALES;CASTELLANOS
"E.E. TÉCNICO PROFESIONAL NRO 455 ""GENERAL DON JOSE DE SAN MARTÍN""";ESPERANZA;LAS COLONIAS
"E.E. TÉCNICO PROFESIONAL NRO 460 ""GUILLERMO LEHMANN""";RAFAELA;CASTELLANOS
"ESCUELA NORMAL SUPERIOR NRO 30 ""DOMINGO FAUSTINO SARMIENTO""";ESPERANZA;LAS COLONIAS
"E.E.T. NRO 688 ""JOSE PEDRONI""";SANTA CLARA DE SAGUIER;CASTELLANOS
GRADO RADIAL VIII-ESCUELA NOCTURNA NRO 21;RAFAELA;CASTELLANOS
GRADO RADIAL VII-ESCUELA NOCTURNA NRO 21;RAFAELA;CASTELLANOS
GRADO RADIAL VI - ESCUELA NOCTURNA NRO 21;RAMONA;CASTELLANOS
GRADO RADIAL NRO V - ESCUELA NOCTURNA NRO 21;HUMBERTO PRIMO;CASTELLANOS
GRADO RADIAL NRO IV - ESCUELA NOCTURNA NRO 21;RAFAELA;CASTELLANOS
GRADO RADIAL NRO III - ESCUELA NOCTURNA NRO 21;RAFAELA;CASTELLANOS
GRADO RADIAL NRO II - ESCUELA NOCTURNA NRO 21;RAFAELA;CASTELLANOS
"ESCUELA NOCTURNA NRO 21 ""LIBERTADOR GENERAL SAN MARTIN""";RAFAELA;CASTELLANOS
GRADO RADIAL II - ESCUELA NOCTURNA NRO 53;HUMBOLDT;LAS COLONIAS
GRADO RADIAL I - ESCUELA NOCTURNA NRO 53;ESPERANZA;LAS COLONIAS
"ESCUELA NOCTURNA NRO 53 ""2 DE ABRIL""";ESPERANZA;LAS COLONIAS
"E.E.M.P.A. NRO 1007 ""LIBERTAD""";RAFAELA;CASTELLANOS
"E.E.M.P.A. NRO 1008 ""PAULO FREIRE""";VILA;CASTELLANOS
"E.E.M.P.A. NRO 1032 ""8 DE SEPTIEMBRE""";ESPERANZA;LAS COLONIAS
E.E.M.P.A. NRO 1139;SUNCHALES;CASTELLANOS
"E.E.M.P.A. NRO 1226 ""ANGELA PERALTA PINO""";HUMBERTO PRIMO;CASTELLANOS
E.E.M.P.A. NRO 1278;HUMBOLDT;LAS COLONIAS
E.E.M.P.A. NRO 1301;SAN VICENTE;CASTELLANOS
"ANEXO I - E.E.M.P.A. NRO 1007 ""LIBERTAD""";RAFAELA;CASTELLANOS
ANEXO E.E.M.P.A. NRO 1008;PLAZA CLUCELLAS;CASTELLANOS
ANEXO I - E.E.M.P.A. NRO 1139;LEHMANN;CASTELLANOS
ANEXO E.E.M.P.A. NRO 1278;PILAR;LAS COLONIAS
ANEXO E.E.M.P.A. NRO 1301;SAN MARTIN DE LAS ESCOBAS;SAN MARTIN
"ANEXO II - E.E.M.P.A. NRO 1007 ""LIBERTAD""";RAFAELA;CASTELLANOS
ANEXO E.E.M.P.A. NRO 1278;NUEVO TORINO;LAS COLONIAS
ANEXO E.E.M.P.A NRO 1301;ANGELICA;CASTELLANOS
C.E.C.L.A. NRO 8;SUNCHALES;CASTELLANOS
C.E.C.L.A. NRO 46;ESPERANZA;LAS COLONIAS
C.E.C.L.A. NRO 74;ESPERANZA;LAS COLONIAS
C.E.P.A. NRO 18;SUNCHALES;CASTELLANOS
C.E.P.A. NRO 19;RAFAELA;CASTELLANOS
"C.E.P.A. NRO 20 ""MADRE TERESA DE CALCUTA""";RAFAELA;CASTELLANOS
"CENTRO DE FORMACION PROFESIONAL NRO 5 ""MARIA EVA DUARTE DE PERON""";RAFAELA;CASTELLANOS
"I.S. NRO 2 ""DOCTOR JOAQUIN GONZALEZ""";RAFAELA;CASTELLANOS
"I.S. NRO 2 ANEXO I ""J. V. GONZALEZ""";SAN VICENTE;CASTELLANOS
COCINA CENTRALIZADA NRO 9608;ESPERANZA;LAS COLONIAS
ESCUELA SUPERIOR DE ENFERMERIA;RAFAELA;CASTELLANOS
"JARDIN DE INFANTES NRO 2 ""ROSARIO VERA PEÑALOZA""";SANTA FE;LA CAPITAL
"JARDIN DE INFANTES NRO 4 ""CORONEL PRINGLES""";SANTA FE;LA CAPITAL
"JARDIN DE INFANTES NRO 15 ""ALFONSO DURAN""";HELVECIA;GARAY
"JARDIN DE INFANTES NRO 16 ""GENERAL MANUEL BELGRANO""";GABOTO;SAN JERONIMO
"JARDIN DE INFANTES NRO 22 ""JAVIER FERNANDEZ ORTIZ""";SANTA FE;LA CAPITAL
"JARDIN DE INFANTES NRO 25 ""DOCTOR JOSE GALVEZ""";SANTO TOME;LA CAPITAL
"JARDIN DE INFANTES NRO 26 ""SAN LUIS GONZAGA""";SANTA FE;LA CAPITAL
"NUCLEO I-JARDIN DE INFANTES NRO 28 ""LIBERT. GRAL SAN MARTIN""";SANTA FE;LA CAPITAL
"JARDIN DE INFANTES NRO 28 ""LIBERTADOR GENERAL SAN MARTIN""";SANTA FE;LA CAPITAL
"JARDIN DE INFANTES NRO 30 ""CARLOS KAUFMANN""";CAYASTA;GARAY
"JARDIN DE INFANTES NRO 32 ""MERCEDES GARAY DE CORREA""";SAN JERONIMO NORTE;LAS COLONIAS
"JARDIN DE INFANTES NRO 33 ""JUANA PAULA MANSO""";SANTA FE;LA CAPITAL
"JARDIN DE INFANTES NRO 35 ""JOSE PEDRONI""";SANTA FE;LA CAPITAL
"JARDIN DE INFANTES NRO 52 ""JUAN RAMON JIMENEZ""";SANTA FE;LA CAPITAL
NUCLEO III - JARDIN DE INFANTES NRO 54;SANTA FE;LA CAPITAL
NUCLEO I - JARDIN DE INFANTES NRO 54;SANTA FE;LA CAPITAL
"JARDIN DE INFANTES NRO 54 ""GERMAN BERDIALES""";SANTA FE;LA CAPITAL
"JARDIN DE INFANTES NRO 58 ""GABRIELA MISTRAL""";SANTA FE;LA CAPITAL
NCUELO II - JARDIN DE INFANTES NRO 68;SANTA FE;LA CAPITAL
NUCLEO I - JARDIN DE INFANTES NRO 68;SANTA FE;LA CAPITAL
"JARDIN DE INFANTES NRO 68 ""DOCTOR CAMILO CORTI""";SANTA FE;LA CAPITAL
"JARDIN DE INFANTES NRO 73 ""PROF. NELIDA BOTTAI DE BOENTE""";SANTA FE;LA CAPITAL
"JARDIN DE INFANTES NRO 75 ""ACCION COOPERATIVA""";SANTA FE;LA CAPITAL
"JARDIN DE INFANTES NRO 85 ""ROSA BERRA DE GIGLI""";SAN CARLOS CENTRO;LAS COLONIAS
NUCLEO II - JARDIN DE INFANTES NRO 87;MANUCHO;LA CAPITAL
NUCLEO I - JARDIN DE INFANTES NRO 87;NELSON;LA CAPITAL
"JARDIN DE INFANTES NRO 87 ""CRISTIAN EXEQUIEL FONTANINI""";NELSON;LA CAPITAL
"JARDIN DE INFANTES NRO 91 ""SEBASTIAN PUIG SOLA""";GOBERNADOR CRESPO;SAN JUSTO
NUCLEO II - JARDIN DE INFANTES NRO 92;LA COSTA;LA CAPITAL
"JARDIN DE INFANTES NRO 92 ""JOSE ANTONIO AZNARES""";MONTE VERA;LA CAPITAL
"NUCLEO III - JARDIN DE INFANTES NRO 93 ""AMANDA A.DE CLOTET""";CORONDA;SAN JERONIMO
NUCLEO I - JARDIN DE INFANTES NRO 93;CORONDA;SAN JERONIMO
"JARDIN DE INFANTES NRO 93 ""AMANDA ARIAS DE CLOTET""";CORONDA;SAN JERONIMO
NUCLEO II - JARDIN DE INFANTES NRO 94;SAN JUSTO;SAN JUSTO
NUCLEO I - JARDIN DE INFANTES NRO 94;SAN JUSTO;SAN JUSTO
"JARDIN DE INFANTES NRO 94 ""PROFESOR JUAN MANTOVANI""";SAN JUSTO;SAN JUSTO
NUCLEO II - JARDIN DE INFANTES NRO 96;LAGUNA PAIVA;LA CAPITAL
NUCLEO I - JARDIN DE INFANTES NRO 96;LAGUNA PAIVA;LA CAPITAL
"JARDIN DE INFANTES NRO 96 ""INGENIERO LEON LASALLE""";LAGUNA PAIVA;LA CAPITAL
"JARDIN DE INFANTES NRO 99 ""RUPERTO VITAL ANDINO""";SANTA ROSA DE CALCHINES;GARAY
"JARDIN DE INFANTES NRO 100 ""DOCTOR SOCRATES BACCHIDDU""";MACIEL;SAN JERONIMO
"JARDIN DE INFANTES NRO 103 ""DOCTOR LUIS ALBERTO TAGLIARI""";LLAMBI CAMPBELL;LA CAPITAL
NUCLEO I - JARDIN DE INFANTES NRO 106 M.I.PIEDRABUENA D BAEZ;COLONIA SAN JOSE;SAN JAVIER
JARDIN DE INFANTES NRO 106 MARTINA IRINEA PIEDRABUENA DE BAEZ;SAN JAVIER;SAN JAVIER
JARDIN DE INFANTES NRO 108;GALVEZ;SAN JERONIMO
"JARDIN DE INFANTES NRO 108 ""LUISA QUESTA DE LARRECHEA""";GALVEZ;SAN JERONIMO
"JARDIN DE INFANTES NRO 108 ""LUISA QUESTA DE LARRECHEA""";GALVEZ;SAN JERONIMO
"JARDIN DE INFANTES NRO 112 ""CLELIO VILLAVERDE""";SANTO TOME;LA CAPITAL
"JARDIN DE INFANTES NRO 114 ""JOSE SEDLACEK""";SANTA FE;LA CAPITAL
"JARDIN DE INFANTES NRO 129 ""PRESBITERO ROMEO JOSE RIZZETTI""";MARCELINO ESCALADA;SAN JUSTO
"JARDIN DE INFANTES NRO 130 ""JORGE A. BAIALARDO""";SAN JOSE DEL RINCON;LA CAPITAL
"NUCLEO II - JARDIN DE INFANTES NRO 131 ""MARTIN DE LA PEÑA""";PROGRESO;LAS COLONIAS
"NUCLEO I - JARDIN DE INFANTES NRO 131 ""MARTIN DE LA PEÑA""";HIPATIA;LAS COLONIAS
"JARDIN DE INFANTES NRO 131 ""MARTIN DE LA PEÑA""";PROGRESO;LAS COLONIAS
"JARDIN DE INFANTES NRO 132 ""JUAN ARANCIO""";LA CRIOLLA;SAN JUSTO
"JARDIN DE INFANTES NRO 134 ""DIONISIO OBELAR""";SAN JAVIER;SAN JAVIER
"JARDIN DE INFANTES NRO 136 ""MERCEDES A. SANCHEZ DE GONZALEZ""";AROCENA;SAN JERONIMO
"JARDIN DE INFANTES NRO 140 ""SOL ROSA ACUÑA""";RECREO;LA CAPITAL
"JARDIN DE INFANTES NRO 142 ""SANTA FE DE LA VERA CRUZ""";SANTA FE;LA CAPITAL
NUCLEO III - JARDIN DE INFANTES NRO 143;VIDELA;SAN JUSTO
NUCLEO II - JARDIN DE INFANTES NRO 143;ANGELONI;SAN JUSTO
NUCLEO I - JARDIN DE INFANTES NRO 143;ANGELONI;SAN JUSTO
"JARDIN DE INFANTES NRO 143 ""GUMERSINDA SANDOVAL""";VIDELA;SAN JUSTO
"JARDIN DE INFANTES NRO 145 ""ALEJANDRO DAMIAN BARENGO""";LA PELADA;LAS COLONIAS
"JARDIN DE INFANTES NRO 150 ""JUAN ARANCIO""";SANTA FE;LA CAPITAL
"JARDIN DE INFANTES NRO 160 ""ROSA DE SRAIER""";SANTO DOMINGO;LAS COLONIAS
"JARDIN DE INFANTES NRO 163 ""JUAN CARLOS NAVA""";SANTO TOME;LA CAPITAL
"JARDIN DE INFANTES NRO 170 ""CLARA AGUIRRE""";SAN JERONIMO DEL SAUCE;LAS COLONIAS
"JARDIN DE INFANTES NRO 171 ""HORACIO COLOMBERO""";SANTA CLARA DE BUENA VISTA;LAS COLONIAS
"JARDIN DE INFANTES NRO 173 ""PADRE LUIS QUIROGA""";SANTA FE;LA CAPITAL
"JARDIN DE INFANTES NRO 174 ""OLGA COSSETTINI""";SANTA FE;LA CAPITAL
"NUCLEO I -JARDIN DE INFANTES NRO 186 ""DR. JORGE LUIS ARNOLD""";SAN JUSTO;SAN JUSTO
"JARDIN DE INFANTES NRO 186 ""DR. JORGE LUIS ARNOLD""";SAN JUSTO;SAN JUSTO
"JARDIN DE INFANTES NRO 188 ""JUAN CAPPIELLO""";SANTA FE;LA CAPITAL
"JARDIN DE INFANTES NRO 193 ""LOLA URANGA""";SANTA FE;LA CAPITAL
"JARDIN DE INFANTES NRO 204 ""MADRE TERESA DE CALCUTA""";SANTO TOME;LA CAPITAL
"JARDIN DE INFANTES NRO 205 ""MARIA MONTESSORI""";SANTA FE;LA CAPITAL
"JARDIN DE INFANTES NRO 210 ""PROFESOR ENRIQUE MUTTIS""";SANTA FE;LA CAPITAL
"JARDIN DE INFANTES NRO 220 ""ROSA JUANA BOCCA""";SAN JUSTO;SAN JUSTO
"JARDIN DE INFANTES NRO 221 ""DOCTOR RENÉ FAVALORO""";SANTA FE;LA CAPITAL
NUCLEO I - JARDIN DE INFANTES NRO 222;SANTA FE;LA CAPITAL
"JARDIN DE INFANTES NRO 222 ""BLAS PARERA""";SANTA FE;LA CAPITAL
"JARDIN DE INFANTES NRO 223 ""PURANA HUASI""";SANTA FE;LA CAPITAL
"JARDIN DE INFANTES NRO 224 ""MONSEÑOR ANTONIO RODRIGUEZ""";SANTA FE;LA CAPITAL
NUCLEO I- JARDIN DE INFANTES NRO 225;GALVEZ;SAN JERONIMO
"JARDIN DE INFANTES NRO 225 ""DOMINGA B. DE FERRERO""";GALVEZ;SAN JERONIMO
JARDIN DE INFANTES NRO 246;SANTO TOME;LA CAPITAL
NUCLEO II - JARDIN DE INFANTES NRO 247;SANTA FE;LA CAPITAL
NUCLEO I - JARDIN DE INFANTES NRO 247;SANTA FE;LA CAPITAL
"JARDIN DE INFANTES NRO 247 ""GLADYS SENN DE CELLO""";SANTA FE;LA CAPITAL
JARDIN DE INFANTES NRO 254;SAN CARLOS CENTRO;LAS COLONIAS
"NUCLEO I -JARDIN DE INFANTES NRO 255 ""DR.ESTEBAN L.MARADONA""";SANTA FE;LA CAPITAL
"JARDIN DE INFANTES NRO 255 ""DR. ESTEBAN LAUREANO MARADONA""";SANTA FE;LA CAPITAL
"JARDIN DE INFANTES NRO 256 ""HERMANA BENJAMINA""";SANTA FE;LA CAPITAL
"JARDIN DE INFANTES NRO 269 ""DR.CARLOS BRUNO AEBERHARD""";LAGUNA PAIVA;LA CAPITAL
NUCLEO I - JARDIN DE INFANTES NRO 272;SANTA FE;LA CAPITAL
"JARDIN DE INFANTES NRO 272 ""HUGO MAGGI""";SANTA FE;LA CAPITAL
JARDIN DE INFANTES NRO 281;ARROYO LEYES;LA CAPITAL
JARDIN DE INFANTES NRO 284;SANTO TOME;LA CAPITAL
NUCLEO II - JARDIN DE INFANTES NRO 285;SAUCE VIEJO;LA CAPITAL
NUCLEO I - JARDIN DE INFANTES NRO 285;SAUCE VIEJO;LA CAPITAL
JARDIN DE INFANTES NRO 285;SAUCE VIEJO;LA CAPITAL
"JARDIN DE INFANTES NRO 317 ""MARÍA ELENA WALSH""";SANTA FE;LA CAPITAL
"ESCUELA NRO 1 ""DOMINGO FAUSTINO SARMIENTO""";SANTA FE;LA CAPITAL
"ESCUELA NRO 2 ""BELGRANO""";SANTA FE;LA CAPITAL
"ESCUELA NRO 4 ""SARGENTO CABRAL""";SANTA FE;LA CAPITAL
"ESCUELA NRO 5 ""VICENTE LOPEZ Y PLANES""";SANTA FE;LA CAPITAL
"ESCUELA NRO 6 ""DOCTOR MARIANO MORENO""";SANTA FE;LA CAPITAL
"ESCUELA NRO 7 ""PRESIDENTE BELENO""";SANTA FE;LA CAPITAL
"ESCUELA NRO 8 ""CRISTOBAL COLON""";SANTA FE;LA CAPITAL
"ESCUELA NRO 9 ""JUAN JOSE PASO""";SANTA FE;LA CAPITAL
"ESCUELA NRO 13 ""DOCTOR DALMACIO VELEZ SARFIELD""";SANTA FE;LA CAPITAL
"ESCUELA NRO 14 ""DOCTOR NICOLAS AVELLANEDA""";SANTA FE;LA CAPITAL
"ESCUELA NRO 15 ""JUAN DE GARAY""";SANTO TOME;LA CAPITAL
"ESCUELA NRO 16 ""FRAY FRANCISCO DE PAULA CASTAÑEDA""";SAN JOSE DEL RINCON;LA CAPITAL
"ESCUELA NRO 17 ""MARIANO VERA""";RECREO;LA CAPITAL
"ESCUELA NRO 18 ""FALUCHO""";SANTA FE;LA CAPITAL
"ESCUELA NRO 19 ""JUAN DE GARAY""";SANTA FE;LA CAPITAL
"ESCUELA NRO 20 ""DOCTOR MARIANO QUIROGA""";SANTA FE;LA CAPITAL
"ESCUELA NRO 21 ""PEDRO DE VEGA""";SANTA FE;LA CAPITAL
"ESCUELA NRO 24 ""CONSTANCIO VIGIL""";SAUCE VIEJO;LA CAPITAL
"ESCUELA NRO 25 ""DOCTOR LUIS MARIA DRAGO""";SANTA FE;LA CAPITAL
"ESCUELA NRO 26 ""PATRICIO CULLEN""";SANTA FE;LA CAPITAL
"ESCUELA NRO 27 ""DOCTOR JOSE MARIA GALVEZ""";SANTA FE;LA CAPITAL
"ESCUELA NRO 29 ""SARGENTO PEDRO BUSTAMANTE""";SANTA FE;LA CAPITAL
"ESCUELA NRO 30 ""DOMINGO GUZMAN SILVA""";ARROYO LEYES;LA CAPITAL
"ESCUELA NRO 31 ""MARIANO MORENO""";LAGUNA PAIVA;LA CAPITAL
"ESCUELA NRO 32 ""DOMINGO FAUSTINO SARMIENTO""";ARROYO AGUIAR;LA CAPITAL
"ESCUELA NRO 33 ""JUAN MARIA CAFFERATA""";CAMPO ANDINO;LA CAPITAL
"ESCUELA NRO 34 ""ALMIRANTE GUILLERMO BROWN""";LLAMBI CAMPBELL;LA CAPITAL
"ESCUELA NRO 35 ""GOBERNADOR MARIANO CABAL""";EMILIA;LA CAPITAL
"ESCUELA NRO 36 ""MARIANO MORENO""";MONTE VERA;LA CAPITAL
"ESCUELA NRO 37 ""GENERAL MANUEL BELGRANO""";RECREO;LA CAPITAL
"ESCUELA NRO 38 ""BRIGADIER ESTANISLAO LOPEZ""";SANTA FE;LA CAPITAL
"ESCUELA NRO 39 ""9 DE JULIO""";COLASTINE NORTE L.G.;LA CAPITAL
"ESCUELA NRO 40 ""BERNARDINO RIVADAVIA""";MONTE VERA;LA CAPITAL
"ESCUELA NRO 41 ""DOMINGO FAUSTINO SARMIENTO""";RINCON POTREROS;LA CAPITAL
"ESCUELA NRO 42 ""GENERAL GREGORIO LAS HERAS""";SANTA FE;LA CAPITAL
"ESCUELA NRO 43 ""LEONARDO NICEFORO ALEM""";CHACO CHICO;LA CAPITAL
"ESCUELA NRO 46 ""BERNARDINO RIVADAVIA""";CANDIOTI;LA CAPITAL
"ESCUELA NRO 47 ""GOBERNADOR RODOLFO FREYRE""";ANGEL GALLARDO;LA CAPITAL
"ESCUELA NRO 48 ""PROFESOR MAXIMO VICTORIA""";SANTA FE;LA CAPITAL
"ESCUELA NRO 49 ""DOCTOR AGUSTIN ARAYA""";SANTO TOME;LA CAPITAL
"ESCUELA NRO 51 ""MANUEL BELGRANO""";SAN PEDRO;LA CAPITAL
"ESCUELA NRO 76 ""CAMILA CACERES DE BALLARINI""";SANTA FE;LA CAPITAL
"ESCUELA NRO 95 ""SIMON DE IRIONDO""";SANTA FE;LA CAPITAL
"ESCUELA NRO 108 ""CABO RAMON ANADON""";COLONIA SAN JOSE;SAN JAVIER
"ESCUELA NRO 110 ""SANTA FE DE LA VERA CRUZ""";COLONIA MASCIAS;GARAY
"ESCUELA NRO 111 ""GENERAL GUILLERMO MILLER""";SANTA ROSA DE CALCHINES;GARAY
"ESCUELA NRO 118 ""PRIMERA JUNTA""";SANTA MARIA CENTRO;LAS COLONIAS
"ESCUELA NRO 136 ""GREGORIA PEREZ DE DENIS""";SANTA FE;LA CAPITAL
"ESCUELA NRO 137 ""DOCTOR JOSE DE AMENABAR""";SANTA FE;LA CAPITAL
"ESCUELA NRO 139 ""JORGE STEPHENSON""";SANTA FE;LA CAPITAL
"ESCUELA NRO 140 ""PROFESOR MARCELINO MARTINEZ""";SANTO TOME;LA CAPITAL
"ESCUELA NRO 166 ""IGNACIO CRESPO""";SANTO TOME;LA CAPITAL
"ESCUELA NRO 286 ""JUAN B.MAZIEL""";MONJE;SAN JERONIMO
"ESCUELA NRO 287 ""SANTA ROSA DE LIMA""";CAMPO RODRIGUEZ GALISTEO;LAS COLONIAS
"ESCUELA NRO 288 ""JOSE HERNANDEZ""";CORONDA;SAN JERONIMO
"ESCUELA NRO 289 ""GENERAL MANUEL ESCALADA""";LOMA ALTA;SAN JERONIMO
"ESCUELA NRO 290 ""SIMON DE IRIONDO""";GALVEZ;SAN JERONIMO
"ESCUELA NRO 291 ""MANUEL BELGRANO""";BARRANCAS;SAN JERONIMO
"ESCUELA NRO 292 ""SEBASTIAN GABOTO""";GABOTO;SAN JERONIMO
"ESCUELA NRO 293 ""DOMINGO FAUSTINO SARMIENTO""";LARRECHEA;SAN JERONIMO
"ESCUELA NRO 294 ""GENERAL JOSE DE SAN MARTIN""";MACIEL;SAN JERONIMO
"ESCUELA NRO 296 ""CHACABUCO""";LOPEZ;SAN JERONIMO
"ESCUELA NRO 297 ""GENERAL JOSE DE SAN MARTIN""";AROCENA;SAN JERONIMO
"ESCUELA NRO 298 ""GENERAL JOSE DE SAN MARTIN""";CASALEGNO;SAN JERONIMO
"ESCUELA NRO 301 ""GENERAL MANUEL BELGRANO""";CORONDA;SAN JERONIMO
"ESCUELA NRO 303 ""BARTOLOME MITRE""";DIAZ;SAN JERONIMO
"ESCUELA NRO 304 ""JUAN BAUTISTA ALBERDI""";GESSLER;SAN JERONIMO
"ESCUELA NRO 305 ""GENERAL JOSE DE SAN MARTIN""";GALVEZ;SAN JERONIMO
"ESCUELA NRO 306 ""CLODOMIRO LEDESMA""";SAN FABIAN;SAN JERONIMO
"ESCUELA NRO 308 ""GENERAL JOSÉ DE SAN MARTIN""";BARRANCAS;SAN JERONIMO
"ESCUELA NRO 309 ""BERNARDO DE IRIGOYEN""";IRIGOYEN;SAN JERONIMO
"ESCUELA NRO 310 ""CARLOS TERCERO ARGUIMBAU""";CORONDA;SAN JERONIMO
"ESCUELA NRO 311 ""ESTANISLAO ZEBALLOS""";PLAZA MATILDE;LAS COLONIAS
"ESCUELA NRO 323 ""DOMINGO FAUSTINO SARMIENTO""";SAN JERONIMO NORTE;LAS COLONIAS
"ESCUELA NRO 324 ""MANUEL BELGRANO""";SAN WENDELINO;LAS COLONIAS
"ESCUELA NRO 326 ""DOCTOR MARIANO MORENO""";SAN JERONIMO DEL SAUCE;LAS COLONIAS
"ESCUELA NRO 333 ""MERCEDITAS DE SAN MARTIN""";SANTA MARIA NORTE;LAS COLONIAS
"ESCUELA NRO 334 ""BRIGADIER GENERAL ESTANISLAO LOPEZ""";CAMPO LA VIGILANCIA;LAS COLONIAS
"ESCUELA NRO 341 ""JOSE MARIA PAZ""";PROGRESO;LAS COLONIAS
"ESCUELA NRO 342 ""TOMAS GODOY CRUZ""";PROGRESO;LAS COLONIAS
"ESCUELA NRO 345 ""MANUEL BELTRAN""";PROVIDENCIA;LAS COLONIAS
"ESCUELA NRO 346 ""JOSE MANUEL ESTRADA""";JACINTO L. ARAUZ;LAS COLONIAS
"ESCUELA NRO 347 ""GENERAL MANUEL BELGRANO""";MARIA LUISA;LAS COLONIAS
"ESCUELA NRO 349 ""GENERAL JOSE DE SAN MARTIN""";SANTO DOMINGO;LAS COLONIAS
"ESCUELA NRO 352 ""FRANCISCO CANDIOTI""";COLONIA SAN JOSE;LAS COLONIAS
"ESCUELA NRO 353 ""DOMINGO FAUSTINO SARMIENTO""";SAN AGUSTIN;LAS COLONIAS
"ESCUELA NRO 354 ""CORONEL RODRIGUEZ""";CORONEL RODRIGUEZ;LAS COLONIAS
"ESCUELA NRO 356 ""MARIANO MORENO""";SAN CARLOS CENTRO;LAS COLONIAS
"ESCUELA NRO 357 ""BERNARDINO RIVADAVIA""";SAN CARLOS NORTE;LAS COLONIAS
"ESCUELA NRO 358 ""CANONIGO SEVERO ECHAGUE""";SAUCE VIEJO;LA CAPITAL
"ESCUELA NRO 359 ""MANUEL BELGRANO""";SAN CARLOS SUD;LAS COLONIAS
"ESCUELA NRO 360 ""INGENIERO HUGO MIATELLO""";SAUCE VIEJO;LA CAPITAL
"ESCUELA NRO 361 ""CAPITAN JUSTO BERMUDEZ""";CAMPO BARATTI;SAN JERONIMO
"ESCUELA NRO 362 ""MARIANO MORENO""";MATILDE;LAS COLONIAS
"ESCUELA NRO 363 ""EDUARDO DE SA PEREIRA""";SA PEREYRA;LAS COLONIAS
"ESCUELA NRO 364 ""JOSE INGENIEROS""";SANTA CLARA DE BUENA VISTA;LAS COLONIAS
"ESCUELA NRO 365 ""DOMINGO FAUSTINO SARMIENTO""";SAN CARLOS CENTRO;LAS COLONIAS
"ESCUELA NRO 366 ""ENRIQUE DE VEDIA""";SANTA MARIA NORTE;LAS COLONIAS
"ESCUELA NRO 422 ""PROFESOR MANUEL BENEY""";HELVECIA;GARAY
"ESCUELA NRO 423 ""BERNARDO O'HIGGINS""";HELVECIA;GARAY
"ESCUELA NRO 424 ""BERNARDINO RIVADAVIA""";HELVECIA SUR;GARAY
"ESCUELA NRO 425 ""MANUEL BELGRANO""";HELVECIA;GARAY
"ESCUELA NRO 426 ""GENERAL SAN MARTIN""";SANTA ROSA DE CALCHINES;GARAY
"ESCUELA NRO 427 ""JUAN GALO LAVALLE""";SANTA ROSA DE CALCHINES;GARAY
"ESCUELA NRO 428 ""JUAN DE GARAY""";CAYASTA;GARAY
"ESCUELA NRO 429 ""JUAN BAUTISTA CABRAL""";LA CLORINDA;SAN JUSTO
"ESCUELA NRO 430 ""JOSE DE SAN MARTIN""";COLONIA DOLORES;SAN JUSTO
"ESCUELA NRO 431 ""MARTIN MIGUEL DE GUEMES""";SAN JUSTO;SAN JUSTO
"ESCUELA NRO 433 ""DOMINGO FAUSTINO SARMIENTO""";COLONIA INDIGENA;SAN JAVIER
"ESCUELA NRO 435 ""JUAN BAUTISTA ALBERDI""";SAN JAVIER;SAN JAVIER
"ESCUELA NRO 436 ""DON JOSE DE SAN MARTIN""";SAN JAVIER;SAN JAVIER
"ESCUELA NRO 439 ""MIGUEL CANE""";LA RINCONADA;SAN JUSTO
"ESCUELA NRO 444 ""HIPOLITO BOUCHARD""";FRANCESA;SAN JAVIER
"ESCUELA NRO 465 ""DOCTOR WENCESLAO ESCALANTE""";SANTA FE;LA CAPITAL
"ESCUELA NRO 471 ""JUAN ARZENO""";SANTA FE;LA CAPITAL
"ESCUELA NRO 484 ""NICASIO OROÑO""";CORONDA;SAN JERONIMO
"ESCUELA NRO 502 ""GENERAL JOSE DE SAN MARTIN""";LA PELADA;LAS COLONIAS
"ESCUELA NRO 519 ""ANTONIO MARIA PIZZORNO""";IRIONDO;LA CAPITAL
"ESCUELA NRO 521 ""SIMON DE IRIONDO""";MANUCHO;LA CAPITAL
"ESCUELA NRO 523 ""DOMINGO FAUSTINO SARMIENTO""";GOBERNADOR CRESPO;SAN JUSTO
"ESCUELA NRO 532 ""JUAN BAUTISTA ALBERDI""";LAGUNA PAIVA;LA CAPITAL
"ESCUELA NRO 533 ""VICTORIANO MONTES""";SANTA FE;LA CAPITAL
"ESCUELA NRO 534 ""REPUBLICA DE BOLIVIA""";SANTA FE;LA CAPITAL
"ESCUELA NRO 536 ""DOMINGO FAUSTINO SARMIENTO""";CAMPO COLLA;LAS COLONIAS
"ESCUELA NRO 537 ""DOMINGO FAUSTINO SARMIENTO""";BARRANCAS;SAN JERONIMO
"ESCUELA NRO 558 ""MERCEDES RAMAYON DE BRUNO""";RAMAYON;SAN JUSTO
"ESCUELA NRO 562 ""BASILIO HALL""";CACIQUE ARIACAIQUIN;SAN JAVIER
"ESCUELA NRO 563 ""DON TOMAS GUIDO""";HELVECIA;GARAY
"ESCUELA NRO 567 ""REPUBLICA ORIENTAL DEL URUGUAY""";SANTA FE;LA CAPITAL
"ESCUELA NRO 568 ""GENERAL JOSE DE SAN MARTIN""";SANTA FE;LA CAPITAL
"ESCUELA NRO 569 ""REPUBLICA DEL PARAGUAY""";SANTA FE;LA CAPITAL
"ESCUELA NRO 570 ""PASCUAL ECHAGÜE""";SANTA FE;LA CAPITAL
"ESCUELA NRO 572 ""DOCTOR RODOLFO FREYRE""";NELSON;LA CAPITAL
"ESCUELA NRO 574 ""ALEJANDRO MARIA DE AGUADO""";SANTA MARIA NORTE;LAS COLONIAS
"ESCUELA NRO 575 ""CACIQUE YAMANDU""";VILLA LAURA;LA CAPITAL
"ESCUELA NRO 577 ""BRIGADIER ESTANISLAO LOPEZ""";LA COSTA;LA CAPITAL
"ESCUELA NRO 578 ""BALBINA DOMINGUEZ""";SANTA FE;LA CAPITAL
"ESCUELA NRO 579 ""PROFESOR JOSE JACINTO BERRUTTI""";SANTO TOME;LA CAPITAL
"ESCUELA NRO 581 ""DOCTOR RODOLFO FREYRE""";SANTA FE;LA CAPITAL
"ESCUELA NRO 608 ""SARGENTO JUAN BAUTISTA CABRAL""";SAN JUSTO;SAN JUSTO
"ESCUELA NRO 612 ""MANUEL GAETE""";CORONDA;SAN JERONIMO
"ESCUELA NRO 618 ""INGENIERO JULIO BELLO""";SANTA FE;LA CAPITAL
"ESCUELA NRO 619 ""MARIANO MORENO""";CULULU;LAS COLONIAS
"ESCUELA NRO 665 ""MARISCAL SANTA CRUZ""";CAMPO ALDAO;SAN JERONIMO
"ESCUELA NRO 688 ""DOMINGO FAUSTINO SARMIENTO""";LAGUNA PAIVA;LA CAPITAL
"ESCUELA NRO 690 ""MARIANO MORENO""";DESVIO ARIJON;SAN JERONIMO
"ESCUELA NRO 704 ""3 DE FEBRERO""";DESVIO ARIJON;SAN JERONIMO
"ESCUELA NRO 713 ""SEVERO GARCIA GRANDE DE ZEQUEIRA""";COLONIA LA MORA;SAN JUSTO
"ESCUELA NRO 715 ""GENERAL JOSE DE SAN MARTIN""";COLONIA LA BLANCA;SAN JUSTO
"ESCUELA NRO 739 ""ALMIRANTE MANUEL BLANCO ENCALADA""";LA CAMILA;SAN JUSTO
"ESCUELA NRO 750 ""CORONEL PEDRO CONDE""";COLONIA LA PENCA;SAN JUSTO
"ESCUELA NRO 790 ""PABLO PIZZURNO""";COLONIA CORONDINA;SAN JERONIMO
"ESCUELA NRO 809 ""BRIGADIER ESTANISLAO LOPEZ""";SANTA FE;LA CAPITAL
"ESCUELA NRO 811 ""CARLOS BECK BERNARD""";SAN CARLOS NORTE;LAS COLONIAS
"ESCUELA NRO 817 ""PRIMEROS COLONIZADORES""";CAMPO GENERO;SAN JERONIMO
"ESCUELA NRO 819 ""DOCTOR SIMON DE IRIONDO""";CORONDA;SAN JERONIMO
"ESCUELA NRO 821 ""RAIMUNDO JUAN PEÑA""";SANTA FE;LA CAPITAL
"ESCUELA NRO 826 ""PABLO ANTONIO PIZZURNO""";ELISA;LAS COLONIAS
"ESCUELA NRO 829 ""JUAN GREGORIO DE LAS HERAS""";CAMPO LEDESMA;SAN JERONIMO
"ESCUELA NRO 844 ""CARLOTA GARRIDO DE LA PEÑA""";CORONDA;SAN JERONIMO
"ESCUELA NRO 853 ""FRAY ERMETE COSTANZI""";SAN JAVIER;SAN JAVIER
"ESCUELA NRO 855 ""NEGRO FALUCHO""";LA NEGRA;SAN JUSTO
"ESCUELA NRO 864 ""GENERAL MANUEL BELGRANO""";EL BOSQUE;LAS COLONIAS
"ESCUELA NRO 869 ""JULIO ARGENTINO ROCA""";COLASTINE NORTE L.G.;LA CAPITAL
"ESCUELA NRO 870 ""GREGORIA MATORRAS DE SAN MARTIN""";RINCON DE AVILA;LA CAPITAL
"ESCUELA NRO 877 ""DOMINGO FAUSTINO SARMIENTO""";GALVEZ;SAN JERONIMO
"ESCUELA NRO 880 ""DOMINGO GUZMAN SILVA""";SANTA FE;LA CAPITAL
"ESCUELA NRO 884 ""IGNACIO RODRIGUEZ""";SANTA FE;LA CAPITAL
"ESCUELA NRO 887 ""GENERAL MANUEL BELGRANO""";CAMPO AIASSA;SAN JERONIMO
"ESCUELA NRO 891 ""GENERAL MANUEL HORNOS""";GALVEZ;SAN JERONIMO
"ESCUELA NRO 892 ""COMANDANTE LUIS PIEDRABUENA""";MACIEL;SAN JERONIMO
"ESCUELA NRO 895 ""FRANCISCO ANTONIO CANDIOTI""";DESVIO ARIJON;SAN JERONIMO
"ESCUELA NRO 941 ""GENERAL JUAN APOSTOL MARTINEZ""";LA GUARDIA;LA CAPITAL
"ESCUELA NRO 943 ""NICOLAS RODRIGUEZ PEÑA""";PROVIDENCIA;LAS COLONIAS
"ESCUELA NRO 957 ""CORONEL JUAN ESTEBAN RODRIGUEZ""";ESTANCIA SAN JUAN;SAN JUSTO
"ESCUELA NRO 999 ""MANUEL BELGRANO""";LA NEVADA;SAN JUSTO
"ESCUELA NRO 1000 ""MARCOS SASTRE""";SANTA FE;LA CAPITAL
"ESCUELA NRO 1013 ""JUAN MARTIN DE PUEYRREDON""";PAIKIN;SAN JUSTO
"ESCUELA NRO 1021 ""TOMAS GODOY CRUZ""";COLONIA HELVECIA OESTE;GARAY
"ESCUELA NRO 1025 ""GENERAL MANUEL BELGRANO""";LAGUNA PAIVA;LA CAPITAL
"ESCUELA NRO 1065 ""MANUEL BELGRANO""";ANGEL GALLARDO;LA CAPITAL
"ESCUELA NRO 1070 ""ESTADOS UNIDOS DEL BRASIL""";LAGUNA PAIVA;LA CAPITAL
"ESCUELA NRO 1081 ""ALMAFUERTE""";SANTA FE;LA CAPITAL
"ESCUELA NRO 1106 ""GENERAL SAN MARTIN""";SANTO TOME;LA CAPITAL
"ESCUELA NRO 1109 ""HIPOLITO YRIGOYEN""";SANTA FE;LA CAPITAL
"ESCUELA NRO 1110 ""DOCTOR SIMON DE IRIONDO""";SANTO TOME;LA CAPITAL
"ESCUELA NRO 1111 ""LUIS BORRUAT""";SANTA FE;LA CAPITAL
"ESCUELA NRO 1126 ""REPUBLICA DE ITALIA""";COLASTINE SUR -L.G.;LA CAPITAL
"ESCUELA NRO 1130 ""COOPERACION ESCOLAR""";SANTA FE;LA CAPITAL
"ESCUELA NRO 1138 ""MATEO BOOZ""";SANTA FE;LA CAPITAL
"ESCUELA NRO 1149 ""JOSE HERNANDEZ""";COLONIA LA BLANCA;SAN JUSTO
"ESCUELA NRO 1154 ""ESTADOS FEDERALES DEL BRASIL""";COLONIA SAN IGNACIO;SAN JAVIER
"ESCUELA NRO 1177 ""ARMADA ARGENTINA""";ISLA LAS PALMAS;SAN JAVIER
"ESCUELA NRO 1183 ""BRIGADIER ESTANISLAO LOPEZ""";PROGRESO;LAS COLONIAS
"ESCUELA NRO 1190 ""IV CENTENARIO DE SANTA FE""";SANTA FE;LA CAPITAL
"ESCUELA NRO 1214 ""GRANADEROS DE SAN LORENZO""";COLONIA CORONDINA;SAN JERONIMO
"ESCUELA NRO 1233 ""FIDELA VALDES FRUTOS""";SANTO TOME;LA CAPITAL
"ESCUELA NRO 1234 ""PROFESOR LUIS RAVERA""";SANTA FE;LA CAPITAL
"ESCUELA NRO 1244 ""MARIA MARGARITA GERVASSONI""";CORONDA;SAN JERONIMO
"ESCUELA NRO 1250 ""ALMIRANTE GUILLERMO BROWN""";SANTA FE;LA CAPITAL
"ESCUELA NRO 1255 ""MALVINAS ARGENTINAS""";SANTA FE;LA CAPITAL
"ESCUELA NRO 1258 ""SIMON BOLIVAR""";SANTA FE;LA CAPITAL
"ESCUELA NRO 1259 ""NILCE UVIEDO RASSETTO""";SANTO TOME;LA CAPITAL
"ESCUELA NRO 1265 ""JOSE MANUEL ESTRADA""";SANTA FE;LA CAPITAL
"ESCUELA NRO 1277 ""JOSE ROBUSTIANO ALDAO""";RECREO;LA CAPITAL
"ESCUELA NRO 1297 ""PRESIDENTE PERON""";SAUCE VIEJO;LA CAPITAL
"ESCUELA NRO 1298 ""MONSEÑOR VICENTE ZASPE""";SANTA FE;LA CAPITAL
"ESCUELA NRO 1299 ""PADRE OSVALDO CATENA""";SANTA FE;LA CAPITAL
"ESCUELA NRO 1301 ""JUAN DE SAN MARTIN""";CAMPO JULLIER;LA CAPITAL
"ESCUELA NRO 1303 ""GENERAL JOSE DE SAN MARTIN""";SAN AGUSTIN;LAS COLONIAS
"ESCUELA NRO 1311 ""ESTELA BEATRIZ JUNCOSA DE MOUESCA""";COLONIA CRIOLLA;SAN JAVIER
"ESCUELA NRO 1317 ""JUAN MANUEL DE ROSAS""";SANTA FE;LA CAPITAL
"ESCUELA NRO 1321 ""DOCTOR AGUSTIN ZAPATA GOLLAN""";SANTA FE;LA CAPITAL
"ESCUELA NRO 1336 ""COMBATE DEL QUEBRACHO""";SANTA FE;LA CAPITAL
"ESCUELA NRO 1338 ""COM CAIA"" (BILINGÜE)";RECREO;LA CAPITAL
"ESCUELA NRO 1341 ""ESPERANZA SOLIDARIA""";SANTA FE;LA CAPITAL
"ESCUELA NRO 1356 ""MONSEÑOR VICENTE ZAZPE""";SANTO TOME;LA CAPITAL
"ESCUELA NRO 1374 ""ELSO FERRERO""";SAN JUSTO;SAN JUSTO
ESCUELA NRO 1386;EL LAUREL;GARAY
ESCUELA NRO 1392;SANTA FE;LA CAPITAL
"ESCUELA NRO 6005 ""DOMINGO FAUSTINO SARMIENTO""";LA CRIOLLA;SAN JUSTO
"ESCUELA NRO 6006 ""NICOLAS AVELLANEDA""";COLONIA CALIFORNIA;SAN JAVIER
"ESCUELA NRO 6015 ""CATAMARCA""";BERNARDO DE IRIGOYEN;SAN JERONIMO
"ESCUELA NRO 6028 ""MARIANO SAAVEDRA""";SAN MARIANO;LAS COLONIAS
"ESCUELA NRO 6034 ""JOSE PEDRONI""";GALVEZ;SAN JERONIMO
"ESCUELA NRO 6035 ""MARIANO MORENO""";GALVEZ;SAN JERONIMO
"ESCUELA NRO 6051 ""MARIA ESTER RODRIGUEZ DE ELGUEZABAL""";VERA Y PINTADO;SAN JUSTO
ESCUELA NRO 6052;HIPATIA;LAS COLONIAS
"ESCUELA NRO 6068 ""DOCTOR ERNESTO BERRAZ""";NARE;SAN JUSTO
"ESCUELA NRO 6070 ""FRAY BERNARDO ARANA""";SAN MARTIN NORTE;SAN JUSTO
"ESCUELA NRO 6085 ""INES ALVAREZ""";FRANCESA;SAN JAVIER
"ESCUELA NRO 6093 ""PARANA MEDIO""";SANTA ROSA DE CALCHINES;GARAY
"ESCUELA NRO 6098 ""SEGUNDO FERNANDO SONZOGNI""";LA BRAVA;SAN JAVIER
"ESCUELA NRO 6099 ""ORESTE CONSTANTINO CAPORALETTI""";SAN JAVIER;SAN JAVIER
"ESCUELA NRO 6101 ""ASUNCION PALACIOS DE PEREZ""";SALADERO MARIANO CABAL;GARAY
"ESCUELA NRO 6102 ""PEDRO DE VEGA""";CAYASTA;GARAY
"ESCUELA NRO 6103 ""BARTOLOME MITRE""";CAMPO DEL MEDIO;GARAY
"ESCUELA NRO 6130 ""VICENTE LOPEZ Y PLANES""";CAMPO QUIÑONES;LAS COLONIAS
"ESCUELA NRO 6132 ""MARGARITA BUSTOS DE OVIETTA""";ANGELONI;SAN JUSTO
"ESCUELA NRO 6133 ""GENERAL MANUEL BELGRANO""";VIDELA;SAN JUSTO
ESCUELA NRO 6136;CAYASTACITO;SAN JUSTO
"ESCUELA NRO 6137 ""GRAL.JOSÉ DE SAN MARTIN""";COLONIA TRES REYES;SAN JUSTO
"ESCUELA NRO 6138 ""MARIA VICTORINA ELGUEZABAL""";MARCELINO ESCALADA;SAN JUSTO
"ESCUELA NRO 6143 ""RAQUEL DEL CARMEN MUSSI""";PEDRO GOMEZ CELLO;SAN JUSTO
"ESCUELA NRO 6149 ""MANUEL LAINEZ""";SAN JUSTO;SAN JUSTO
"ESCUELA NRO 6164 ""MALVINAS ARGENTINAS""";CORONDA;SAN JERONIMO
"ESCUELA NRO 6167 ""DON PEDRO LARRECHEA""";LARRECHEA;SAN JERONIMO
"ESCUELA NRO 6185 ""REPUBLICA ARGENTINA""";COLONIA EL FORTIN;SAN JUSTO
"ESCUELA NRO 6208 ""PERITO FRANCISCO MORENO""";AROCENA;SAN JERONIMO
"ESCUELA NRO 6213 ""HOMERO MANZI""";SILVA;SAN JUSTO
"ESCUELA NRO 6233 ""MONSEÑOR ENRIQUE PRINCIPE""";LOS SALADILLOS;SAN JUSTO
"ESCUELA NRO 6242 ""SAN FRANCISCO SOLANO""";SAN EUGENIO;SAN JERONIMO
"ESCUELA NRO 6257 ""SANTIAGO DERQUI""";LA BOCA;SAN JERONIMO
"ESCUELA NRO 6309 ""REVOLUCION DE LOS SIETE JEFES""";VILLA LASTENIA;SAN JUSTO
"ESCUELA NRO 6312 ""JUAN XXIII""";COLONIA SAN JOAQUIN;GARAY
"ESCUELA NRO 6319 ""GUSTAVO MARTINEZ ZUVIRIA""";SANTA ROSA DE CALCHINES;GARAY
"ESCUELA NRO 6341 ""JUAN DE GARAY""";SANTA FE;LA CAPITAL
"ESCUELA NRO 6367 ""2 DE ABRIL""";LOS CERRILLOS;GARAY
"ESCUELA NRO 6384 ""ALMIRANTE GUILLERMO BROWN""";SANTA FE;LA CAPITAL
"ESCUELA NRO 6385 ""ADELIA DI CARLO""";SANTA FE;LA CAPITAL
"ESCUELA NRO 6395 ""SARGENTO PEDRO BUSTAMANTE""";SANTO TOME;LA CAPITAL
"ESCUELA NRO 6399 ""FUERZA AEREA ARGENTINA""";SAUCE VIEJO;LA CAPITAL
"ESCUELA NRO 6409 ""ARMADA ARGENTINA""";CORONDA;SAN JERONIMO
"ESCUELA NRO 6413 ""SIETE JEFES""";CAMPO DEL MEDIO;GARAY
"ESCUELA NRO 6415 ""FRANCISCO NARCISO DE LAPRIDA""";SAN JUSTO;SAN JUSTO
"C.E.R. NRO 7 ""LUIS VERNET""";LA PENCA - SAN MARIANO;LAS COLONIAS
"C.E.R. NRO 29 ""PRESBITERO JUAN B. MACIEL""";CAMPO BENEDETTO;SAN JERONIMO
C.E.R. NRO 91;COLONIA LA OSCA;SAN JUSTO
"C.E.R. NRO 111 ""SIMÓN DE IRIONDO""";LA PELADA;LAS COLONIAS
C.E.R. NRO 155;CAYASTA;GARAY
"C.E.R. NRO 216 ""ATANASIA HERNANDEZ DE DURAN""";COLONIA ANGELONI;SAN JUSTO
"C.E.R. NRO 220 ""GENERAL MANUEL BELGRANO""";ANGELONI;SAN JUSTO
"C.E.R. NRO 233 ""MARTIN MIGUEL DE GUEMES""";CAMPO CEBALLOS;SAN JERONIMO
"C.E.R. NRO 235 ""GENERAL MANUEL BELGRANO""";VERA MUJICA;SAN JUSTO
"C.E.R. NRO 247 ""GRANADEROS A CABALLO""";CAMPO CARLINO;SAN JERONIMO
"C.E.R. NRO 248 ""MARTIN MIGUEL DE GUEMES""";CAMPO PIAGGIO;SAN JERONIMO
"C.E.R. NRO 259 ""DOMINGO FAUSTINO SARMIENTO""";LOPEZ;SAN JERONIMO
"C.E.R. NRO 265 ""BRIGADIER GENERAL JUAN GREGORIO LAS HERAS""";LAS HIGUERITAS;LAS COLONIAS
"C.E.R. NRO 271 ""REPUBLICA ARGENTINA""";BAJO LAS TUNAS;LAS COLONIAS
"C.E.R. NRO 280 ""GOBERNADOR IGNACIO CRESPO""";SANTA MARIA NORTE;LAS COLONIAS
"C.E.R. NRO 303 ""ANTONIO ARENALES""";ARROYO DEL MONJE;SAN JERONIMO
"C.E.R. NRO 304 ""LISANDRO DE LA TORRE""";CANTON DE ZARATE;LAS COLONIAS
C.E.R. NRO 309;SAN CARLOS SUD;LAS COLONIAS
"C.E.R. NRO 311 ""DOCTOR GUILLERMO RAWSON""";CABAL;LA CAPITAL
"C.E.R. NRO 340 ""PAULA ALBARRACIN""";CAMPO CALVET;SAN JERONIMO
"C.E.R. NRO 345 ""TENIENTE GENERAL ROSENDO FRAGA""";LOS BRETES;LA CAPITAL
"C.E.R. NRO 354 ""BARTOLOME MITRE""";COLONIA SANTA IRENE;SAN JERONIMO
C.E.R. NRO 395;ESTANCIA LA MARKONIA;LA CAPITAL
C.E.R. NRO 406;ESTANCIA PICHUCO;SAN JUSTO
"C.E.R. NRO 418 ""PROFESOR JUAN MANTOVANI""";SALADERO MARIANO CABAL;GARAY
"C.E.R. NRO 443 ""FRAY BUENAVENTURA GIULIANI""";SILVA;SAN JUSTO
"C.E.R. NRO 444 ""GRANADEROS DE SAN LORENZO""";VERA Y PINTADO;SAN JUSTO
"C.E.R. NRO 445 ""TERESA STRADA DE RISTA""";ESTHER;SAN JUSTO
"C.E.R. NRO 446 ""EMILIO LEIVA""";CAYASTACITO;SAN JUSTO
"C.E.R. NRO 447 ""2 DE ABRIL""";MIGUEL ESCALADA;SAN JUSTO
C.E.R. NRO 448;LA CLARA;SAN JUSTO
"C.E.R. NRO 450 ""JUAN BAUTISTA CABRAL""";ANGELONI;SAN JUSTO
"C.E.R. NRO 464 ""FELIX DE OLAZABAL""";LAS PENCAS;SAN JERONIMO
"C.E.R. NRO 535 ""MARIANO MORENO""";LA PELADA;LAS COLONIAS
C.E.R. NRO 545;HELVECIA;GARAY
C.E.R. NRO 556;CAMPO LA PEPITA;SAN JUSTO
C.E.R. NRO 580;SAN AGUSTIN;LAS COLONIAS
C.E.R. NRO 588;COLONIA SOL DE MAYO;SAN JUSTO
C.E.R. NRO 600;VIDELA;SAN JUSTO
"ESCUELA ESPECIAL NRO 2008 ""DR. JUAN B. VAZQUEZ""";SANTA FE;LA CAPITAL
"ESCUELA ESPECIAL 2009 ""DOCTOR BERNARDO DE MONTEAGUDO""";SANTA FE;LA CAPITAL
"ESCUELA ESPECIAL NRO 2012 ""GENERAL SAN MARTIN""";SANTA FE;LA CAPITAL
"ESCUELA ESPECIAL 2026 ""JARDIN DE LA ESPERANZA""";SANTA FE;LA CAPITAL
"ESCUELA ESPECIAL NRO 2028 ""PROFESOR RAQUEL PIETRANERA""";SANTA FE;LA CAPITAL
"ESCUELA ESPECIAL 2032 ""FRANCISCO CASTELLANOS""";SANTO TOME;LA CAPITAL
ESCUELA ESPECIAL NRO 2037;SAN JUSTO;SAN JUSTO
"ESCUELA ESPECIAL NRO 2038 ""SIEMBRA DE AMOR Y ESPERANZA""";SAN JAVIER;SAN JAVIER
"ESCUELA ESPECIAL NRO 2040 ""LINA BECK BERNARD""";SAN CARLOS CENTRO;LAS COLONIAS
"ESCUELA ESPECIAL NRO 2041 ""DOCTOR JOSE GALVEZ""";GALVEZ;SAN JERONIMO
"ESCUELA ESPECIAL NRO 2063 ""SENDEROS DE AMOR""";LAGUNA PAIVA;LA CAPITAL
ESCUELA ESPECIAL N 2064;SANTA FE;LA CAPITAL
ESCUELA ESPECIAL PARA DISCAPACITADOS MENTALES NRO 2068;SANTA FE;LA CAPITAL
"ESCUELA ESPECIAL NRO 2075 ""DOCTOR EDGARDO MANZITTI""";SANTA FE;LA CAPITAL
"ESCUELA ESPECIAL 2077 ""JOSE ANTONIO TERRY""";SANTO TOME;LA CAPITAL
ESCUELA ESPECIAL NRO 2083;SANTA FE;LA CAPITAL
ESCUELA ESPECIAL DE FORMACION LABORAL NRO 2084;SANTO TOME;LA CAPITAL
"ESCUELA ESPECIAL N 2087 ""DR. CARLOS SYLVESTRE BEGNIS""";RECREO;LA CAPITAL
INSTITUTO NRO 2090 INTEGRAL DE ESTIMULACION TEMPRANA;SANTA FE;LA CAPITAL
ANEXO ESCUELA ESPECIAL DE FORMACION LABORAL NRO 2094;SAN JERONIMO NORTE;LAS COLONIAS
ESCUELA ESPECIAL DE FORMACION LABORAL NRO 2101;LAGUNA PAIVA;LA CAPITAL
ESCUELA ESPECIAL PARA DISCAPACITADOS MENTALES Nro 2104;SANTA FE;LA CAPITAL
"ESCUELA ESPECIAL NRO 2116 ""DR. CALOS SYLVESTRE BEGNIS""";HELVECIA;GARAY
"ESCUELA ESPECIAL NRO 2117 ""VALENTIN HAÜY"" DE DISCAP.VISUALES";SANTA FE;LA CAPITAL
"TALLER DE EDUCACION MANUAL NRO 1 ""PROFESOR PABLO PIZZURNO""";SANTA FE;LA CAPITAL
"TALLER DE EDUCACION MANUAL NRO 2 ""SAN JERONIMO""";SANTA FE;LA CAPITAL
"TALLER DE EDUCACION MANUAL NRO 5 ""RENE BOZZOLO""";LAGUNA PAIVA;LA CAPITAL
"TALLER DE EDUCACION MANUAL NRO 7 ""SENADOR ARMANDO ANTILLE""";HELVECIA;GARAY
"TALLER DE EDUCACION MANUAL NRO 9 ""MIGUEL RICARDO CORTI""";SANTA FE;LA CAPITAL
"TALLER DE EDUCACION MANUAL NRO 10 ""PROFESOR ALFREDO BELLO""";SANTA FE;LA CAPITAL
"TALLER DE EDUCACION MANUAL NRO 11 ""CECILIO TOLOSA""";SANTA FE;LA CAPITAL
"TALLER DE EDUCACION MANUAL NRO 14 ""ATILIO OLINTO MAURI""";SANTO TOME;LA CAPITAL
"TALLER DE EDUCACION MANUAL NRO 15""SANTO TOMAS DE AQUINO""";SANTO TOME;LA CAPITAL
"TALLER DE EDUCACION MANUAL NRO 22 ""MÁXIMO CARMELO LÓPEZ""";SAN JOSE DEL RINCON;LA CAPITAL
TALLER DE EDUCACION MANUAL NRO 24 SIN NOMBRE;SAN JERONIMO NORTE;LAS COLONIAS
"TALLER DE EDUCACION MANUAL 26 ""SANTOS SEGOVIA""";SAN JAVIER;SAN JAVIER
"TALLER DE EDUCACION MANUAL NRO 29 ""JUAN MANUEL SPIES""";RECREO;LA CAPITAL
TALLER DE EDUCACION MANUAL NRO 32 SIN NOMBRE;SANTA FE;LA CAPITAL
"TALLER DE EDUCACION MANUAL NRO 48 ""PABLO PIZZURNO""";MONJE;SAN JERONIMO
"TALLER DE EDUCACION MANUAL NRO 53 ""JOSE BERNARDO ITURRASPE""";GALVEZ;SAN JERONIMO
"TALLER DE EDUCACION MANUAL NRO 58 ""LUIS BORRUAT""";SAN CARLOS CENTRO;LAS COLONIAS
"TALLER DE EDUCACION MANUAL NRO 64 ""DOMINGO FAUSTINO SARMIENT";BARRANCAS;SAN JERONIMO
"TALLER DE EDUCACION MANUAL NRO 72 ""DOCTOR MARIANO CABAL""";SAN JUSTO;SAN JUSTO
"TALLER DE EDUCACION MANUAL NRO 73 ""BRIGADIER ESTANISLAO LOPE";SANTA FE;LA CAPITAL
"TALLER DE EDUCACION MANUAL NRO 74 ""ANTONIO MARIA PIZZORNO""";SANTA FE;LA CAPITAL
"TALLER DE EDUCACION MANUAL NRO 80 ""ODILIO RAMON DAYER""";SANTA FE;LA CAPITAL
"TALLER DE EDUCACION MANUAL NRO 84 ""FRAY ANTONIO ROSSI""";SANTA ROSA DE CALCHINES;GARAY
"TALLER DE EDUCACION MANUAL NRO 89 ""GENERAL BARTOLOME MITRE";PROGRESO;LAS COLONIAS
"TALLER DE EDUCACION MANUAL NRO 93 ""PROFESOR LUIS BORRUAT""";SANTA FE;LA CAPITAL
"TALLER DE EDUCACION MANUAL NRO 97 ""PABLO A. PIZZURNO""";CORONDA;SAN JERONIMO
"TALLER DE EDUCACION MANUAL NRO 101 ""GENERAL MANUEL BELGRANO""";MACIEL;SAN JERONIMO
"TALLER DE EDUCACION MANUAL NRO 105 ""DOCTOR SALVADOR MAZZA""";SANTA FE;LA CAPITAL
"TALLER DE EDUCACION MANUAL NRO 110 ""11 DE SEPTIEMBRE""";SANTA FE;LA CAPITAL
TALLER DE EDUCACION MANUAL NRO 120;GOBERNADOR CRESPO;SAN JUSTO
"TALLER DE EDUCACION MANUAL NRO 123 ""DGO. FAUSTINO SARMIENTO""";GABOTO;SAN JERONIMO
"TALLER DE EDUCACION MANUAL NRO 124 ""OSCAR ALFREDO MONTEGROSS";LAGUNA PAIVA;LA CAPITAL
"TALLER DE EDUCACION MANUAL NRO 156 ""MIROSLAV BARDONEK""";SANTA FE;LA CAPITAL
"TALLER DE EDUCACION MANUAL NRO 158 ""ALMAFUERTE""";SANTA FE;LA CAPITAL
TALLER DE EDUCACION MANUAL NRO 160;SANTO TOME;LA CAPITAL
TALLER DE EDUCACION MANUAL NRO 163;SANTO TOME;LA CAPITAL
"TALLER DE EDUCACION MANUAL NRO 164 ""LOS QUILOAZAS""";SANTA FE;LA CAPITAL
"TALLER DE EDUCACION MANUAL NRO 171 ""SOBERANIA NACIONAL""";SANTA FE;LA CAPITAL
"TALLER DE EDUCACION MANUAL NRO 173 ""CARLOS SAAVEDRA LAMAS""";SANTA FE;LA CAPITAL
"TALLER DE EDUCACION MANUAL NRO 177 ""29 DE ABRIL""";SANTA FE;LA CAPITAL
"TALLER DE EDUCACION MANUAL NRO 178 ""2 DE ABRIL""";SANTA FE;LA CAPITAL
"TALLER DE EDUCACION MANUAL NRO 180 ""LINO ENEA SPILIMBERGO""";SANTA FE;LA CAPITAL
"TALLER DE EDUCACION MANUAL NRO 181 ""PUERTO ARGENTINO""";SANTA FE;LA CAPITAL
"TALLER DE EDUCACION MANUAL NRO 186 ""FEDERICO ANGEL STEINMAN";SANTA FE;LA CAPITAL
"TALLER DE EDUCACION MANUAL NRO 189 ""PROFESOR CARLOS VERGARA""";SANTA FE;LA CAPITAL
TALLER DE EDUCACION MANUAL NRO 196;SANTA FE;LA CAPITAL
TALLER DE EDUACION MANUAL 197;SANTA FE;LA CAPITAL
"TALLER DE EDUCACION MANUAL NRO 198 ""20 DE JUNIO""";SANTA FE;LA CAPITAL
"TALLER DE EDUCACION MANUAL NRO 199 ""MADRE TERESA DE CALCUTA""";SANTA FE;LA CAPITAL
"CENTRO DE EDUCACION FISICA NRO 1 ""OSCAR MALVICINO""";SANTA FE;LA CAPITAL
CENTRO DE EDUCACION FISICA NRO 4;SANTA FE;LA CAPITAL
CENTRO DE EDUCACION FISICA NRO 10;SANTA FE;LA CAPITAL
CENTRO DE EDUCACION FISICA NRO 22;CORONDA;SAN JERONIMO
CENTRO DE EDUCACION FISICA NRO 23;SAN JUSTO;SAN JUSTO
CENTRO DE EDUCACION FISICA NRO 28;HELVECIA;GARAY
"CENTRO DE EDUCACION FISICA NRO 29 ""ROBERTO TORRES GUANATEY""";SANTA FE;LA CAPITAL
CENTRO DE EDUCACION FISICA NRO 30;LAGUNA PAIVA;LA CAPITAL
"CENTRO DE EDUCACION FISICA NRO 33 ""GLADYS ERBETTA""";SANTO TOME;LA CAPITAL
"CENTRO DE EDUCACION FISICA NRO 42 ""PROFESOR EDGARD BALAUDO""";GALVEZ;SAN JERONIMO
CENTRO DE EDUCACION FISICA NRO 43;SAN JAVIER;SAN JAVIER
CENTRO DE EDUCACION FISICA NRO 44;SAN CARLOS CENTRO;LAS COLONIAS
CENTRO DE EDUCACION FISICA NRO 50;SANTO TOME;LA CAPITAL
CENTRO DE EDUCACION FISICA NRO 52;SANTA FE;LA CAPITAL
"PLANTA CAMPAMENTIL ""JOSE FRANCISCO CAGNIN""";CORONDA;SAN JERONIMO
PLANTA CAMPAMENTIL NRO 7504;SAN JOSE DEL RINCON;LA CAPITAL
"ANEXO I ESC. ESPECIAL NRO 2111 ""BLANCA GOMEZ DE FERREYRA""";SANTA FE;LA CAPITAL
"ESCUELA ESPECIAL NRO 2111 ""ESTELA BLANCA LIRA GOMEZ DE FERREYRA""";SANTA FE;LA CAPITAL
"CENTRO DE EDUCACION FISICA NRO 55 ""NEHUEN""";SANTA FE;LA CAPITAL
N.R.E.S. ORIENTADA NRO 1359;CACIQUE ARIACAIQUIN;SAN JAVIER
"E.E.S. ORIENTADA NRO 201 ""JOSE ELÍAS GALISTEO""";CORONDA;SAN JERONIMO
"E.E.S. ORIENTADA NRO 213 ""MANUEL BELGRANO""";SAN CARLOS CENTRO;LAS COLONIAS
"E.E.S. ORIENTADA NRO 218 ""MARIANO MORENO""";MACIEL;SAN JERONIMO
"E.E.S. ORIENTADA NRO 220 ""DOCTOR RICARDO FOSTER""";SAN JERONIMO NORTE;LAS COLONIAS
"E.E.S. ORIENTADA NRO 231 ""REPÚBLICA DE NICARAGUA""";SANTA FE;LA CAPITAL
"E.E.S. ORIENTADA NRO 239 ""CRUCERO GENERAL BELGRANO""";BERNARDO DE IRIGOYEN;SAN JERONIMO
"E.E.S. ORIENTADA NRO 242 ""GENERAL MANUEL BELGRANO""";SAN JAVIER;SAN JAVIER
"E.E.S. ORIENTADA NRO 253 ""MARIANO MORENO""";PROGRESO;LAS COLONIAS
"E.E.S. ORIENTADA NRO 256 ""GENERAL JUAN BAUTISTA BUSTOS""";SANTA FE;LA CAPITAL
"E.E.S. ORIENTADA NRO 261 ""JOSÉ HERNÁNDEZ""";SANTA FE;LA CAPITAL
"E.E.S. ORIENTADA NRO 262 ""REPÚBLICA ARGENTINA""";SANTA FE;LA CAPITAL
"E.E.S. ORIENTADA NRO 263 ""ALFONSO GRILLI""";SANTA FE;LA CAPITAL
"E.E.S. ORIENTADA NRO 264 ""CONSTITUYENTES""";SANTA FE;LA CAPITAL
"E.E.S. ORIENTADA NRO 265 ""YAPEYÚ""";SANTA FE;LA CAPITAL
"E.E.S. ORIENTADA NRO 266 ""IGNACIO CRESPO""";RECREO;LA CAPITAL
"E.E.S. ORIENTADA NRO 303 ""DOCTOR PAULINO LLAMBI CAMPBELL""";LLAMBI CAMPBELL;LA CAPITAL
"E.E.S. ORIENTADA NRO 311 ""FRAY BUENAVENTURA GIULIANI""";LA CRIOLLA;SAN JUSTO
"E.E.S. ORIENTADA NRO 313 ""MARTÍN MIGUEL DE GUEMES""";LA BRAVA;SAN JAVIER
"E.E.S. ORIENTADA NRO 315 ""MARIANO MORENO""";VERA Y PINTADO;SAN JUSTO
"E.E.S. ORIENTADA NRO 318 ""ANTÁRTIDA ARGENTINA""";DIAZ;SAN JERONIMO
"E.E.S. ORIENTADA NRO 320 ""ALFONSINA STORNI""";AROCENA;SAN JERONIMO
"E.E.S. ORIENTADA NRO 326 ""PATRIARCA DE LA FEDERACIÓN""";SANTA FE;LA CAPITAL
"E.E.S. ORIENTADA NRO 331 ""ALMIRANTE GUILLERMO BROWN""";SANTA FE;LA CAPITAL
"E.E.S. ORIENTADA NRO 333 ""HERNANDARIAS""";HELVECIA;GARAY
"E.E.S. ORIENTADA NRO 340 ""REPÚBLICA DEL PERÚ""";SANTO TOME;LA CAPITAL
"E.E.S. ORIENTADA NRO 341 ""SIMÓN BOLIVAR""";NELSON;LA CAPITAL
"E.E.S. ORIENTADA NRO 359 ""BERNABE VERA""";MARCELINO ESCALADA;SAN JUSTO
"E.E.S. ORIENTADA NRO 362 ""SAN JOSÉ DE CALASANZ""";MONJE;SAN JERONIMO
"E.E.S. ORIENTADA NRO 366 ""TENIENTE CORONEL NICOLÁS DENIS""";SAN JERONIMO DEL SAUCE;LAS COLONIAS
"E.E.S. ORIENTADA NRO 367 ""BRIGADIER ESTANISLAO LOPEZ""";LA PELADA;LAS COLONIAS
"E.E.S. ORIENTADA NRO 382 ""SANTA FE DE LA VERA CRUZ""";SANTA FE;LA CAPITAL
"E.E.S. ORIENTADA NRO 389 ""JULIO MIGNO""";SANTA FE;LA CAPITAL
"E.E.S. ORIENTADA NRO 391 ""DOCTOR AGUSTÍN ZAPATA GOLLÁN""";SANTA FE;LA CAPITAL
"E.E.S. ORIENTADA NRO 488 ""SAN AGUSTÍN""";SAN AGUSTIN;LAS COLONIAS
"E.E.S. ORIENTADA NRO 496 ""HEROES DEL 2 DE ABRIL""";DESVIO ARIJON;SAN JERONIMO
"E.E.S. ORIENTADA NRO 506 ""ÁNGELA PERALTA PINO""";SANTA FE;LA CAPITAL
E.E.S. ORIENTADA NRO 507;SANTA FE;LA CAPITAL
"E.E.S. ORIENTADA NRO 509 ""11 DE OCTUBRE""";RECREO;LA CAPITAL
"E.E.S. ORIENTADA NRO 510 ""LS ESMERALDA""";SANTA FE;LA CAPITAL
E.E.S. ORIENTADA NRO 511;SANTA FE;LA CAPITAL
"E.E.S. ORIENTADA NRO 512 ""ALFREDO PEDRO BRAVO""";SANTA FE;LA CAPITAL
E.E.S. ORIENTADA NRO 521;LOPEZ;SAN JERONIMO
E.E.S. ORIENTADA NRO 528;SANTA FE;LA CAPITAL
E.E.S. ORIENTADA NRO 529;IRIGOYEN;SAN JERONIMO
E.E.S. ORIENTADA NRO 530;SAN CARLOS NORTE;LAS COLONIAS
"E.E.S. ORIENTADA NRO 531 ""AURELIA BODE DE CABALLERO MARTIN""";HELVECIA;GARAY
E.E.S. ORIENTADA NRO 532;LA CAMILA;SAN JUSTO
E.E.S. ORIENTADA NRO 533;LA PENCA Y CARAGUATA;SAN JUSTO
E.E.S. ORIENTADA NRO 534;COLONIA CALIFORNIA;SAN JAVIER
E.E.S. ORIENTADA NRO 535;SANTA ROSA DE CALCHINES;GARAY
E.E.S. ORIENTADA NRO 536;SANTA MARIA NORTE;LAS COLONIAS
"E.E.S. ORIENTADA NRO 537 ""OLGA COSSETTINI""";CORONDA;SAN JERONIMO
"E.E.S. ORIENTADA NRO 538 ""ARMANDO CAVAILLÉ""";MARIA LUISA;LAS COLONIAS
"E.E.S. ORIENTADA NRO 568 ""20 DE SEPTIEMBRE""";MATILDE;LAS COLONIAS
E.E.S. ORIENTADA NRO 587;GOBERNADOR CANDIOTI;LA CAPITAL
"E.E.S. ORIENTADA NRO 589 ""DR. RENÉ G. FAVALORO""";SAN FABIAN;SAN JERONIMO
E.E.S.O. NRO 590;ARROYO LEYES;LA CAPITAL
E.E.S.O. NRO 595;SANTA FE;LA CAPITAL
E.E.S.O. NRO 596;SANTO TOME;LA CAPITAL
E.E.S.O. NRO 597;SANTA FE;LA CAPITAL
"E.E.S.O. NRO 598 ""JUANA AZURDUY""";DESVIO ARIJON;SAN JERONIMO
E.E.S.O. NRO 599;SANTA FE;LA CAPITAL
"E.E.S. ORIENTADA NRO 637 ""DOMINGO CULLEN""";SANTA FE;LA CAPITAL
"E.E.S. ORIENTADA NRO 684 ""DOCTOR MARIANO QUIROGA""";SANTA FE;LA CAPITAL
A.E.S. ORIENTADA NRO 1242;SALADERO MARIANO CABAL;GARAY
"A.E.S. ORIENTADA NRO 1537 ""OLGA COSSETTINI""";LARRECHEA;SAN JERONIMO
A.E.S. ORIENTADA NRO 1691;ARROYO AGUIAR;LA CAPITAL
A.E.S. ORIENTADA NRO 2359;COLONIA DOLORES;SAN JUSTO
"E.E. TÉCNICO PROFESIONAL NRO 277 ""FRAY FRANCISCO CASTAÑEDA""";SAN JUSTO;SAN JUSTO
"E.E. TÉCNICO PROFESIONAL NRO 280 ""CORBETA URUGUAY""";BARRANCAS;SAN JERONIMO
"E.E. TÉCNICO PROFESIONAL NRO 284 ""FLORIÁN PAUCKE""";SAN JAVIER;SAN JAVIER
"E.E. TÉCNICO PROFESIONAL NRO 299 ""CARLOS SYLVESTRE BEGNIS""";SA PEREYRA;LAS COLONIAS
"E.E. TÉCNICO PROFESIONAL NRO 322 ""OBISPO GELABERT""";SANTO TOME;LA CAPITAL
"E.E. TÉCNICO PROFESIONAL NRO 324 ""LOS CONSTITUYENTES""";MONTE VERA;LA CAPITAL
"E.E. TÉCNICO PROFESIONAL NRO 336 ""MARIO CESAR VIDELA""";SAN JUSTO;SAN JUSTO
"E.E. TÉCNICO PROFESIONAL NRO 351 ""CARMEN ALLIO DE MARTINEZ""";PEDRO GOMEZ CELLO;SAN JUSTO
"E.E. TÉCNICO PROFESIONAL NRO 355 ""JOSÉ SCALDAFERRI""";SAUCE VIEJO;LA CAPITAL
E.E. TÉCNICO PROFESIONAL NRO 370;CAYASTA;GARAY
E.E. TÉCNICO PROFESIONAL NRO 377;COLONIA MASCIAS;GARAY
E.E. TÉCNICO PROFESIONAL NRO 387;SANTA FE;LA CAPITAL
"E.E. TÉCNICO PROFESIONAL NRO 399 ""GASTÓN GORI""";RECREO;LA CAPITAL
E.E. TÉCNICO PROFESIONAL Y SECUNDARIA ORIENTADA NRO 508;SANTA FE;LA CAPITAL
"E.E. TÉCNICO PROFESIONAL NRO 527 ""BICENTENARIO DE LA PATRIA""";SANTA FE;LA CAPITAL
"E.E. TÉCNICO PROFESIONAL NRO 601 ""LEANDRO N. ALEM""";SANTA FE;LA CAPITAL
"E.E. TÉCNICO PROFESIONAL NRO 612 ""EUDOCIO DE LOS SANTOS GIMENEZ""";CORONDA;SAN JERONIMO
"E.E. TÉCNICO PROFESIONAL NRO 614 ""ENRIQUE JOSÉ MUZZIO""";SANTO TOME;LA CAPITAL
"E.E. TÉCNICO PROFESIONAL NRO 631 ""BENJAMÍN GOROSTIAGA""";SAN CARLOS CENTRO;LAS COLONIAS
"E.E. TÉCNICO PROFESIONAL NRO 633 ""CENTENARIO DE BOLIVIA""";SANTA FE;LA CAPITAL
"E.E. TÉCNICO PROFESIONAL NRO 645 ""CORONEL MARTÍN JACOBO THOMPSON""";SANTA FE;LA CAPITAL
"E.E. TÉCNICO PROFESIONAL NRO 647 ""DOCTOR PEDRO FUNES""";SANTA FE;LA CAPITAL
"E.E. TÉCNICO PROFESIONAL NRO 651 ""REMEDIOS ESCALADA DE SAN MARTÍN""";SANTA FE;LA CAPITAL
"E.E. TÉCNICO PROFESIONAL NRO 655 ""PAULA ALBARRACÍN DE SARMIENTO""";SANTA FE;LA CAPITAL
"E.E. TÉCNICO PROFESIONAL NRO 658 ""MARIA SÁNCHEZ DE THOMPSON""";SAN JOSE DEL RINCON;LA CAPITAL
"E.E. TÉCNICO PROFESIONAL NRO 670 ""GENERAL ANTONIO GONZÁLEZ BALCARCE""";GALVEZ;SAN JERONIMO
"E.E. TÉCNICO PROFESIONAL NRO 687 ""REPÚBLICA DE VENEZUELA""";GOBERNADOR CRESPO;SAN JUSTO
"E.E. TÉCNICO PROFESIONAL NRO 690 ""LUCÍA ARAOZ""";ANGEL GALLARDO;LA CAPITAL
"E.E. TÉCNICO PROFESIONAL NRO 691 ""LAUREANA DE OLAZÁBAL""";LAGUNA PAIVA;LA CAPITAL
"E.E. TÉCNICO PROFESIONAL NRO 696 ""PADRE E. NIEMANN""";SAN JERONIMO NORTE;LAS COLONIAS
"E.E.S. ORIENTADA NRO 416 ""GENERAL SAN MARTÍN""";BARRANCAS;SAN JERONIMO
"E.E.S. ORIENTADA NRO 423 ""REYNALDO CULLEN""";LAGUNA PAIVA;LA CAPITAL
"E.E.S. ORIENTADA NRO 440 ""SIMÓN DE IRIONDO""";SANTA FE;LA CAPITAL
"E.E.S. ORIENTADA NRO 441 ""DOCTOR VICTORIANO MONTES""";SANTA FE;LA CAPITAL
"E.E.S. ORIENTADA NRO 442 ""JUANA DEL PINO DE RIVADAVIA""";SANTA FE;LA CAPITAL
"E.E.S. ORIENTADA NRO 443 ""JOSÉ MANUEL DE ESTRADA""";SANTO TOME;LA CAPITAL
"E.E. TÉCNICO PROFESIONAL NRO 456 ""HIPÓLITO YRIGOYEN""";GALVEZ;SAN JERONIMO
"E.E. TÉCNICO PROFESIONAL NRO 457 ""JUAN DE GARAY""";HELVECIA;GARAY
"E.E. TÉCNICO PROFESIONAL NRO 458 ""HERNANDARIAS DE SAAVEDRA""";LAGUNA PAIVA;LA CAPITAL
"E.E. TÉCNICO PROFESIONAL NRO 478 ""DOCTOR NICOLÁS AVELLANEDA""";SANTA FE;LA CAPITAL
"E.E. TÉCNICO PROFESIONAL NRO 479 ""DOCTOR MANUEL PIZARRO""";SANTA FE;LA CAPITAL
"E.E. TÉCNICO PROFESIONAL NRO 480 ""MANUEL BELGRANO""";SANTA FE;LA CAPITAL
"E.E. TÉCNICO PROFESIONAL NRO 481 ""ESTEBAN ECHEVERRÍA""";SANTA FE;LA CAPITAL
"ESCUELA NORMAL SUPERIOR NRO 31 ""REPUBLICA DE MÉXICO""";SAN JUSTO;SAN JUSTO
"ESCUELA NORMAL SUPERIOR NRO 32 ""GENERAL JOSE DE SAN MARTÍN""";SANTA FE;LA CAPITAL
ESCUELA SUPERIOR DE COMERCIO NRO 44;GALVEZ;SAN JERONIMO
"ESCUELA SUPERIOR DE COMERCIO NRO 45 ""DOCTOR JOSE ROBERTO GONZÁLEZ""";SAN JUSTO;SAN JUSTO
"ESCUELA NORMAL SUPERIOR Y SUPERIOR DE COMERCIO NRO 46 ""DOMINGO GUZMÁN SILVA""";SANTA FE;LA CAPITAL
"ANEXO I-ESC.NORMAL Y SUP.DE COMERCIO NRO 46 ""DOMINGO G.SILVA";RECREO;LA CAPITAL
"ANEXO II-ESC.NORMAL Y SUP.DE COMERCIO NRO 46""DOMINGO G.SILVA";SANTO TOME;LA CAPITAL
"E.E.T. NRO 629 ""BRIGADIER ESTANISLAO LOPEZ""";SANTA FE;LA CAPITAL
"ESCUELA PROVINCIAL DE ARTES VISUALES NRO 1 ""JUAN MANTOVANI""";SANTA FE;LA CAPITAL
INSTITUTO SUP. DE CINE Y ARTES AUDIOVISUALES;SANTA FE;LA CAPITAL
"ESC. PROV. DE MUSICA NRO 9900 ""INSTITUTO CORAL""";SANTA FE;LA CAPITAL
"ESC.PROV.DE MUSICA ""ORQUESTA DE NIÑOS Y JUVENIL"" NRO 9901";SANTA FE;LA CAPITAL
"ESCUELA PROVINCIAL DE MUSICA NRO 9902 ""C.R.E.I""";SANTA FE;LA CAPITAL
CAMPAMENTO CULTURAL NRO 9000;CAYASTA;GARAY
ESCUELA PROVINCIAL DE TEATRO NRO 3200;SANTA FE;LA CAPITAL
"GRADO RADIAL N I-ESCUELA NOCTURNA NRO 1 ""HIPOLITO IRIGOYEN""";SANTA FE;LA CAPITAL
"E.E.P.N. NRO 1 ""HIPOLITO IRIGOYEN""";SANTA FE;LA CAPITAL
"GRADO RADIAL NRO II ""CARITAS MARIA MISIONERA""";SANTO TOME;LA CAPITAL
"GRADO RADIAL NRO I-ESC.NOCTURNA NRO 3""GENERAL MARTIN DE GÜE";SANTO TOME;LA CAPITAL
"E.E.P.N. NRO 3 ""GENERAL MARTIN MIGUEL DE GÜEMES""";SANTO TOME;LA CAPITAL
GRADO RADIAL NRO 75- ESCUELA NOCTURNA NRO 4;SANTA FE;LA CAPITAL
E.E.P.N. NRO 4;SANTA FE;LA CAPITAL
GRADO RADIAL NRO III-ESCUELA HERNANDARIAS NRO 5;SANTA FE;LA CAPITAL
"GRADO RADIAL NRO II - ESCUELA NOCTURNA NRO 5 ""HERNANDARIAS""";SANTA FE;LA CAPITAL
"GRADO RADIAL NRO I - ESCUELA NOCTURNA NRO 5 ""HERNANDARIAS""";SANTA FE;LA CAPITAL
"ESCUELA NOCTURNA NRO 5 ""HERNANDARIAS""";SANTA FE;LA CAPITAL
GRADO RADIAL II - ESCUELA NOCTURNA NRO 6;SANTA FE;LA CAPITAL
"ESCUELA NOCTURNA NRO 6 ""CORONEL LUIS JORGE FONTANA""";SANTA FE;LA CAPITAL
GRADO RADIAL I - ESCUELA NOCTURNA NRO 14;ELISA;LAS COLONIAS
GRADO RADIAL NRO III - ESCUELA NOCTURNA NRO 24;SANTA FE;LA CAPITAL
GRADO RADIAL NRO II - ESCUELA NOCTURNA NRO 2524;SANTA FE;LA CAPITAL
"ESCUELA NRO 24 EGB ADULTOS ""SOLDADO ARGENTINO""";SANTA FE;LA CAPITAL
GRADO RADIAL NRO II - ESCUELA NOCTURNA NRO 32;SANTA FE;LA CAPITAL
GRADO RADIAL NRO I - ESCUELA NOCTURNA NRO 32;SANTA FE;LA CAPITAL
ESCUELA NOCTURNA NRO 32;SANTA FE;LA CAPITAL
"E.E.P.N. NRO 43 ""REPUBLICA DE MEXICO""";SANTA FE;LA CAPITAL
GRADO RADIAL VI-ESCUELA NOCTURNA NRO 44;SANTA FE;LA CAPITAL
GRADO RADIAL V - ESCUELA NOCTURNA NRO 44;SANTA FE;LA CAPITAL
GRADO RADIAL IV - ESCUELA NOCTURNA NRO 44;SANTA FE;LA CAPITAL
GRADO RADIAL III - ESCUELA NOCTURNA NRO 44;SANTA FE;LA CAPITAL
GRADO RADIAL NRO II - ESCUELA NOCTURNA NRO 44;SANTA FE;LA CAPITAL
GRADO RADIAL NRO I - ESCUELA NOCTURNA NRO 44;SANTA FE;LA CAPITAL
"ESCUELA PRIMARIA NOCTURNA NRO 44 ""PABLO RICCHIERI""";SANTA FE;LA CAPITAL
GRADO RADIAL NRO II - ESCUELA NOCTURNA NRO 45;SANTA FE;LA CAPITAL
GRADO RADIAL NRO I - ESCUELA NOCTURNA NRO 45;SANTA FE;LA CAPITAL
"ESCUELA NOCTURNA NRO 45 ""JOSE HERNANDEZ""";SANTA FE;LA CAPITAL
GRADO RADIAL NROI - ESCUELA NOCTURNA Nº63;SANTA FE;LA CAPITAL
E.E.P.N. NRO 63;SANTA FE;LA CAPITAL
GRADO RADIAL IV - ESCUELA NOCTURNA NRO 80 - SAN FABIAN;SAN FABIAN;SAN JERONIMO
GRADO RADIAL III - ESCUELA NOCTURNA NRO 80;CORONDA;SAN JERONIMO
GRADO RADIAL II - ESCUELA NOCTURNA NRO 80 - IRIGOYEN;IRIGOYEN;SAN JERONIMO
GRADO RADIAL I - ESCUELA NOCTURNA NRO 80 - MONJE;MONJE;SAN JERONIMO
ESCUELA NOCTURNA NRO 80;CORONDA;SAN JERONIMO
GRADO RADIAL NRO III - ESCUELA NOCTURNA NRO 2581;SANTA FE;LA CAPITAL
GRADO RADIAL NRO II - ESCUELA NOCTURNA NRO 81;SANTA FE;LA CAPITAL
"GRADO RADIAL NRO I - ESCUELA NOCTURNA NRO 81 ""FRANCISCO CAND";SANTA FE;LA CAPITAL
ESCUELA PRIMARIA NOCTURNA NRO 2581;SANTA FE;LA CAPITAL
GRADO RADIAL NRO I (202) -ESCUELA NOCTURNA NRO 84;SANTA FE;LA CAPITAL
"ESCUELA PRIM. NOCT. NRO 84 ""FRANCISCO JAVIER DE LA ROSA""";SANTA FE;LA CAPITAL
GRADO RADIAL N°IV-ESCUELA NOCTURNA NRO 85;CAYASTACITO;SAN JUSTO
GRADO RADIAL NRO III - ESCUELA NOCTURNA NRO 85;SAN JUSTO;SAN JUSTO
GRADO RADIAL NRO I - ESCUELA NOCTURNA NRO 85;SAN JUSTO;SAN JUSTO
"ESCUELA PRIMARIA NOCTURNA NRO 85 ""MARÍA HAYDEÉ MICHEA DE IBARRA""";SAN JUSTO;SAN JUSTO
GRADO RADIAL NRO IV-ESCUELA NOCTURNA NRO 86;SANTA CLARA DE BUENA VISTA;LAS COLONIAS
GRADO RADIAL NRO III - ESCUELA NOCTURNA NRO 86;SAN CARLOS NORTE;LAS COLONIAS
GRADO RADIAL NRO II - ESCUELA NOCTURNA NRO 86;SAN CARLOS SUD;LAS COLONIAS
GRADO RADIAL NRO I - ESCUELA NOCTURNA NRO 86;SAN JERONIMO DEL SAUCE;LAS COLONIAS
"ESCUELA NOCTURA NRO 86 ""ARTEMIO GROSSO""";SAN CARLOS CENTRO;LAS COLONIAS
"ESCUELA PRIMARIA NOCTURNA NRO 90 ""RINCON DEL UBAJAY""";SAN JOSE DEL RINCON;LA CAPITAL
GRADO RADIAL IV - ESCUELA NOCTURNA NRO 102;COLONIA MASCIAS;GARAY
GRADO RADIAL III-ESCUELA NOCTURNA NRO 102;SAN JAVIER;SAN JAVIER
GRADO RADIAL II - ESCUELA NOCTURNA NRO 102;SAN JAVIER;SAN JAVIER
GRADO RADIAL I - ESCUELA NOCTURNA NRO 102;CAYASTA;GARAY
ESCUELA NOCTURNA NRO 102;SAN JAVIER;SAN JAVIER
"ESC.PRIM.NOCT. P/ ADULTOS NRO 2001""JUANA MANSO DE NORONHA""";SANTA FE;LA CAPITAL
ESCUELA NOCTURNA NRO 2002;CORONDA;SAN JERONIMO
"E.E.M.P.A. NRO 1028 ""FRANCISCO CANDIOTI""";SANTA FE;LA CAPITAL
E.E.M.P.A. NRO 1030;SAN CARLOS CENTRO;LAS COLONIAS
E.E.M.P.A. NRO 1031;SAN JERONIMO NORTE;LAS COLONIAS
"E.E.M.P.A. NRO 1040 ""MANUEL GONZALEZ HERRERA""";SAN JAVIER;SAN JAVIER
E.E.M.P.A. NRO 1042;MACIEL;SAN JERONIMO
E.E.M.P.A. NRO 1044;SAN JUSTO;SAN JUSTO
"E.E.M.P.A. NRO 1052 ""RAQUEL CAROLINA NEGRO"" """;SANTA FE;LA CAPITAL
E.E.M.P.A. NRO 1085;ELISA;LAS COLONIAS
E.E.M.P.A. NRO 1146;SANTA FE;LA CAPITAL
"E.E.M.P.A. NRO 1148 ""JOSE PEDRONI""";CORONDA;SAN JERONIMO
"E.E.M.P.A. NRO 1151 ""FRANCISCO URONDO""";SANTA FE;LA CAPITAL
"E.E.M.P.A. NRO 1157 ""JULIETA LANTERI""";SANTA FE;LA CAPITAL
"E.E.M.P.A. NRO 1159 ""MARIA CATALINA ECHEVARRIA""";SANTA FE;LA CAPITAL
"E.E.M.P.A. NRO 1201 ""GENERAL JOSE DE SAN MARTIN""";NELSON;LA CAPITAL
E.E.M.P.A. NRO 1218;SANTO TOME;LA CAPITAL
E.E.M.P.A. NRO 1242;BERNARDO DE IRIGOYEN;SAN JERONIMO
"E.E.M.P.A. NRO 1248 ""BRIGADIER ESTANISLAO LOPEZ""";LAGUNA PAIVA;LA CAPITAL
E.E.M.P.A. NRO 1254;SAN JOSE DEL RINCON;LA CAPITAL
E.E.M.P.A. NRO 1262;GOBERNADOR CRESPO;SAN JUSTO
E.E.M.P.A. NRO 1273;LLAMBI CAMPBELL;LA CAPITAL
E.E.M.P.A. NRO 1275;BARRANCAS;SAN JERONIMO
E.E.M.P.A. NRO 1285;RECREO;LA CAPITAL
"E.E.M.P.A. NRO 1292 ""JUAN MAXIMIANO VIGO""";HELVECIA;GARAY
"E.E.M.P.A. NRO 1298 ""MARIA REMEDIOS DEL VALLE""";SANTA FE;LA CAPITAL
E.E.M.P.A. NRO 1300;SANTA FE;LA CAPITAL
E.E.M.P.A. NRO 1304;GALVEZ;SAN JERONIMO
E.E.M.P.A. NRO 1305;SANTA FE;LA CAPITAL
"E.E.M.P.A. NRO 1309 ""JUAN JOSÉ SAER""";SANTA FE;LA CAPITAL
E.E.M.P.A. NRO 1316;SANTA FE;LA CAPITAL
"E.E.M.P.A. NRO 1318 ""ALTO VERDE""";SANTA FE;LA CAPITAL
"E.E.M.P.A. NRO 1321 ""OMAR ELVIO VERA""";SANTA FE;LA CAPITAL
E.E.M.P.A. NRO 1326;SANTA FE;LA CAPITAL
"E.E.M.P.A. NRO 1328 ""ALICIA LÓPEZ""";SANTA FE;LA CAPITAL
E.E.M.P.A. NRO 1329;SANTA ROSA DE CALCHINES;GARAY
E.E.M.P.A. NRO 1331;SANTA FE;LA CAPITAL
ANEXO I - E.E.M.P.A. NRO 1030;SANTA CLARA DE BUENA VISTA;LAS COLONIAS
ANEXO I - E.E.M.P.A. NRO 1031;FRANK;LAS COLONIAS
ANEXO E.E.M.P.A. NRO 1044;NARE;SAN JUSTO
"ANEXO I - E.E.M.P.A. NRO 1148 ""JOSE PEDRONI""";CORONDA;SAN JERONIMO
ANEXO I - E.E.M.P.A. NRO 1151;SANTA FE;LA CAPITAL
ANEXO I - E.E.M.P.A. NRO 1218;SANTO TOME;LA CAPITAL
ANEXO I - E.E.M.P.A. NRO 1262;LA CRIOLLA;SAN JUSTO
ANEXO E.E.M.P.A. NRO 1275;MONJE;SAN JERONIMO
ANEXO I - E.E.M.P.A. NRO 1285;MONTE VERA;LA CAPITAL
ANEXO I - E.E.M.P.A. NRO 1329;CAYASTA;GARAY
ANEXO II - E.E.M.P.A.NRO 1151;SANTA FE;LA CAPITAL
ANEXO II - E.E.M.P.A. NRO 1218 - SAUCE VIEJO;SAUCE VIEJO;LA CAPITAL
ANEXO II- E.E.M.P.A. NRO 1262;MARCELINO ESCALADA;SAN JUSTO
ANEXO E.E.M.P.A. NRO 1273;EMILIA;LA CAPITAL
CENTRO CAPACITACION LABORAL Nº 1;SANTA FE;LA CAPITAL
"C.E.C.LA. NRO 14 ""PADRE LEON DEHON""";MACIEL;SAN JERONIMO
C.E.C.L.A. NRO 20;SANTA FE;LA CAPITAL
C.E.C.LA. NRO 21;CORONDA;SAN JERONIMO
CENTRO CAPACITACION LABORAL 23 SIN NOMBRE;SANTA FE;LA CAPITAL
C.E.C.LA. NRO 34;SANTA FE;LA CAPITAL
C.E.C.L.A. NRO 42;SANTO TOME;LA CAPITAL
C.E.C.L.A. NRO 60;SANTA FE;LA CAPITAL
C.E.C.L.A. NRO 68;SANTA FE;LA CAPITAL
C.E.C.L.A. NRO 71;SANTA FE;LA CAPITAL
C.E.C.L.A. NRO 72;SANTA FE;LA CAPITAL
C.E.C.L.A. NRO 73;SAN CARLOS CENTRO;LAS COLONIAS
C.E.C.L.A. NRO 78;SANTO TOME;LA CAPITAL
C.E.C.L.A. NRO 90;SANTA FE;LA CAPITAL
C.E.C.L.A NRO 92;SANTA FE;LA CAPITAL
C.E.C.L.A. NRO 93;SANTA FE;LA CAPITAL
C.E.C.L.A. NRO 98;SANTA FE;LA CAPITAL
C.E.C.L.A. NRO 103;RAMAYON;SAN JUSTO
C.E.C.L.A. NRO 107;LAGUNA PAIVA;LA CAPITAL
C.E.P.A. NRO 11 - ESCUELA NOCTURNA NRO 85;SAN JUSTO;SAN JUSTO
C.E.P.A. NRO 14 - ANEXO ESCUELA NOCTURNA NRO 45;SANTA FE;LA CAPITAL
GRADO RADIAL I - C.E.P.A. NRO 22;ARROYO AGUIAR;LA CAPITAL
C.E.P.A. NRO 22;ARROYO AGUIAR;LA CAPITAL
C.E.P.A. NRO 23;LLAMBI CAMPBELL;LA CAPITAL
C.E.P.A. NRO 25;LAGUNA PAIVA;LA CAPITAL
C.E.P.A. NRO 27;SANTA FE;LA CAPITAL
C.E.P.A. NRO 28;SANTA FE;LA CAPITAL
C.E.P.A. NRO 29;GALVEZ;SAN JERONIMO
C.E.N.P.A. NRO 47;GABOTO;SAN JERONIMO
C.E.P.A. NRO 49;SANTA FE;LA CAPITAL
C.E.P.A. NRO 50;SANTA FE;LA CAPITAL
C.E.P.A. NRO 51 - ESCUELA NOCTURNA NRO 43;SANTA FE;LA CAPITAL
C.E.P.A. NRO 52 - ESCUELA NOCTURNA NRO 24;SANTA FE;LA CAPITAL
C.E.P.A. NRO 72;SANTA FE;LA CAPITAL
GRADO RADIAL NRO I - C.E.P.A. NRO 72;SANTA FE;LA CAPITAL
C.E.P.A. NRO 75;SANTA FE;LA CAPITAL
C.E.P.A. NRO 77 - ESCUELA NOCTURNA NRO 45;RECREO;LA CAPITAL
C.E.P.A NRO 85;SANTO TOME;LA CAPITAL
C.E.P.A. NRO 12 - ESCUELA NOCTURNA NRO 24;SANTA FE;LA CAPITAL
C.E.P.A. NRO 113;SANTA FE;LA CAPITAL
C.E.P.A. NRO 114;SANTA FE;LA CAPITAL
C.E.P.A. NRO 120;LA GUARDIA;LA CAPITAL
C.E.P.A. NRO 124;LAGUNA PAIVA;LA CAPITAL
C.E.P.A. NRO 149;SANTO TOME;LA CAPITAL
C.E.P.A. NRO 165;GOBERNADOR CRESPO;SAN JUSTO
C.E.P.A. NRO 172;NELSON;LA CAPITAL
C.E.N.P.A. NRO 193;MACIEL;SAN JERONIMO
GRADO RADIAL II - C.E.P.A. NRO 210;VERA Y PINTADO;SAN JUSTO
GRADO RADIAL I - C.E.P.A NRO 210;LA CRIOLLA;SAN JUSTO
C.E.P.A. NRO 210;LA CRIOLLA;SAN JUSTO
CENTRO DE ALFABETIZACION NRO 39-P.A.E.B.A.;SANTA FE;LA CAPITAL
CENTRO DE ALFABETIZACION NRO 40;HELVECIA;GARAY
CENTRO DE ALFABETIZACION NRO 62;SANTA FE;LA CAPITAL
CENTRO DE ALFABETIZACION NRO 63;SANTA FE;LA CAPITAL
CENTRO DE ALFABETIZACION NRO 75;LOS ZAPALLOS;GARAY
CENTRO DE ALFABETIZACION NRO 82;SANTA FE;LA CAPITAL
CENTRO DE ALFABETIZACION NRO 83;SANTA FE;LA CAPITAL
CENTRO DE ALFABETIZACION NRO 84;SANTA FE;LA CAPITAL
CENTRO DE ALFABETIZACION NRO 85;SANTA FE;LA CAPITAL
CENTRO DE ALFABETIZACION NRO 86;SANTA FE;LA CAPITAL
CENTRO DE ALFABETIZACION NRO 87;SANTA FE;LA CAPITAL
CENTRO DE ALFABETIZACION NRO 88;SANTA FE;LA CAPITAL
CENTRO DE ALFABETIZACION NRO 89;SANTA FE;LA CAPITAL
CENTRO DE ALFABETIZACION NRO 90;SANTA FE;LA CAPITAL
CENTRO DE ALFABETIZACION NRO 91;SANTA FE;LA CAPITAL
CENTRO DE ALFABETIZACION NRO 92;SANTA FE;LA CAPITAL
CENTRO DE ALFABETIZACION NRO 94;RECREO;LA CAPITAL
CENTRO DE ALFABETIZACION NRO 95;RECREO;LA CAPITAL
CENTRO DE ALFABETIZACION NRO 96;SANTA FE;LA CAPITAL
CENTRO DE ALFABETIZACION NRO 97;RECREO;LA CAPITAL
CENTRO DE ALFABETIZACION NRO 98;RECREO;LA CAPITAL
CENTRO DE ALFABETIZACION NRO 99;ANGEL GALLARDO;LA CAPITAL
CENTRO DE ALFABETIZACION NRO 159;SANTA FE;LA CAPITAL
CENTRO DE ALFABETIZACION NRO 176;SANTA FE;LA CAPITAL
CENTRO DE ALFABETIZACION NRO 177;SANTA FE;LA CAPITAL
CENTRO DE ALFABETIZACION NRO 180;FRANK;LAS COLONIAS
CENTRO DE ALFABETIZACION NRO 183;SAN JOSE DEL RINCON;LA CAPITAL
CENTRO DE ALFABETIZACION NRO 184;MONTE VERA;LA CAPITAL
CENTRO DE ALFABETIZACION NRO 185;PILAR;LAS COLONIAS
CENTRO DE ALFABETIZACION NRO 187;COLONIA SILVIA;SAN JUSTO
CENTRO DE ALFABETIZACION NRO 188;PROGRESO;LAS COLONIAS
CENTRO DE ALFABETIZACION NRO 189;DIAZ;SAN JERONIMO
CENTRO DE ALFABETIZACION NRO 190;SAN JUSTO;SAN JUSTO
CENTRO DE ALFABETIZACION NRO 191;COLONIA DOLORES;SAN JUSTO
CENTRO DE ALFABETIZACION NRO 209;SANTO TOME;LA CAPITAL
CENTRO DE ALFABETIZACION NRO 211;SANTA FE;LA CAPITAL
CENTRO DE ALFABETIZACION NRO 212;SANTA FE;LA CAPITAL
CENTRO DE ALFABETIZACION NRO 216;SAN JERONIMO NORTE;LAS COLONIAS
CENTRO DE ALFABETIZACION NRO 221;SAUCE VIEJO;LA CAPITAL
CENTRO DE ALFABETIZACION NRO 222;SAN JUSTO;SAN JUSTO
CENTRO DE ALFABETIZACION NRO 224;DESVIO ARIJON;SAN JERONIMO
CENTRO DE ALFABETIZACION NRO 225;AROCENA;SAN JERONIMO
CENTRO DE ALFABETIZACION NRO 226;SANTO TOME;LA CAPITAL
CENTRO DE ALFABETIZACION NRO 229;COLASTINE NORTE L.G.;LA CAPITAL
CENTRO DE ALFABETIZACION NRO 233;SANTA ROSA DE CALCHINES;GARAY
CENTRO DE ALFABETIZACION NRO 234;SANTA FE;LA CAPITAL
CENTRO DE ALFABETIZACION NRO 235;SANTA FE;LA CAPITAL
CENTRO DE ALFABETIZACION NRO 241;SANTA FE;LA CAPITAL
CENTRO DE ALFABETIZACION NRO 257;COLASTINE NORTE L.G.;LA CAPITAL
CENTRO DE ALFABETIZACION NRO 263;BARRANCAS;SAN JERONIMO
CENTRO DE ALFABETIZACION NRO 269;SAUCE VIEJO;LA CAPITAL
CENTRO DE ALFABETIZACION NRO 271;ARROYO LEYES;LA CAPITAL
CENTRO DE ALFABETIZACION NRO 272;SANTA FE;LA CAPITAL
CENTRO DE ALFABETIZACION NRO 273;SANTA FE;LA CAPITAL
CENTRO DE ALFABETIZACION NRO 290;SANTA FE;LA CAPITAL
CENTRO DE ALFABETIZACION NRO 291;SANTO TOME;LA CAPITAL
CENTRO DE ALFABETIZACION NRO 304;CORONDA;SAN JERONIMO
CENTRO DE ALFABETIZACION NRO 310;SANTO TOME;LA CAPITAL
CENTRO DE ALFABETIZACION NRO 311;CORONDA;SAN JERONIMO
CENTRO DE FORMACION PROFESIONAL NRO 1;SANTA FE;LA CAPITAL
"I.S. NRO 6 ""DOCTOR LEOPOLDO CHIZZINI MELO""";CORONDA;SAN JERONIMO
"I.S.P. NRO 8 ""ALMIRANTE GUILLERMO BROWN""";SANTA FE;LA CAPITAL
"I.S.P. NRO 10 ""MATEO BOOZ""";HELVECIA;GARAY
"INSTITUTO NRO 12 ""GASTON GORI""";SANTA FE;LA CAPITAL
"INST. SUPERIOR DE PROFESORADO NRO 15 ""DOCTOR ALCIDES GRECA""";SAN JAVIER;SAN JAVIER
ISP TECNICO NRO 17;BARRANCAS;SAN JERONIMO
"INST. SUPERIOR NRO 20 ""SENADOR NESTOR JUAN ZAMARO""";SAN JUSTO;SAN JUSTO
"I.S.E.F.NRO 27 ""PROFESOR CESAR S.VAZQUEZ""";SANTA FE;LA CAPITAL
INSTITUTO SUPERIOR DEL PROFESORADO NRO 60;SAN CARLOS CENTRO;LAS COLONIAS
INSTITUTO SUPERIOR DE PROFESORADO NRO 64;SANTO TOME;LA CAPITAL
"I.S. NRO 8 ANEXO I ""ALMIRANTE GUILLERMO BROWN""";ESPERANZA;LAS COLONIAS
ANEXO I INSTITUTO SUPERIOR DEL PROFESORADO NRO 60;SANTA FE;LA CAPITAL
BIBLIOTECA PEDAGOGICA SANTA FE;SANTA FE;LA CAPITAL
BIBLIOTECA NRO 803;SANTA FE;LA CAPITAL
BIBLIOTECA NRO 804;SANTA FE;LA CAPITAL
BIBLIOTECA NRO 805;SANTA FE;LA CAPITAL
INSTITUTO SUPERIOR DEL MAGISTERIO NRO 13;SANTA FE;LA CAPITAL
CENTRO DE PERF. Y ACT. DOC. TEC. DEPORTIVA;SANTA FE;LA CAPITAL
INSTITUTO SUPERIOR DE EDUCACION TECNICA NRO 59;MACIEL;SAN JERONIMO
COCINA CENTRALIZADA NRO 9609;SANTO TOME;LA CAPITAL
"ESCUELA SUPERIOR DE ENFERMERIA ""ROSA CARMEN ALL""";SAN JUSTO;SAN JUSTO
"ESCUELA SUPERIOR DE ENFERMERIA ""ROSA CARMEN ALL""";SANTA FE;LA CAPITAL
REGENCIA ZONA CENTRO NORTE - INSTITUTO DE SEGURIDAD PUBLICA DE LA PROVINCIA DE SANTA FE;SANTA FE;LA CAPITAL
"ESCUELA SUPERIOR DE ENFERMERIA ""ROSA CARMEN ALL""";SAN JAVIER;SAN JAVIER
ESCUELA DE SERVICIO SOCIAL DE SANTA FE;SANTA FE;LA CAPITAL
"ESCUELA SUPERIOR DE ENFERMERIA ""ROSA CARMEN ALL""";SANTA FE;LA CAPITAL
ESCUELA DOMICILIARIA;SANTA FE;LA CAPITAL
"NUCLEO I - JARDIN DE INFANTES NRO 6 ""GABRIELA MISTRAL""";CASILDA;CASEROS
"JARDIN DE INFANTES NRO 6 ""GABRIELA MISTRAL""";CASILDA;CASEROS
"NUCLEO IV - JARDIN DE INFANTES NRO 7 ""HORNERITO""";CAMPO CARDINI;IRIONDO
"JARDIN DE INFANTES NRO 7 ""HORNERITO""";CAÑADA DE GOMEZ;IRIONDO
"NUCLEO II - JARDIN DE INFANTES NRO 21 ""DON MANUEL AGUADO""";LOS NOGALES;CASEROS
"NUCLEO I - JARDIN DE INFANTES NRO 21 ""DON MANUEL AGUADO""";SAN JOSE DE LA ESQUINA;CASEROS
"JARDIN DE INFANTES NRO 21 ""DON MANUEL AGUADO""";SAN JOSE DE LA ESQUINA;CASEROS
"JARDIN DE INFANTES NRO 31 ""SARA ECCLESTON""";CHAÑAR LADEADO;CASEROS
NUCLEO I - JARDIN DE INFANTES NRO 47;LAGO DI COMO;CASEROS
"JARDIN DE INFANTES NRO 47 ""SEMILLITA""";ARTEAGA;CASEROS
"JARDIN DE INFANTES NRO 72 ""GARABATO""";LOS QUIRQUINCHOS;CASEROS
"NUCLEO IV - JARDIN DE INFANTES NRO 77 ""JUAN RODOLFO BOLLA""";ESTACION BERRETA;IRIONDO
"NUCLEO III - JARDIN DE INFANTES 77 ""JUAN RODOLFO BOLLA""";COLONIA EL CARMEN;IRIONDO
"JARDIN DE INFANTES NRO 77 ""JUAN RODOLFO BOLLA""";CORREA;IRIONDO
"JARDIN DE INFANTES NRO 82 ""COLMENITA""";CASILDA;CASEROS
"NUCLEO III - JARDIN DE INFANTES NRO 84 ""EL AROMO""";TORTUGAS;BELGRANO
"NUCLEO I - JARDIN INFANTES NRO 84 ""EL AROMO""";ARMSTRONG;BELGRANO
"JARDIN DE INFANTES NRO 84 ""EL AROMO""";ARMSTRONG;BELGRANO
"JARDIN DE INFANTES NRO 95 ""RAYO DE SOL""";CAÑADA DE GOMEZ;IRIONDO
"JARDIN DE INFANTES NRO 97 ""RIO CARCARAÑA""";OLIVEROS;IRIONDO
"JARDIN DE INFANTES NRO 109 ""MERCEDITAS DE SAN MARTIN""";AREQUITO;CASEROS
"NUCLEO III - JARDIN DE INFANTES NRO 111 ""TRIGALES""";SAN GENARO;SAN JERONIMO
"NUCLEO II - JARDIN DE INFANTES NRO 111 ""TRIGALES""";NUEVA COLONIA LAS ESTACAS;SAN JERONIMO
"NUCLEO I - JARDIN DE INFANTES NRO 111 ""TRIGALES""";SAN GENARO;SAN JERONIMO
"JARDIN DE INFANTES NRO 111 ""TRIGALES""";SAN GENARO;SAN JERONIMO
"JARDIN DE INFANTES NRO 113 ""DOCTOR JULIO MAIZTEGUI""";BIGAND;CASEROS
"JARDIN DE INFANTES NRO 115 ""MONSERRAT SERVERA""";CHABAS;CASEROS
"JARDIN DE INFANTES NRO 117 ""MARINERO JORGE PASINATO""";CARCARAÑA;SAN LORENZO
NUCLEO II - JARDIN DE INFANTES NRO 123;COLONIA LOS TRONCOS;BELGRANO
"JARDIN DE INFANTES NRO 123 ""EDGARDO BLAS LONGO""";LAS PAREJAS;BELGRANO
JARDIN DE INFANTES NRO 126;LAS ROSAS;BELGRANO
NUCLEO II - JARDIN DE INFANTES NRO 126;LAS ROSAS;BELGRANO
NUCLEO I - JARDIN DE INFANTES NRO 126;LAS ROSAS;BELGRANO
"JARDIN DE INFANTES NRO 126 ""PIMPOLLOS DE ROSAS""";LAS ROSAS;BELGRANO
"NUCLEO IX - JARDIN DE INFANTES NRO 135 ""ORO BLANCO""";TOTORAS;IRIONDO
"JARDIN DE INFANTES NUCLEADO Nº 135 ""ORO BLANCO""";TOTORAS;IRIONDO
"NUCLEO V - JARDIN DE INFANTES NRO 135 ""ORO BLANCO""";LARGUIA;IRIONDO
"NUCLEO III - JARDIN DE INFANTES NRO 135 ""ORO BLANCO""";COLONIA MEDICI;IRIONDO
"NUCLEO I - JARDIN DE INFANTES NRO 135 ""ORO BLANCO""";CAMPO BARBERO;IRIONDO
"JARDIN DE INFANTES NRO 135 ""ORO BLANCO""";TOTORAS;IRIONDO
"JARDIN DE INFANTES NRO 164 ""SOL NACIENTE""";PUJATO;SAN LORENZO
"NUCLEO II - JARDIN DE INFANTES NRO 168 ""ANTONIO BERNI""";CAMPO GAITAN;SAN JERONIMO
"NUCLEO I - JARDIN DE INFANTES NRO 168 ""ANTONIO BERNI""";CENTENO;SAN JERONIMO
"JARDIN DE INFANTES NRO 168 ""ANTONIO BERNI""";CENTENO;SAN JERONIMO
"NUCLEO II - JARDIN DE INFANTES NRO 178 ""ESTRELLA DEL SUR""";CAMPO TORRIGLIA;IRIONDO
"JARDIN DE INFANTES NRO 178 ""ESTRELLA DEL SUR""";CAÑADA DE GOMEZ;IRIONDO
"JARDIN DE INFANTES NRO 181 ""JUAN GÖDEKEN""";GODEKEN;CASEROS
"JARDIN DE INFANTES NRO 182 ""JAVIER VILLAFAÑE""";BERAVEBU;CASEROS
"NUCLEO III - JARDIN DE INFANTES NRO 184 ""JOSE PEDRONI""";SAN RICARDO;IRIONDO
"JARDIN DE INFANTES NRO 184 ""JOSE PEDRONI""";VILLA ELOISA;IRIONDO
NUCLEO III - JARDIN DE INFANTES NRO 191;MONTES DE OCA;BELGRANO
NUCLEO II - JARDIN DE INFANTES NRO 191;TORTUGAS;BELGRANO
"JARDIN DE INFANTES NRO 191 ""FLOR DE CEIBO""";TORTUGAS;BELGRANO
"NUCLEO II - JARDIN DE INFANTES NRO 200 ""ESPIGUITAS DORADAS""";LAS ROSAS;BELGRANO
"JARDIN DE INFANTES NRO 200 ""ESPIGUITAS DORADAS""";MONTES DE OCA;BELGRANO
NUCLEO I - JARDIN DE INFANTES NRO 207;COLONIA CANDELARIA;CASEROS
"JARDIN DE INFANTES NRO 207 ""NUEVA ROMA""";CASILDA;CASEROS
"NUCLEO II - JARDIN DE INFANTES NRO 226 ""DOCTOR EDGAR TOMAT""";CASILDA;CASEROS
"NUCLEO I - JARDIN DE INFANTES NRO 226 ""DOCTOR EDGAR TOMAT""";CASILDA;CASEROS
"JARDIN DE INFANTES NRO 226 ""DOCTOR EDGAR TOMAT""";CASILDA;CASEROS
"JARDIN DE INFANTES NRO 248 ""PEDRO ALEJO SERODINO""";SERODINO;IRIONDO
"NUCLEO II - JARDIN DE INFANTES NRO 257 ""PILAR VAREA""";CARCARAÑA;SAN LORENZO
"NUCLEO I - JARDIN DE INFANTES NRO 257 ""PILAR VAREA""";CARCARAÑA;SAN LORENZO
"JARDIN DE INFANTES NRO 257 ""PILAR VAREA""";CARCARAÑA;SAN LORENZO
"JARDIN DE INFANTES NRO 258 ""COLONIAS SAN JERONIMO""";SAN JERONIMO SUD;SAN LORENZO
"JARDIN DE INFANTES NRO 264 ""EL HORNERITO""";VILLADA;CASEROS
NUCLEO I - JARDIN DE INFANTES NRO 265;VILLA LA RIVERA (PUEBLO ANDINO);IRIONDO
"JARDIN DE INFANTES NRO 265 ""CAMINO DE CARCARAES""";PUEBLO ANDINO;IRIONDO
"JARDIN DE INFANTES NRO 266 ""RAICES DE FEDERACION""";CARRIZALES;IRIONDO
JARDIN DE INFANTES NUCLEADO NRO 282;BUSTINZA;IRIONDO
JARDIN DE INFANTES NRO 295;CAÑADA DE GOMEZ;IRIONDO
"ESCUELA NRO 142 ""GENERAL JOSÉ DE SAN MARTIN""";CHABAS;CASEROS
"ESCUELA NRO 196 ""IGNACIO CRESPO""";LAS ROSAS;BELGRANO
"ESCUELA NRO 202 ""MARIANO MORENO""";AREQUITO;CASEROS
"ESCUELA NRO 203 ""GENERAL MANUEL BELGRANO""";LOS NOGALES;CASEROS
"ESCUELA NRO 204 ""FLORENTINO AMEGHINO""";SAN JOSE DE LA ESQUINA;CASEROS
"ESCUELA NRO 206 ""25 DE MAYO""";ARTEAGA;CASEROS
"ESCUELA NRO 208 ""BERNARDO DE MONTEAGUDO""";CHABAS;CASEROS
"ESCUELA NRO 209 ""FLORENTINO AMEGHINO""";VILLADA;CASEROS
"ESCUELA NRO 212 ""BERNARDINO RIVADAVIA""";LOS QUIRQUINCHOS;CASEROS
"ESCUELA NRO 213 ""SAN MARTIN""";CHAÑAR LADEADO;CASEROS
"ESCUELA NRO 215 ""OCTAVIA RICARDONE DE BIGAND""";BIGAND;CASEROS
"ESCUELA NRO 216 ""DOMINGO FAUSTINO SARMIENTO""";CLASSON;IRIONDO
"ESCUELA NRO 227 ""BERNARDINO RIVADAVIA""";PUJATO;SAN LORENZO
"ESCUELA NRO 232 ""DOMINGO FAUSTINO SARMIENTO""";CARCARAÑA;SAN LORENZO
"ESCUELA NRO 234 ""GENERAL MANUEL BELGRANO""";CARCARAÑA;SAN LORENZO
"ESCUELA NRO 237 ""FROYLAN PALACIOS""";LUIS PALACIOS;SAN LORENZO
"ESCUELA NRO 239 ""GENERAL SAN MARTIN""";OLIVEROS;IRIONDO
"ESCUELA NRO 240 ""JUAN BAUTISTA ALBERDI""";LUCIO V. LOPEZ;IRIONDO
"ESCUELA NRO 241 ""ANTONIO GONZALEZ BALCARCE""";SALTO GRANDE;IRIONDO
"ESCUELA NRO 242 ""DOMINGO FAUSTINO SARMIENTO""";TOTORAS;IRIONDO
"ESCUELA NRO 243 ""JUAN BAUTISTA ALBERDI""";TOTORAS;IRIONDO
"ESCUELA NRO 244 ""BERNARDINO RIVADAVIA""";CAMPO RASETTO;IRIONDO
"ESCUELA NRO 248 ""FELIPE TIMOTEO CORREA""";ESTACION BERRETA;IRIONDO
"ESCUELA NRO 252 ""DOMINGO FAUSTINO SARMIENTO""";VILLA ELOISA;IRIONDO
"ESCUELA NRO 254 ""BARTOLOME MITRE""";CORREA;IRIONDO
"ESCUELA NRO 255 ""9 DE JULIO""";BUSTINZA;IRIONDO
"ESCUELA NRO 256 ""GENERAL MANUEL BELGRANO""";PUEBLO ANDINO;IRIONDO
"ESCUELA NRO 257 ""GENERAL JOSE DE SAN MARTIN""";SERODINO;IRIONDO
"ESCUELA NRO 258 ""DOMINGO FAUSTINO SARMIENTO""";SERODINO;IRIONDO
"ESCUELA NRO 259 ""GENERAL MANUEL BELGRANO""";CARRIZALES;IRIONDO
"ESCUELA NRO 260 ""GENERAL MANUEL BELGRANO""";LAS ROSAS;BELGRANO
"ESCUELA NRO 262 ""DOMINGO FAUSTINO SARMIENTO""";ARMSTRONG;BELGRANO
"ESCUELA NRO 263 ""DOMINGO FAUSTINO SARMIENTO""";TORTUGAS;BELGRANO
"ESCUELA NRO 264 ""DOMINGO FAUSTINO SARMIENTO""";MONTES DE OCA;BELGRANO
"ESCUELA NRO 281 ""DOCTOR DALMACIO VELEZ SARSFIELD""";SAN GENARO NORTE;SAN JERONIMO
"ESCUELA NRO 283 ""GENERAL JOSE DE SAN MARTIN""";CAMPO GAITAN;SAN JERONIMO
"ESCUELA NRO 284 ""LIBERTADOR GENERAL SAN MARTIN""";CENTENO;SAN JERONIMO
"ESCUELA NRO 368 ""GENERAL MANUEL BELGRANO""";TOTORAS;IRIONDO
"ESCUELA NRO 466 ""DOMINGO FAUSTINO SARMIENTO""";HANSEN;CASEROS
"ESCUELA NRO 485 ""ARISTOBULO DEL VALLE""";CASILDA;CASEROS
"ESCUELA NRO 486 ""CORONEL MANUEL DORREGO""";CASILDA;CASEROS
"ESCUELA NRO 488 ""CARLOS CASADO""";CASILDA;CASEROS
"ESCUELA NRO 490 ""GENERAL SAN MARTIN""";CASILDA;CASEROS
"ESCUELA NRO 491 ""DOMINGO FAUSTINO SARMIENTO""";CAÑADA DE GOMEZ;IRIONDO
"ESCUELA NRO 492 ""GENERAL JOSE DE SAN MARTIN""";CAÑADA DE GOMEZ;IRIONDO
"ESCUELA NRO 493 ""JUAN BAUTISTA ALBERDI""";CAÑADA DE GOMEZ;IRIONDO
"ESCUELA NRO 494 ""ALMAFUERTE""";CAÑADA DE GOMEZ;IRIONDO
"ESCUELA NRO 542 ""CABILDO ABIERTO DEL 22 DE MAYO DE 1810""";SAN JOSE DE LA ESQUINA;CASEROS
"ESCUELA NRO 598 ""GENERAL MANUEL BELGRANO""";CAMPO MOSCA;IRIONDO
"ESCUELA NRO 599 ""ALMAFUERTE""";CARCARAÑA;SAN LORENZO
"ESCUELA NRO 600 ""GENERAL MANUEL BELGRANO""";ARMSTRONG;BELGRANO
"ESCUELA NRO 635 ""JUAN BAUTISTA SPAGNOLO""";ARMSTRONG;BELGRANO
"ESCUELA NRO 646 ""BERNARDINO RIVADAVIA""";LAS ROSAS;BELGRANO
"ESCUELA NRO 648 ""OVIDIO LAGOS""";LAS PAREJAS;BELGRANO
"ESCUELA NRO 705 ""JUAN ENRIQUE PESTALOZZI""";LARGUIA;IRIONDO
"ESCUELA NRO 733 ""BERNARDINO RIVADAVIA""";AREQUITO;CASEROS
"ESCUELA NRO 759 ""COMANDANTE ISAAC THOMPSON""";LAS ROSAS;BELGRANO
"ESCUELA NRO 770 ""GREGORIA MATORRAS DE SAN MARTIN""";COLONIA MEDICI;IRIONDO
"ESCUELA NRO 889 ""BARTOLOME MITRE""";NUEVA COLONIA LAS ESTACAS;SAN JERONIMO
"ESCUELA NRO 940 ""GENERAL JOSE DE SAN MARTIN""";LAS ROSAS;BELGRANO
"ESCUELA NRO 980 ""ABANDERADO MARIANO GRANDOLI""";VILLA LA RIVERA (PUEBLO ANDINO);IRIONDO
"ESCUELA NRO 1098 ""DOCTOR LISANDRO DE LA TORRE""";CAÑADA DE GOMEZ;IRIONDO
"ESCUELA NRO 1137 ""FELICIANO SANTA CLARA""";SAN JOSE DE LA ESQUINA;CASEROS
"ESCUELA NRO 1223 ""MANUEL BELGRANO""";BOUQUET;BELGRANO
"ESCUELA NRO 1232 ""BANDERA ARGENTINA""";LAS PAREJAS;BELGRANO
"ESCUELA NRO 1245 ""DOCTOR BERNARDO HOUSSAY""";CASILDA;CASEROS
"ESCUELA NRO 1249 ""GENERAL MARTIN MIGUEL DE GUEMES""";CAÑADA DE GOMEZ;IRIONDO
"ESCUELA NRO 1290 ""ANGELITA AGUERO""";CORREA;IRIONDO
"ESCUELA NRO 1308 ""BALTAZAR PONS""";CAMPO PONS;SAN JERONIMO
"ESCUELA NRO 1328 ""COMANDANTE RAMON FREYRE""";CAMPO UBINO;IRIONDO
"ESCUELA NRO 1350 ""JUAN BAUTISTA CABRAL""";CASILDA;CASEROS
"ESCUELA NRO 1363 ""PROF. RAFAEL FEDERICO FIGUEROA""";CAÑADA DE GOMEZ;IRIONDO
"ESCUELA NRO 6003 ""DOCTOR PEDRO DEFOIX""";COLONIA LOS PRADOS;CASEROS
"ESCUELA NRO 6004 ""PROVINCIA DE CORRIENTES""";LOS MOLINOS;CASEROS
"ESCUELA NRO 6016 ""ANGEL SANTIAGO YGOBONE""";SAN GENARO;SAN JERONIMO
"ESCUELA NRO 6017 ""FRAGATA LIBERTAD""";LAS PAREJAS;BELGRANO
"ESCUELA NRO 6029 ""JOSE PEDRONI""";BERAVEBU;CASEROS
"ESCUELA NRO 6039 ""JOSE PEDRONI""";SANFORD;CASEROS
"ESCUELA NRO 6053 ""DOMINGO FAUSTINO SARMIENTO""";SAN JERONIMO SUD;SAN LORENZO
"ESCUELA NRO 6063 ""CAPITAL FEDERAL""";CASILDA;CASEROS
"ESCUELA NRO 6184 ""MALVINAS ARGENTINAS""";GODEKEN;CASEROS
"ESCUELA NRO 6192 ""RICARDO ROJAS""";COLONIA EL CARMEN;IRIONDO
"ESCUELA NRO 6207 ""SANTIAGO DEL ESTERO""";BOUQUET;BELGRANO
"ESCUELA NRO 6280 ""GREGORIA MATORRAS""";COLONIA LOS TRONCOS;BELGRANO
"ESCUELA NRO 6407 ""PAULA ALBARRACIN""";CARCARAÑA;SAN LORENZO
"ESCUELA NRO 6410 ""GENERAL MANUEL BELGRANO""";CAÑADA DE GOMEZ;IRIONDO
"C.E.R. NRO 118 ""NICOLAS AVELLANEDA""";CAMPO TORRIGLIA;IRIONDO
"C.E.R. NRO 179 ""PABLO PIZZURNO""";CAMPO MARINZALDA;BELGRANO
"C.E.R. NRO 189 ""ALMIRANTE MANUEL BLANCO ENCALADA""";LAS ROSAS;BELGRANO
"C.E.R. NRO 268 ""MANUEL BELGRANO""";CAMPO BARBERO;IRIONDO
"C.E.R. NRO 281 ""DOMINGO FAUSTINO SARMIENTO""";COLONIA LOS PRADOS;CASEROS
"C.E.R. NRO 297 ""PEDRO CAMINOS""";OLIVEROS;IRIONDO
"C.E.R. NRO 298 ""REMEDIOS ESCALADA DE SAN MARTIN""";LAS ROSAS;BELGRANO
"C.E.R. NRO 312 ""JUAN BAUTISTA ALBERDI""";CAMPO LA GERMANIA;IRIONDO
"C.E.R. NRO 318 ""DOCTOR NICOLAS AVELLANEDA""";COLONIA CANDELARIA;CASEROS
"C.E.R. NRO 320 ""PATRICIAS MENDOCINAS""";LOS MOLINOS;CASEROS
"C.E.R. NRO 324 ""DOMINGO FAUSTINO SARMIENTO""";CAMPO ROVETTO;IRIONDO
C.E.R. NRO 367;VICENTE A.ECHEVERRIA;SAN LORENZO
"C.E.R. NRO 370 ""INDEPENDENCIA""";CAMPO LAS VASCAS;IRIONDO
"C.E.R. NRO 377 ""ROSARIO VERA PEÑALOZA""";CAMPO CARDINI;IRIONDO
"C.E.R. NRO 381 ""LOMA PARTIDA""";CAMPO LOMA PARTIDA;IRIONDO
"C.E.R. NRO 383 ""LUIS CRENNA""";COLONIA DESMOCHADO AFUERA;CASEROS
"C.E.R. NRO 386 ""LAS TRES MARIAS""";SERODINO;IRIONDO
"C.E.R. NRO 387 ""GENERAL JOSE DE SAN MARTIN""";COLONIA LA POSTA;CASEROS
C.E.R. NRO 398;CAMPO CHIODI;BELGRANO
"C.E.R. NRO 410 ""BRIGADIER ESTANISLAO LOPEZ""";SAN RICARDO;IRIONDO
"C.E.R. NRO 413 ""DOCTOR BERNARDO DE VERA Y PINTADO""";CAMPO LA ORIENTAL;BELGRANO
"C.E.R. NRO 481 ""CAMPO CARBONARI""";CAMPO CARBONARI;IRIONDO
"C.E.R. NRO 482 ""PAULA ALBARRACIN""";VILLA ELOISA;IRIONDO
"C.E.R. NRO 483 ""JOSE HERNANDEZ""";CAMPO CHARO;BELGRANO
"C.E.R. NRO 485 ""PABLO PIZZURNO""";CLASSON;IRIONDO
"C.E.R. NRO 486 ""DOMINGO FAUSTINO SARMIENTO""";CENTENO;SAN JERONIMO
C.E.R. NRO 488;BOUQUET;BELGRANO
"C.E.R. NRO 490 ""JUAN CHAVARRI""";SAN GENARO;SAN JERONIMO
"C.E.R. NRO 492 ""ABANDERADO GRANDOLI""";COLONIA LAS FLORES;CASEROS
"C.E.R. NRO 493 ""JUAN BAUTISTA ALBERDI""";LAGO DI COMO;CASEROS
"C.E.R. NRO 517 ""MARCELINA GIMBATTI""";TORTUGAS;BELGRANO
"C.E.R. NRO 518 ""GENERAL RUDECINDO ALVARADO""";MONTES DE OCA;BELGRANO
"C.E.R. NRO 521 ""LA PATRIA""";BUSTINZA;IRIONDO
C.E.R. NRO 522;LUCIO V. LOPEZ;IRIONDO
"C.E.R. NRO 523 ""BERNARDINO RIVADAVIA""";TOTORAS;IRIONDO
"C.E.R. NRO 524 ""GENERAL JUAN LAVALLE""";CAMPO EL ENSAYO;IRIONDO
C.E.R. NRO 552;CAMPO MARINSALTA;IRIONDO
C.E.R. NRO 554;CAMPO IADANZA;IRIONDO
"ESCUELA ESPECIAL 2031 ""MARIA MOLINA DE ALBONICO""";CAÑADA DE GOMEZ;IRIONDO
"ESCUELA ESPECIAL 2042 ""ALFONSINA STORNI""";LAS ROSAS;BELGRANO
"ESCUELA ESPECIAL NRO 2044 ""PROFESOR MARIO CAMILO VITALONE""";CASILDA;CASEROS
"ESCUELA ESPECIAL NRO 2065 ""DON VICENTE HAMSON""";CARCARAÑA;SAN LORENZO
"ESCUELA ESPECIAL NRO 2071 ""MARIA MONTESSORI""";CHABAS;CASEROS
"ESCUELA ESPECIAL NRO 2076 ""ROBERTO FONTANARROSA""";BIGAND;CASEROS
"ESCUELA ESPECIAL NRO 2078 ""ALBORADA""";LAS PAREJAS;BELGRANO
"ESCUELA ESPECIAL NRO 2080 ""JULIO BERNALDO DE QUIROS""";SAN GENARO;SAN JERONIMO
"ESCUELA ESPECIAL NRO 2085 ""JUAN SALVADOR GAVIOTA""";TOTORAS;IRIONDO
"ESCUELA ESPECIAL Nº 2100 ""GABRIELA BRIMMER""";ARMSTRONG;BELGRANO
ESCUELA ESPECIAL NRO 2122;AREQUITO;CASEROS
ESCUELA ESPECIAL NRO 2123;SERODINO;IRIONDO
ESCUELA ESPECIAL NRO 2126;CASILDA;CASEROS
CENTRO REGIONAL DE ESTIMULACION TEMPRANA NRO 2132;CAÑADA DE GOMEZ;IRIONDO
TALLER DE EDUCACION MANUAL NRO 45 SIN NOMBRE;ARMSTRONG;BELGRANO
TALLER DE EDUCACION MANUAL NRO 47 SIN NOMBRE;BIGAND;CASEROS
"TALLER DE EDUCACION MANUAL NRO 49 ""CARCARAÑA""";CARCARAÑA;SAN LORENZO
"TALLER DE EDUCACION MANUAL NRO 50 ""DOMINGO FAUSTINO SARMIENT";CORREA;IRIONDO
TALLER DE EDUCACION MANUAL NRO 54 SIN NOMBRE;LAS ROSAS;BELGRANO
"TALLER DE EDUCACION MANUAL NRO 77 ""ANGEL PAULINO GONZALEZ""";SAN JOSE DE LA ESQUINA;CASEROS
"TALLER DE EDUCACION MANUAL NRO 95 ""GENERAL SAN MARTIN""";OLIVEROS;IRIONDO
"TALLER DE EDUCACION MANUAL NRO 106 ""ALMIRANTE BROWN""";SERODINO;IRIONDO
"TALLER DE EDUCACION MANUAL NRO 111 ""FLORENTINO AMEGHINO""";TOTORAS;IRIONDO
"TALLER DE EDUCACION MANUAL NRO 116 ""GENERAL MANUEL BELGRANO""";CASILDA;CASEROS
"TALLER DE EDUCACION MANUAL NRO 117 ""PABLO PIZZURNO""";CAÑADA DE GOMEZ;IRIONDO
TALLER DE EDUCACION MANUAL NRO 129;TORTUGAS;BELGRANO
"TALLER DE EDUCACION MANUAL NRO 146 ""GENERAL MANUEL BELGRANO""";CHAÑAR LADEADO;CASEROS
"TALLER DE EDUCACION MANUAL NRO 148 ""PABLO PIZZURNO""";LAS PAREJAS;BELGRANO
"TALLER DE EDUCACION MANUAL NRO 153 ""ALMAFUERTE""";AREQUITO;CASEROS
"TALLER DE EDUCACION MANUAL NRO 179 ""ESTANISLAO LOPEZ""";SAN GENARO;SAN JERONIMO
"CENTRO DE EDUCACION FISICA NRO 16 ""DOCTOR FELIX PAGANI""";CAÑADA DE GOMEZ;IRIONDO
"CENTRO DE EDUCACION FISICA NRO 32 ""BRIGADIER ESTANISLAO LOPE";CASILDA;CASEROS
"CENTRO DE EDUCACION FISICA NRO 37 ""CARCARAÑA""";CARCARAÑA;SAN LORENZO
"CENTRO DE EDUCACION FISICA NRO 48 ""DUVAL A. CALGARO""";CAÑADA DE GOMEZ;IRIONDO
"CENTRO DE EDUCACION FISICA NRO 58 ""MARIA LUISA GUTIERREZ DE SENN""";LAS ROSAS;BELGRANO
CAMPAMENTO EDUCATIVO NRO 7501;BIGAND;CASEROS
N.R.E.S. ORIENTADA NRO 1033;MONTES DE OCA;BELGRANO
N.R.E.S. ORIENTADA NRO 1047;CAMPO TORRIGLIA;IRIONDO
N.R.E.S. ORIENTADA NRO 1048;TOTORAS;IRIONDO
N.R.E.S. ORIENTADA NRO 1202;COLONIA DESMOCHADO AFUERA;CASEROS
N.R.E.S. ORIENTADA NRO 1437;LAS ROSAS;BELGRANO
N.R.E.S. ORIENTADA NRO 2033;VILLA ELOISA;IRIONDO
N.R.E.S. ORIENTADA NRO 2047;CAMPO MARINSALTA;IRIONDO
N.R.E.S. ORIENTADA NRO 2048;VILLA LA RIVERA;IRIONDO
N.R.E.S. ORIENTADA NRO 2202;COLONIA CANDELARIA;CASEROS
N.R.E.S. ORIENTADA NRO 2437;CAMPO GAITAN;SAN JERONIMO
"E.E.S. ORIENTADA NRO 202 ""MANUEL LEIVA""";CASILDA;CASEROS
"E.E.S. ORIENTADA NRO 207 ""JUAN FRANCISCO SEGUI""";CAÑADA DE GOMEZ;IRIONDO
"E.E.S. ORIENTADA NRO 209 ""DOCTOR DALMACIO VELEZ SARSFIELD""";CASILDA;CASEROS
"E.E.S. ORIENTADA NRO 211 ""DOCTOR FELIX PAGANI""";CAÑADA DE GOMEZ;IRIONDO
"E.E.S. ORIENTADA NRO 215 ""JOSÉ MANUEL ESTRADA""";BIGAND;CASEROS
"E.E.S. ORIENTADA NRO 216 ""MARIANO MORENO""";SERODINO;IRIONDO
"E.E.S. ORIENTADA NRO 217 ""DOMINGO FAUSTINO SARMIENTO""";LAS ROSAS;BELGRANO
"E.E.S. ORIENTADA NRO 219 ""DOMINGO FAUSTINO SARMIENTO""";AREQUITO;CASEROS
"E.E.S. ORIENTADA NRO 221 ""MALVINAS ARGENTINAS""";VILLA ELOISA;IRIONDO
"E.E.S. ORIENTADA NRO 222 ""PASCUAL CHABAS""";CHABAS;CASEROS
"E.E.S. ORIENTADA NRO 226 ""GUARDIA DE LA ESQUINA""";SAN JOSE DE LA ESQUINA;CASEROS
"E.E.S. ORIENTADA NRO 235 ""GENERAL BARTOLOMÉ MITRE""";BUSTINZA;IRIONDO
"E.E.S. ORIENTADA NRO 237 ""JOSÉ HERNANDEZ""";CARCARAÑA;SAN LORENZO
"E.E.S. ORIENTADA NRO 241 ""JOHN F. KENNEDY""";PUJATO;SAN LORENZO
"E.E.S. ORIENTADA NRO 260 ""JOSÉ PEDRONI""";CORREA;IRIONDO
"E.E.S. ORIENTADA NRO 305 ""JOSÉ HERNANDEZ""";ARTEAGA;CASEROS
"E.E.S. ORIENTADA NRO 307 ""JOSÉ HERNANDEZ""";SALTO GRANDE;IRIONDO
"E.E.S. ORIENTADA NRO 310 ""JOSÉ GERVASIO ARTIGAS""";SAN GENARO;SAN JERONIMO
"E.E.S. ORIENTADA NRO 319 ""PADRE FRANCISCO KOMIC""";LOS MOLINOS;CASEROS
E.E.S. ORIENTADA NRO 352;BOUQUET;BELGRANO
"E.E.S. ORIENTADA NRO 354 ""BRIGADIER ESTANISLAO LÓPEZ""";TORTUGAS;BELGRANO
"E.E.S. ORIENTADA NRO 369 ""DOCTOR JULIO MAIZTEGUI""";VILLADA;CASEROS
"E.E.S. ORIENTADA NRO 378 ""BALDOMERO FERNADEZ MORENO""";GODEKEN;CASEROS
"E.E.S. ORIENTADA NRO 386 ""DOCTOR JULIO ISIDRO MAIZTEGUI""";PUEBLO ANDINO;IRIONDO
"E.E.S.O. NRO 600 ""HÉROES DE MALVINAS""";CARRIZALES;IRIONDO
"E.E.S.O. NRO 603 ""ALBERTO ANGEL BRAMBILLA""";SAN JERONIMO SUD;SAN LORENZO
"E.E.S.O. NRO 604 ""GENARA BERÓN""";LUIS PALACIOS;SAN LORENZO
"E.E. TÉCNICO PROFESIONAL NRO 278 ""GENERAL ENRIQUE MOSCONI""";LAS ROSAS;BELGRANO
E.E. TÉCNICO PROFESIONAL Y SECUNDARIA ORIENTADA NRO 283;CASILDA;CASEROS
"E.E. TÉCNICO PROFESIONAL NRO 289 ""BERNARDINO RIVADAVIA""";CHAÑAR LADEADO;CASEROS
E.E. TÉCNICO PROFESIONAL NRO 290;LAS PAREJAS;BELGRANO
"E.E. TÉCNICO PROFESIONAL NRO 291 ""TENIENTE CORONEL FRAY LUIS BELTRÁN""";ARMSTRONG;BELGRANO
"E.E. TÉCNICO PROFESIONAL NRO 327 ""VÍCTOR BIGAND""";BIGAND;CASEROS
"E.E. TÉCNICO PROFESIONAL NRO 388 ""DOCTOR JULIO ISIDRO MAIZTEGUI""";AREQUITO;CASEROS
"E.E. TÉCNICO PROFESIONAL NRO 674 ""FRANCISCA DE IBARROLA""";SAN GENARO;SAN JERONIMO
"E.E. TÉCNICO PROFESIONAL NRO 692 ""PAULA ALBARRACÍN""";CAÑADA DE GOMEZ;IRIONDO
A.E. TÉCNICO PROFESIONAL NRO 1674;CLASSON;IRIONDO
"E.E.S. ORIENTADA NRO 417 ""COLONIA CANDELARIA""";CASILDA;CASEROS
"E.E.S. ORIENTADA NRO 419 ""DOMINGO FAUSTINO SARMIENTO""";CHAÑAR LADEADO;CASEROS
E.E.S. ORIENTADA NRO 424;LAS PAREJAS;BELGRANO
"E.E.S. ORIENTADA NRO 437 ""MARIANO MORENO""";SAN GENARO;SAN JERONIMO
A.E.S. ORIENTADA NRO 1482;LUCIO V. LOPEZ;IRIONDO
E.E. TÉCNICO PROFESIONAL NRO 452;CAÑADA DE GOMEZ;IRIONDO
"E.E. TÉCNICO PROFESIONAL NRO 476 ""MIGUEL CASTELLANOS""";SAN JOSE DE LA ESQUINA;CASEROS
"E.E. TÉCNICO PROFESIONAL NRO 482 ""REPÚBLICA ARGENTINA""";TOTORAS;IRIONDO
"E.E. TÉCNICO PROFESIONAL NRO 486 ""FRANCISCO NETRI""";CARCARAÑA;SAN LORENZO
"ESCUELA NORMAL SUPERIOR NRO 33 ""DOCTOR MARIANO MORENO""";ARMSTRONG;BELGRANO
"COLEGIO SUPERIOR NRO 47 ""FLORENTINO AMEGHINO""";CAÑADA DE GOMEZ;IRIONDO
"ESCUELA SUPERIOR DE COMERCIO NRO 48 ""GENERAL JOSE DE SAN MARTIN""";TOTORAS;IRIONDO
"ESCUELA SUPERIOR DE COMERCIO NRO 51 ""DOCTOR MANUEL BELGRANO""";ARMSTRONG;BELGRANO
"ESCUELA NRO 673 ""BATALLA DE SAN LORENZO""";CENTENO;SAN JERONIMO
GRADO RADIAL II ESCUELA NOCTURNA NRO 34;BUSTINZA;IRIONDO
"ESCUELA NOCTURNA NRO 34 ""ESTEBAN ECHEVERRIA""";CAÑADA DE GOMEZ;IRIONDO
GRADO RADIAL III ESCUELA NOCTURNA NRO 39;CASILDA;CASEROS
GRADO RADIAL II ESCUELA NOCTURNA NRO 39;CASILDA;CASEROS
GRADO RADIAL I ESCUELA NOCTURNA NRO 39;CASILDA;CASEROS
ANEXO - ESCUELA NOCTURNA NRO 39;CASILDA;CASEROS
ANEXO - ESCUELA NOCTURNA NRO 39;CASILDA;CASEROS
"ESCUELA NOCTURNA NRO 39 ""OVIDIO LAGOS""";CASILDA;CASEROS
"ESCUELA NRO 66 ""ALFONSINA STORNI""";TOTORAS;IRIONDO
E.E.P.N 67;CORREA;IRIONDO
GRADO RADIAL NRO I - ESCUELA NOCTURNA NRO 70;CARCARAÑA;SAN LORENZO
"ESCUELA NOCTURNA NRO 70 ""ARTURO JAURETCHE""";CARCARAÑA;SAN LORENZO
GRADO RADIAL I - ESCUELA NOCTURNA 76;BOUQUET;BELGRANO
ESCUELA PRIMARIA NOCTURNA 76;LAS ROSAS;BELGRANO
"E.E.M.P.A. NRO 1006 ""DOCTOR JULIO ISIDRO MAIZTEGUI""";SAN JOSE DE LA ESQUINA;CASEROS
"E.E.M.P.A. NRO 1024 ""DOCTOR JULIO MAIZTEGUI""";CAÑADA DE GOMEZ;IRIONDO
"E.E.M.P.A. NRO 1137 ""Gladis Palma de Croppi""";ARMSTRONG;BELGRANO
"E.E.M.P.A. NRO 1203 ""ISABEL ELENA MUGA DE MURATORI""";CHAÑAR LADEADO;CASEROS
"E.E.M.P.A. NRO 1229 ""GASTON BISET""";BIGAND;CASEROS
"E.E.M.P.A. NRO 1237 ""DOCTOR JUAN MANINO""";AREQUITO;CASEROS
"E.E.M.P.A. NRO 1238 ""RAUL SCALABRINI ORTIZ""";SAN GENARO;SAN JERONIMO
E.E.M.P.A. NRO 1243;CASILDA;CASEROS
E.E.M.P.A. NRO 1247 HEROES DE MALVINAS;LAS PAREJAS;BELGRANO
"E.E.M.P.A. NRO 1249 ""RICARDO JOSÉ GARCIA""";CORREA;IRIONDO
"E.E.M.P.A. NRO 1251 ""EMILIO CAYETANO ATORRESI""";CARCARAÑA;SAN LORENZO
"E.E.M.P.A. NRO 1259 ""MANUEL BELGRANO""";BERAVEBU;CASEROS
E.E.M.P.A. NRO 1270;TOTORAS;IRIONDO
"E.E.M.P.A. NRO 1271 ""JUAN JOSÉ SAER""";SERODINO;IRIONDO
"E.E.M.P.A. NRO 1274 ""DOCTOR RENE GERONIMO FAVALORO""";TORTUGAS;BELGRANO
"E.E.M.P.A. NRO 1287 ""PAULO FREIRE""";LAS ROSAS;BELGRANO
"E.E.M.P.A. NRO 1288 ""JOSE PEDRONI""";LOS QUIRQUINCHOS;CASEROS
ANEXO E.E.M.P.A NRO 1137;VILLA ELOISA;IRIONDO
ANEXO I - E.E.M.P.A. NRO 1243;CHABAS;CASEROS
"ANEXO E.E.M.P.A. NRO 1249 ""PROFESOR RICARDO JOSE GARCIA""";BUSTINZA;IRIONDO
ANEXO I - E.E.M.P.A. NRO 1259;GODEKEN;CASEROS
ANEXO II - E.E.M.P.A. NRO 1243;VILLADA;CASEROS
"C.E.C.L.A. NRO 9 ""GENERAL SAN MARTIN""";SERODINO;IRIONDO
C.E.C.L.A. NRO 10;CARRIZALES;IRIONDO
CE.C.LA. NRO 11;CASILDA;CASEROS
"C.E.C.L.A. NRO 17 ""MARTIN MIGUEL DE GÜEMES""";CARCARAÑA;SAN LORENZO
"C.E.C.LA. NRO 18 ""JOSE IGNACIO RUCCI""";TOTORAS;IRIONDO
"C.E.C.L.A. NRO 26 ""GENERAL ESTANISLAO LOPEZ""";CAÑADA DE GOMEZ;IRIONDO
C.E.C.LA. NRO 44;SAN GENARO;SAN JERONIMO
C.E.C.L.A. NRO 47;SAN JERONIMO SUD;SAN LORENZO
C.E.C.L.A. NRO 76 - ESCUELA NOCTURNA NRO 39;SANFORD;CASEROS
C.E.C.L.A. NRO 81;CHABAS;CASEROS
C.E.C.L.A. NRO 96;CORREA;IRIONDO
C.E.C.L.A. NRO 106;CASILDA;CASEROS
C.E.C.L.A NRO 111;LAS PAREJAS;BELGRANO
GRADO RADIAL I - C.E.C.L.A. NRO 11;CASILDA;CASEROS
C.E.P.A. NRO 32;SAN GENARO NORTE;SAN JERONIMO
C.E.P.A. NRO 34;OLIVEROS;IRIONDO
C.E.P.A. NRO 91;ARMSTRONG;BELGRANO
C.E.P.A. NRO 110;CASILDA;CASEROS
C.E.P.A. NRO 118;CAÑADA DE GOMEZ;IRIONDO
C.E.P.A. NRO 136;LAS PAREJAS;BELGRANO
C.E.P.A. NRO 138;CASILDA;CASEROS
"ESCUELA NRO 139 ""ANGEL SANTIAGO IGOBONE""";SAN GENARO;SAN JERONIMO
C.E.P.A. NRO 145;CHABAS;CASEROS
C.E.P.A. NRO 151;AREQUITO;CASEROS
CENTRO DE ALFABETIZACION NRO 182;CAÑADA DE GOMEZ;IRIONDO
CENTRO DE ALFABETIZACION NRO 210;SERODINO;IRIONDO
CENTRO DE ALFABETIZACION NRO 218;PUEBLO ANDINO;IRIONDO
CENTRO DE ALFABETIZACION NRO 299;LAS PAREJAS;BELGRANO
CENTRO DE ALFABETIZACION NRO 306 - P.A.E.B.A. 1620;SAN JERONIMO SUD;SAN LORENZO
CENTRO DE ALFABETIZACION NRO 336;LAS PAREJAS;BELGRANO
CENTRO ENSEÑANZA AGROPECUARIA NRO 1;BERAVEBU;CASEROS
CENTRO EDUCACION AGRICOLA 2 SIN NOMBRE;CASILDA;CASEROS
CENTRO EDUCACION AGRICOLA 4;TOTORAS;IRIONDO
CENTRO EDUCACION AGROPECUARIA 5;SAN GENARO;SAN JERONIMO
"INSTITUTO SUPERIOR DE PROFESORADO NRO 1 ""MANUEL LEIVA""";CASILDA;CASEROS
"INSTITUTO SUPERIOR NRO 5 ""PERITO FRANCISCO MORENO""";CAÑADA DE GOMEZ;IRIONDO
INSTITUTO DE EDUCACION SUPERIOR NRO 62;SAN JOSE DE LA ESQUINA;CASEROS
"I.S.P. NRO 5 ANEXO ""CARCARAÑA""";CARCARAÑA;SAN LORENZO
COCINA CENTRALIZADA NRO 9601;CASILDA;CASEROS
C.E.C.L.A S/N AREQUITO;AREQUITO;CASEROS
"C.E.C.L.A. S/N ""NUEVA ROMA""";CASILDA;CASEROS
CECLA S/N BARRACAS - ANEXO NOCTURNA NRO 39;CASILDA;CASEROS
"UNIDAD ACADEMICA ""CAÑADA DE GOMEZ""";CAÑADA DE GOMEZ;IRIONDO
"JARDIN DE INFANTES NRO 1 ""ALIDA S. CHARRO""";ROSARIO;ROSARIO
"JARDIN DE INFANTES NRO 3 ""EL NOGAL""";ARROYO SECO;ROSARIO
"JARDIN DE INFANTES NRO 24 ""SAN FRANCISCO DE ASIS""";SAN LORENZO;SAN LORENZO
"JARDIN DE INFANTES NRO 27 ""MERCEDITAS DE SAN MARTIN""";ROSARIO;ROSARIO
"JARDIN DE INFANTES NRO 37 ""TAMBOR DE TACUARI""";ROSARIO;ROSARIO
NUCLEO I - JARDIN DE INFANTES NRO 38;ROSARIO;ROSARIO
"JARDIN DE INFANTES NRO 38 ""MAGDALENA GÜEMES""";ROSARIO;ROSARIO
"JARDIN DE INFANTES NRO 41 ""DOLORES DABAT""";ROSARIO;ROSARIO
"NUCLEO I - JARDIN DE INFANTES NRO 44 ""ARCO IRIS""";ROSARIO;ROSARIO
"JARDIN DE INFANTES NRO 44 ""ARCO IRIS""";ROSARIO;ROSARIO
NUCLEO I - JARDIN DE INFANTES NRO 46;ROSARIO;ROSARIO
"JARDIN DE INFANTES NRO 46 ""DOCTOR ALBERT SCHWEITZER""";ROSARIO;ROSARIO
"JARDIN DE INFANTES NRO 48 ""EL CIELITO""";SANTA TERESA;CONSTITUCION
"JARDIN DE INFANTES NRO 49 ""LOS GURISES""";VILLA CONSTITUCION;CONSTITUCION
"JARDIN DE INFANTES NRO 51 ""CONSTANCIO C.VIGIL""";ROSARIO;ROSARIO
"JARDIN DE INFANTES NRO 53 ""DOCTORA SARA FAISAL""";ROSARIO;ROSARIO
"JARDIN DE INFANTES NRO 55 ""GUSTAVO COCHET""";ROSARIO;ROSARIO
"JARDIN DE INFANTES NRO 57 ""REMEDIOS DE ESCALADA""";PUERTO GENERAL SAN MARTIN;SAN LORENZO
"JARDIN DE INFANTES NRO 62 ""JOSE NICOLAS PUCCIO""";ROSARIO;ROSARIO
"NUCLEO I - JARDIN DE INFANTES NRO 63 ""JUANA DE IBARBOUROU""";ROSARIO;ROSARIO
"JARDIN DE INFANTES NRO 63 ""JUANA DE IBARBOUROU""";ROSARIO;ROSARIO
"JARDIN DE INFANTES NRO 64 ""DANIEL OSVALDO ESTUREL""";ROSARIO;ROSARIO
"NUCLEO I - JARDIN DE INFANTES NRO 65 ""EL CEIBO DE ANAHI""";ROSARIO;ROSARIO
"JARDIN DE INFANTES NRO 65 ""EL CEIBO DE ANAHI""";ROSARIO;ROSARIO
"JARDIN DE INFANTES NRO 66 ""SOLDADO ARGENTINO""";ROSARIO;ROSARIO
"JARDIN DE INFANTES NRO 67 ""CONSEJO EDUC DR F. DE GURRUCHAGA""";ROSARIO;ROSARIO
JARDIN DE INFANTES NRO 71;ROSARIO;ROSARIO
"JARDIN DE INFANTES NRO 74 ""INTI HUASI""";ROSARIO;ROSARIO
"JARDIN DE INFANTES NRO 79 ""PEDACITO DE PATRIA""";ROSARIO;ROSARIO
"JARDIN DE INFANTES NRO 80 ""RIO PARANA""";ROSARIO;ROSARIO
"JARDIN DE INFANTES NRO 81 ""LOS ZORZALES""";ROSARIO;ROSARIO
"JARDIN DE INFANTES NRO 83 ""COMPLEJO EDUCATIVO ESPERANZA""";ROSARIO;ROSARIO
"JARDIN DE INFANTES NRO 89 ""LOS TRIGALES""";FRAY LUIS BELTRAN;SAN LORENZO
"JARDIN DE INFANTES NRO 101 ""JOSE PEDRONI""";FUNES;ROSARIO
"JARDIN DE INFANTES NRO 104 ""MITA-I""";ROSARIO;ROSARIO
"JARDIN DE INFANTES NRO 133 ""EL HORNERO""";PEREZ;ROSARIO
"JARDIN DE INFANTES NRO 137 ""CEIBO EN FLOR""";ROSARIO;ROSARIO
"JARDIN DE INFANTES NRO 146 ""MARIA DEL CARMEN CAVAZZANA""";TIMBUES;SAN LORENZO
"JARDIN DE INFANTES NRO 148 ""ALTA EN EL CIELO""";ROSARIO;ROSARIO
"JARDIN DE INFANTES NRO 149 ""LOLA MORA""";ROSARIO;ROSARIO
NUCLEO I - JARDIN DE INFANTES NRO 151;VILLA CONSTITUCION;CONSTITUCION
JARDIN DE INFANTES NRO 151;VILLA CONSTITUCION;CONSTITUCION
JARDIN DE INFANTES NRO 155;CAPITAN BERMUDEZ;SAN LORENZO
"JARDIN DE INFANTES NRO 155 ""LOS PARAISOS""";CAPITAN BERMUDEZ;SAN LORENZO
"JARDIN DE INFANTES NRO 156 ""LUCERO DEL PARANA""";VILLA GOBERNADOR GALVEZ;ROSARIO
"JARDIN DE INFANTES NRO 158 ""MERCEDITAS DE SAN MARTIN""";SAN LORENZO;SAN LORENZO
"JARDIN DE INFANTES NRO 161 ""JUAN BAUTISTA BAIGORRIA""";GRANADERO BAIGORRIA;ROSARIO
"JARDIN DE INFANTES NRO 162 ""CAMINO DE LOS GRANADEROS""";GRANADERO BAIGORRIA;ROSARIO
"JARDIN DE INFANTES NRO 175 ""EL TAMBOR DE TACUARI""";SAN LORENZO;SAN LORENZO
"JARDIN DE INFANTES NRO 177 ""VICECOMODORO G. ARGENT MARAMBIO""";VILLA MUGUETA;SAN LORENZO
"JARDIN DE INFANTES NRO 179 ""DOCTOR ESTEBAN L.MARADONA""";ROSARIO;ROSARIO
"JARDIN DE INFANTES NRO 183 ""ROQUE NOSETTO""";ACEBAL;ROSARIO
"JARDIN DE INFANTES NRO 199 ""JUANITO LAGUNA""";ROSARIO;ROSARIO
"JARDIN DE INFANTES NRO 209 ""NOEMI FONTANA""";ROSARIO;ROSARIO
"NUCLEO I - JARDIN DE INFANTES NRO 227 ""CUNA DE LA BANDERA""";ROSARIO;ROSARIO
"JARDIN DE INFANTES NRO 227 ""CUNA DE LA BANDERA""";ROSARIO;ROSARIO
NUCLEO II - JARDIN DE INFANTES NRO 228;ROSARIO;ROSARIO
NUCLEO I - JARDIN DE INFANTES NRO 228;ROSARIO;ROSARIO
"JARDIN DE INFANTES NRO 228 ""FLOR DEL JACARANDA""";ROSARIO;ROSARIO
"JARDIN DE INFANTES NRO 229 ""CAMINO DE HORMIGA""";ROSARIO;ROSARIO
"JARDIN DE INFANTES NRO 230 ""ROSARIO VERA PEÑALOZA""";ROSARIO;ROSARIO
"JARDIN DE INFANTES NRO 231 ""CAMINO DE LAS MORAS""";EMPALME VILLA CONSTITUCION;CONSTITUCION
JARDIN DE INFANTES NRO 232;ROSARIO;ROSARIO
"JARDIN DE INFANTES NRO 233 ""DON QUIJOTE DE LA MANCHA""";CAPITAN BERMUDEZ;SAN LORENZO
"JARDIN DE INFANTES NRO 234 ""JAVIER VILLAFAÑE""";ROSARIO;ROSARIO
"NUCLEO I - JARDIN DE INFANTES NRO 235 ""CANCIÓN DEL JACARANDÁ""";ROSARIO;ROSARIO
"JARDIN DE INFANTES NRO 235 ""CANCIÓN DEL JACARANDÁ""";ROSARIO;ROSARIO
"NUCLEO I -JARDIN DE INFANTES NRO 236 ""DOCTOR RAUL MALATESTA""";VILLA GOBERNADOR GALVEZ;ROSARIO
"JARDIN DE INFANTES NRO 236 ""DOCTOR RAUL EMILIO MALATESTA""";VILLA GOBERNADOR GALVEZ;ROSARIO
"JARDIN DE INFANTES NRO 237 ""PEQUEÑOS GIRASOLES""";SAN LORENZO;SAN LORENZO
"NUCLEO I - JARDIN DE INFANTES NRO 238 ""LA CIGARRA""";ROSARIO;ROSARIO
"JARDIN DE INFANTES NRO 238 ""LA CIGARRA""";ROSARIO;ROSARIO
"JARDIN DE INFANTES NRO 239 ""GRILLITOS DE PAN""";ROSARIO;ROSARIO
"JARDIN DE INFANTES NRO 242 ""BABATAKY""";ALVAREZ;ROSARIO
"JARDIN DE INFANTES NRO 244 ""JUANITO LAGUNA""";VILLA GOBERNADOR GALVEZ;ROSARIO
NUCLEO I - JARDIN DE INFANTES NRO 249;ROSARIO;ROSARIO
"JARDIN DE INFANTES NRO 249 ""HÉROES DE MALVINAS""";ROSARIO;ROSARIO
"JARDIN DE INFANTES NRO 250 ""MAESTRO LUIS RICARDO BRAS""";ROSARIO;ROSARIO
"JARDIN DE INFANTES NRO 253 ""RIO MARRON""";GRANADERO BAIGORRIA;ROSARIO
NUCLEO II - JARDIN DE INFANTES NRO 259;ROSARIO;ROSARIO
"JARDIN DE INFANTES NRO 259 ""LIBERTAD E INDEPENDENCIA""";ROSARIO;ROSARIO
JARDIN DE INFANTES NRO 260;ROSARIO;ROSARIO
"JARDIN DE INFANTES NRO 261 ""PAULO FREIRE""";ROSARIO;ROSARIO
"JARDIN DE INFANTES NRO 262 ""MANE BERNARDO""";ROSARIO;ROSARIO
"JARDIN DE INFANTES NRO 263 ""DR. RENE FAVALORO""";ROSARIO;ROSARIO
JARDIN DE INFANTES NRO 276;ROSARIO;ROSARIO
"JARDIN DE INFANTES NRO 278 ""LIBERTAD""";CORONEL BOGADO;ROSARIO
NUCLEO I - JARDIN DE INFANTES NRO 279;ROSARIO;ROSARIO
JARDIN DE INFANTES NUCLEADO NRO 279;ROSARIO;ROSARIO
"NUCLEO I - JARDIN DE INFANTES NRO 280 ""CRUZANDO LAS VÍAS""";ZAVALLA;ROSARIO
"JARDIN DE INFANTES NRO 280 ""CRUZANDO LAS VÍAS""";ZAVALLA;ROSARIO
"JARDIN DE INFANTES NRO 283 ""EL JACARANDÁ""";ROSARIO;ROSARIO
JARDÍN DE INFANTES NRO 286;ROSARIO;ROSARIO
"JARDIN DE INFANTES NUCLEADO NRO 286 ""Benito Quinquela Martín""";ROSARIO;ROSARIO
"JARDIN DE INFANTES NRO 287 ""LA FLORIDA""";ROSARIO;ROSARIO
"JARDIN DE INFANTES NRO 288 ""Pablo Picasso""";ROSARIO;ROSARIO
"JARDIN DE INFANTES NRO 289 ""JACARANDÁ""";IBARLUCEA;ROSARIO
NUCLEO II - JARDIN DE INFANTES NRO 290;VILLA GOBERNADOR GALVEZ;ROSARIO
NUCLEO I - JARDIN DE INFANTES NRO 290;VILLA GOBERNADOR GALVEZ;ROSARIO
"JARDIN DE INFANTES NUCLEADO NRO 290 ""SOLES DEL PARANÁ""";VILLA GOBERNADOR GALVEZ;ROSARIO
"JARDIN DE INFANTES NRO 296 ""MAFALDA""";ROSARIO;ROSARIO
"NUCLEO I JARDIN DE INFANTES NRO 297 ""LUCECITAS DEL PARANÁ""";ARROYO SECO;ROSARIO
"JARDIN DE INFANTES NUCLEADO NRO 297 ""LUCECITAS DEL PARANÁ""";ARROYO SECO;ROSARIO
"JARDIN DE INFANTES MATERNAL NRO 298 ""TIRA CON TIRITA""";ROSARIO;ROSARIO
JARDIN DE INFANTES NRO 302;ROLDAN;SAN LORENZO
JARDIN DE INFANTES NRO 310;VILLA GOBERNADOR GALVEZ;ROSARIO
NUCLEO I JARDIN DE INFANTES NRO 311;ROSARIO;ROSARIO
"JARDIN DE INFANTES NUCLEADO NRO 311 ""PUENTE DE ILUSIÓN""";ROSARIO;ROSARIO
JARDIN DE INFANTES NRO 312;ROSARIO;ROSARIO
JARDIN DE INFANTES NRO 313;VILLA CONSTITUCION;CONSTITUCION
JARDIN DE INFANTES NRO 314;PUERTO GENERAL SAN MARTIN;SAN LORENZO
JARDIN DE INFANTES NRO 315;RICARDONE;SAN LORENZO
JARDIN DE INFANTES NRO 318;ROSARIO;ROSARIO
JARDIN DE INFANTES NRO 321;VILLA GOBERNADOR GALVEZ;ROSARIO
JARDIN DE INFANTES NRO 322;VILLA GOBERNADOR GALVEZ;ROSARIO
JARDIN DE INFANTES NRO 325;ALVEAR;ROSARIO
JARDIN DE INFANTES NRO 326;PUEBLO ESTHER;ROSARIO
JARDIN DE INFANTES NRO 327;GRANADERO BAIGORRIA;ROSARIO
JARDIN DE INFANTES NRO 328;SOLDINI;ROSARIO
JARDIN DE INFANTES NRO 329;ROSARIO;ROSARIO
JARDIN DE INFANTES NUCLEADO NRO 329;ROSARIO;ROSARIO
JARDIN DE INFANTES NRO 330;VILLA CONSTITUCION;CONSTITUCION
JARDIN DE INFANTES NRO 331;PEREZ;ROSARIO
JARDIN DE INFANTES NRO 332;VILLA GOBERNADOR GALVEZ;ROSARIO
JARDIN DE INFANTES NRO 334;ROSARIO;ROSARIO
"ESCUELA NRO 44 ""PBRO. DOCTOR VICENTE MONTES CARBALLO""";VILLA CONSTITUCION;CONSTITUCION
"ESCUELA NRO 53 ""BERNARDINO RIVADAVIA""";ROSARIO;ROSARIO
"ESCUELA NRO 54 ""GENERAL MANUEL BELGRANO""";ROSARIO;ROSARIO
"ESCUELA NRO 55 ""DOMINGO FAUSTINO SARMIENTO""";ROSARIO;ROSARIO
"ESCUELA NRO 56 ""ALMAFUERTE""";ROSARIO;ROSARIO
"ESCUELA NRO 57 ""JUANA ELENA BLANCO""";ROSARIO;ROSARIO
"ESCUELA NRO 58 ""JUAN BAUTISTA ALBERDI""";ROSARIO;ROSARIO
"ESCUELA NRO 60 ""MARIANO MORENO""";ROSARIO;ROSARIO
"ESCUELA NRO 61 ""JUAN GALO LAVALLE""";ROSARIO;ROSARIO
"ESCUELA NRO 63 ""ALMIRANTE GUILLERMO BROWN""";ROSARIO;ROSARIO
"ESCUELA NRO 64 ""TENIENTE GENERAL PABLO RICCHERI""";ROSARIO;ROSARIO
"ESCUELA NRO 66 ""GENERAL LAS HERAS""";ROSARIO;ROSARIO
"ESCUELA NRO 67 ""JUAN ENRIQUE PESTALOZZI""";ROSARIO;ROSARIO
"ESCUELA NRO 68 ""LEANDRO N. ALEM""";ROSARIO;ROSARIO
"ESCUELA NRO 69 ""DOCTOR GABRIEL CARRASCO""";ROSARIO;ROSARIO
"ESCUELA NRO 70 ""JUAN JOSE CASTELLI""";ROSARIO;ROSARIO
"ESCUELA NRO 71 ""DOCTOR FRANCISCO DE GURRUCHAGA""";ROSARIO;ROSARIO
"ESCUELA NRO 72 ""DOCTOR JUAN BAUTISTA JUSTO""";ROSARIO;ROSARIO
"ESCUELA NRO 73 ""DOCTOR ADOLFO ALSINA""";ARROYO SECO;ROSARIO
"ESCUELA NRO 74 ""MARIA SAA PEREYRA DE ACEBAL""";ACEBAL;ROSARIO
"ESCUELA NRO 77 ""PEDRO GOYENA""";ROSARIO;ROSARIO
"ESCUELA NRO 79 ""REPUBLICA DEL PARAGUAY""";ROSARIO;ROSARIO
"ESCUELA NRO 81 ""DOCTOR JUAN JOSE PASO""";ROSARIO;ROSARIO
"ESCUELA NRO 83 ""JUAN ARZENO""";ROSARIO;ROSARIO
"ESCUELA NRO 84 ""JOSE MARMOL""";ROSARIO;ROSARIO
"ESCUELA NRO 85 ""ESTEBAN ECHEVERRIA""";ROSARIO;ROSARIO
"ESCUELA NRO 86 ""JOSE MANUEL ESTRADA""";ROSARIO;ROSARIO
"ESCUELA NRO 87 ""JUAN PASCUAL PRINGLES""";ALBARELLOS;ROSARIO
"ESCUELA NRO 88 ""JUANA MANSO""";ROSARIO;ROSARIO
"ESCUELA NRO 90 ""FRANKLIN DELANO ROOSEVELT""";ROSARIO;ROSARIO
"ESCUELA NRO 91 ""REPUBLICA FEDERATIVA DEL BRASIL""";ROSARIO;ROSARIO
"ESCUELA NRO 92 ""ARISTOBULO DEL VALLE""";ROSARIO;ROSARIO
"ESCUELA NRO 93 ""CARLOS GUIDO Y SPANO""";ROSARIO;ROSARIO
"ESCUELA NRO 94 ""REPUBLICA DEL LIBANO""";ROSARIO;ROSARIO
"ESCUELA NRO 96 ""FLORENTINO AMEGHINO""";ROSARIO;ROSARIO
"ESCUELA NRO 98 ""DOCTOR ESTANISLAO ZEBALLOS""";ROSARIO;ROSARIO
"ESCUELA NRO 100 ""JOSE INGENIEROS""";VILLA GOBERNADOR GALVEZ;ROSARIO
"ESCUELA NRO 103 ""DOCTOR ROQUE SAENZ PEÑA""";ROSARIO;ROSARIO
"ESCUELA NRO 107 ""9 DE JULIO""";ROSARIO;ROSARIO
"ESCUELA NRO 109 ""JUAN CHASSAING""";ROSARIO;ROSARIO
"ESCUELA NRO 112 ""LUIS CALDERON""";ROSARIO;ROSARIO
"ESCUELA NRO 113 ""SARGENTO CABRAL""";SAN LORENZO;SAN LORENZO
"ESCUELA NRO 114 ""JUSTO GERMAN DEHEZA""";ROSARIO;ROSARIO
"ESCUELA NRO 115 ""PROVINCIA DE SALTA""";ROSARIO;ROSARIO
"ESCUELA NRO 116 ""PROVINCIA SANTIAGO DEL ESTERO""";ROSARIO;ROSARIO
"ESCUELA NRO 117 ""ISLAS MALVINAS""";ROSARIO;ROSARIO
"ESCUELA NRO 119 ""CORONEL ORTIZ DE OCAMPO""";ROSARIO;ROSARIO
"ESCUELA NRO 120 ""JOSE MARIA RONDEAU""";ROSARIO;ROSARIO
"ESCUELA NRO 122 ""JUSTINA R. DE ALVAREZ""";ALVAREZ;ROSARIO
"ESCUELA NRO 123 ""GENERAL JOSE DE SAN MARTIN""";CARMEN DEL SAUCE;ROSARIO
"ESCUELA NRO 124 ""ISIDRO ALIAU""";VILLA GOBERNADOR GALVEZ;ROSARIO
"ESCUELA NRO 125 ""DOCTOR ANTONIO HERRERA""";FUNES;ROSARIO
"ESCUELA NRO 126 ""MIGUEL DE AZCUENAGA""";EL CARAMELO;ROSARIO
"ESCUELA NRO 127 ""DOCTOR MANUEL ALBERTI""";GRANADERO BAIGORRIA;ROSARIO
"ESCUELA NRO 128 ""CONGRESO DE TUCUMAN""";ROSARIO;ROSARIO
"ESCUELA NRO 129 ""COMANDANTE JOSE MATIAS ZAPIOLA""";PEREZ;ROSARIO
"ESCUELA NRO 130 ""25 DE MAYO""";VILLA AMELIA;ROSARIO
"ESCUELA NRO 131 ""FALUCHO""";SOLDINI;ROSARIO
"ESCUELA NRO 132 ""ASAMBLEA DEL AÑO XIII""";VILLA GOBERNADOR GALVEZ;ROSARIO
"ESCUELA NRO 133 ""20 DE JUNIO""";ROSARIO;ROSARIO
"ESCUELA NRO 134 ""CORNELIO SAAVEDRA""";ROSARIO;ROSARIO
"ESCUELA NRO 135 ""CORONEL MANUEL DORREGO""";ROSARIO;ROSARIO
"ESCUELA NRO 141 ""REPUBLICA DE MEXICO""";ROSARIO;ROSARIO
"ESCUELA NRO 144 ""JUAN LARREA""";GENERAL LAGOS;ROSARIO
"ESCUELA NRO 146 ""PROVINCIA DE CORRIENTES""";ROSARIO;ROSARIO
"ESCUELA NRO 147 ""PROVINCIA DE ENTRE RIOS""";ROSARIO;ROSARIO
"ESCUELA NRO 148 ""BERNARDO MONTEAGUDO""";PIÑERO;ROSARIO
"ESCUELA NRO 149 ""JOSE HERNANDEZ""";PUEBLO ESTHER;ROSARIO
"ESCUELA NRO 150 ""CRISTOBAL COLON""";ROSARIO;ROSARIO
"ESCUELA NRO 151 ""DOMINGO FAUSTINO SARMIENTO""";PUEBLO MUÑOZ;ROSARIO
"ESCUELA NRO 152 ""ESTANISLAO DEL CAMPO""";IBARLUCEA;ROSARIO
"ESCUELA NRO 153 ""GENERAL LAS HERAS""";ALVEAR;ROSARIO
"ESCUELA NRO 154 ""JULIO BELLO""";ROSARIO;ROSARIO
"ESCUELA NRO 156 ""PROVINCIA DE SAN LUIS""";ROSARIO;ROSARIO
"ESCUELA NRO 181 ""DOCTOR NICOLAS AVELLANEDA""";ALCORTA;CONSTITUCION
"ESCUELA NRO 182 ""MARTIN MIGUEL DE GÜEMES""";SAN LORENZO;SAN LORENZO
"ESCUELA NRO 183 ""MANUEL BELGRANO""";MAXIMO PAZ;CONSTITUCION
"ESCUELA NRO 184 ""DOMINGO FAUSTINO SARMIENTO""";SANTA TERESA;CONSTITUCION
"ESCUELA NRO 186 ""GENERAL JOSE DE SAN MARTIN""";PEYRANO;CONSTITUCION
"ESCUELA NRO 188 ""DOMINGO DE ORO""";GODOY;CONSTITUCION
"ESCUELA NRO 190 ""DOMINGO CULLEN""";GODOY;CONSTITUCION
"ESCUELA NRO 191 ""DOCTOR PEDRO RUEDA""";RUEDA;CONSTITUCION
"ESCUELA NRO 195 ""DOCTOR VICENTE ANASTASIO DE ECHEVARRIA""";LA VANGUARDIA;CONSTITUCION
"ESCUELA NRO 200 ""DOMINGO FAUSTINO SARMIENTO""";CORONEL ARNOLD;SAN LORENZO
"ESCUELA NRO 217 ""JOSE MARIA CULLEN""";TIMBUES;SAN LORENZO
"ESCUELA NRO 218 ""LEANDRO N. ALEM""";SAN LORENZO;SAN LORENZO
"ESCUELA NRO 219 ""NICASIO OROÑO""";SAN LORENZO;SAN LORENZO
"ESCUELA NRO 220 ""JUAN BAUTISTA CABRAL""";RICARDONE;SAN LORENZO
"ESCUELA NRO 221 ""GRANADERO BASILIO BUSTOS""";PUERTO GENERAL SAN MARTIN;SAN LORENZO
"ESCUELA NRO 223 ""TENIENTE GENERAL PABLO RICCHERI""";CAPITAN BERMUDEZ;SAN LORENZO
"ESCUELA NRO 224 ""DOMINGO FAUSTINO SARMIENTO""";ZAVALLA;ROSARIO
"ESCUELA NRO 229 ""CORONEL MANUEL DORREGO""";ROLDAN;SAN LORENZO
"ESCUELA NRO 233 ""ROQUE LUIS CASSINI""";CAPITAN BERMUDEZ;SAN LORENZO
"ESCUELA NRO 235 ""PROVINCIA LA RIOJA""";ARMINDA;ROSARIO
"ESCUELA NRO 236 ""ESTANISLAO ZEBALLOS""";VILLA MUGUETA;SAN LORENZO
"ESCUELA NRO 245 ""JUAN BAUTISTA AZOPARDO""";VILLA AMELIA;ROSARIO
"ESCUELA NRO 246 ""HIPOLITO BOUCHARD""";VILLA AMELIA;ROSARIO
"ESCUELA NRO 247 ""MARTIN MIGUEL DE GUEMES""";ARROYO SECO;ROSARIO
"ESCUELA NRO 299 ""CEFERINO NAMUNCURA""";ROSARIO;ROSARIO
"ESCUELA NRO 456 ""DOCTOR CARLOS PELLEGRINI""";ROSARIO;ROSARIO
"ESCUELA NRO 499 ""GENERAL MANUEL BELGRANO""";VILLA CONSTITUCION;CONSTITUCION
"ESCUELA NRO 500 ""DOMINGO FAUSTINO SARMIENTO""";VILLA CONSTITUCION;CONSTITUCION
"ESCUELA NRO 518 ""FRAY MAMERTO ESQUIU""";ROSARIO;ROSARIO
"ESCUELA NRO 524 ""ESTANISLAO LUIS PANDO""";ROSARIO;ROSARIO
"ESCUELA NRO 525 ""DR. JOSE CAMILO PAZ""";ROSARIO;ROSARIO
"ESCUELA NRO 526 ""PROVINCIA DE CORDOBA""";ROSARIO;ROSARIO
"ESCUELA NRO 527 ""ABANDERADO GRANDOLI""";ROSARIO;ROSARIO
"ESCUELA NRO 528 ""DOCTOR CARLOS OMNES""";ROSARIO;ROSARIO
"ESCUELA NRO 550 ""COOPERACION ESCOLAR""";GRANADERO BAIGORRIA;ROSARIO
"ESCUELA NRO 560 ""PROVINCIA DE JUJUY""";ROSARIO;ROSARIO
"ESCUELA NRO 565 ""BARTOLOME MITRE""";ROSARIO;ROSARIO
"ESCUELA NRO 593 ""VICENTE LOPEZ Y PLANES""";EMPALME VILLA CONSTITUCION;CONSTITUCION
"ESCUELA NRO 609 ""FLORIANO ZAPATA""";ROSARIO;ROSARIO
"ESCUELA NRO 610 ""REPUBLICA DE BOLIVIA""";ROSARIO;ROSARIO
"ESCUELA NRO 613 ""OVIDIO LAGOS""";ROSARIO;ROSARIO
"ESCUELA NRO 614 ""REPUBLICA DE NICARAGUA""";ROSARIO;ROSARIO
"ESCUELA NRO 615 ""REPUBLICA DEL PERU""";ROSARIO;ROSARIO
"ESCUELA NRO 616 ""REPUBLICA DE VENEZUELA""";ROSARIO;ROSARIO
"ESCUELA NRO 617 ""GOBERNADOR DOMINGO CRESPO""";ROSARIO;ROSARIO
"ESCUELA NRO 632 ""JOSE MARIA PUIG""";ROSARIO;ROSARIO
"ESCUELA NRO 644 ""BARTOLOME MITRE""";EMPALME VILLA CONSTITUCION;CONSTITUCION
"ESCUELA NRO 658 ""FUNDACION SAN CRISTOBAL""";ROSARIO;ROSARIO
"ESCUELA NRO 659 ""GENERAL SAN MARTIN""";ROSARIO;ROSARIO
"ESCUELA NRO 660 ""FRANCISCO NARCISO LAPRIDA""";ROSARIO;ROSARIO
"ESCUELA NRO 661 ""NICASIO OROÑO""";ROSARIO;ROSARIO
"ESCUELA NRO 664 ""ROSARIO VERA PEÑALOZA""";SAN LORENZO;SAN LORENZO
"ESCUELA NRO 753 ""GENERAL JOSE DE SAN MARTIN""";SAN LORENZO;SAN LORENZO
"ESCUELA NRO 756 ""DOCTOR JOSE M. SERRANO""";ROSARIO;ROSARIO
"ESCUELA NRO 773 ""PABLO PIZZURNO""";ROSARIO;ROSARIO
"ESCUELA NRO 775 ""VICTOR MERCANTE""";ROSARIO;ROSARIO
"ESCUELA NRO 782 ""JUAN BAUTISTA ALBERDI""";VILLA CONSTITUCION;CONSTITUCION
"ESCUELA NRO 798 ""VICENTE ANASTASIO DE ECHEVARRIA""";ROSARIO;ROSARIO
"ESCUELA NRO 799 ""ANASTASIO ESCUDERO""";ROSARIO;ROSARIO
"ESCUELA NRO 800 ""PROFESOR JOAQUIN ARGÜELLES""";ROSARIO;ROSARIO
"ESCUELA NRO 801 ""CARMEN FAGGIANO DE BAFICO""";ROSARIO;ROSARIO
"ESCUELA NRO 810 ""GENERAL SAN MARTIN""";THEOBALD;CONSTITUCION
"ESCUELA NRO 816 ""DOCTOR RODOLFO RIVAROLA""";ROSARIO;ROSARIO
"ESCUELA NRO 824 ""REPUBLICA ORIENTAL DEL URUGUAY""";ROSARIO;ROSARIO
"ESCUELA NRO 825 ""LEOPOLDO HERRERA""";ROSARIO;ROSARIO
"ESCUELA NRO 856 ""DOCTOR JOSE ROQUE PEREZ""";PEREZ;ROSARIO
"ESCUELA NRO 913 ""MIGUEL DE CERVANTES SAAVEDRA""";CAPITAN BERMUDEZ;SAN LORENZO
"ESCUELA NRO 1014 ""CORONEL MARCELINO FREYRE""";FRAY LUIS BELTRAN;SAN LORENZO
"ESCUELA NRO 1061 ""JOSE INGENIEROS""";FUNES;ROSARIO
"ESCUELA NRO 1078 ""JOHN F. KENNEDY""";ROSARIO;ROSARIO
"ESCUELA NRO 1080 ""GABRIELA MISTRAL""";ROSARIO;ROSARIO
"ESCUELA NRO 1085 ""REPUBLICA DE COLOMBIA""";FRAY LUIS BELTRAN;SAN LORENZO
"ESCUELA NRO 1086 ""MARIANO MORENO""";VILLA CONSTITUCION;CONSTITUCION
"ESCUELA NRO 1090 ""DOMINGO MATHEU""";ROSARIO;ROSARIO
"ESCUELA NRO 1095 ""DOCTOR LUIS CHORROARIN""";ROSARIO;ROSARIO
"ESCUELA NRO 1102 ""SARGENTO CABRAL""";ROSARIO;ROSARIO
"ESCUELA NRO 1112 ""LEON GAUNA""";VILLA CONSTITUCION;CONSTITUCION
"ESCUELA NRO 1117 ""RAFAEL OBLIGADO""";VILLA GOBERNADOR GALVEZ;ROSARIO
"ESCUELA NRO 1135 ""BRIGADIER ESTANISLAO LOPEZ""";LA CAROLINA;ROSARIO
"ESCUELA NRO 1139 ""MARCOS SASTRE""";ISLA EL ESPINILLO;ROSARIO
"ESCUELA NRO 1148 ""MARTIN MIGUEL DE GUEMES""";VILLA GOBERNADOR GALVEZ;ROSARIO
"ESCUELA NRO 1158 ""CLUB DE LEONES""";VILLA CONSTITUCION;CONSTITUCION
"ESCUELA NRO 1162 ""DOCTOR PEDRO NICASIO ARIAS""";ROSARIO;ROSARIO
"ESCUELA NRO 1172 ""PAUL HARRIS""";ROSARIO;ROSARIO
"ESCUELA NRO 1188 ""JUAN BAUTISTA BUSTOS""";ROSARIO;ROSARIO
"ESCUELA NRO 1202 ""GENDARMERIA NACIONAL""";ROSARIO;ROSARIO
"ESCUELA NRO 1204 ""INGENIERO ENRIQUE MOSCONI""";VILLA GOBERNADOR GALVEZ;ROSARIO
"ESCUELA NRO 1209 ""PROVINCIA DE CHACO""";PEREZ;ROSARIO
"ESCUELA NRO 1210 ""LUIS RULLAN""";ROSARIO;ROSARIO
"ESCUELA NRO 1217 ""COMBATE DE SAN LORENZO""";VILLA CONSTITUCION;CONSTITUCION
"ESCUELA NRO 1224 ""BRIGADIER ESTANISLAO LOPEZ""";VILLA CONSTITUCION;CONSTITUCION
"ESCUELA NRO 1226 ""GESTA DE MAYO""";ROSARIO;ROSARIO
"ESCUELA NRO 1227 ""PUERTO DE LAS PIEDRAS""";VILLA CONSTITUCION;CONSTITUCION
"ESCUELA NRO 1229 ""PRIMERO DE MAYO""";ROSARIO;ROSARIO
"ESCUELA NRO 1235 ""CONSTANCIO C. VIGIL""";ROSARIO;ROSARIO
"ESCUELA NRO 1240 ""ARCELIA DELGADO DE ARIAS""";ROSARIO;ROSARIO
"ESCUELA NRO 1241 ""BATERIA LIBERTAD""";VILLA GOBERNADOR GALVEZ;ROSARIO
"ESCUELA NRO 1243 ""JOSE PEDRONI""";VILLA GOBERNADOR GALVEZ;ROSARIO
"ESCUELA NRO 1252 ""PREFECTURA NAVAL ARGENTINA""";VILLA CONSTITUCION;CONSTITUCION
"ESCUELA NRO 1253 ""25 DE MAYO""";VILLA CONSTITUCION;CONSTITUCION
"ESCUELA NRO 1254 ""TOMAS ESPORA""";ROSARIO;ROSARIO
"ESCUELA NRO 1257 ""CRUCERO ARA GENERAL BELGRANO""";ROSARIO;ROSARIO
"ESCUELA NRO 1260 ""VALENTIN TEODORO ANTONIUTTI""";VILLA CONSTITUCION;CONSTITUCION
"ESCUELA NRO 1263 ""JOAQUIN VICTOR GONZALEZ""";ROSARIO;ROSARIO
"ESCUELA NRO 1266 ""JUANA AZURDUY""";VILLA GOBERNADOR GALVEZ;ROSARIO
"ESCUELA NRO 1267 ""LATINOAMERICA""";ROSARIO;ROSARIO
"ESCUELA NRO 1270 ""BRIGADIER ESTANISLAO LOPEZ""";VILLA GOBERNADOR GALVEZ;ROSARIO
"ESCUELA NRO 1271 ""ALICIA MOREAU DE JUSTO""";VILLA GOBERNADOR GALVEZ;ROSARIO
"ESCUELA NRO 1272 ""CAMPO MATEO""";TIMBUES;SAN LORENZO
"ESCUELA NRO 1275 ""FRAY LUIS BELTRAN""";ROSARIO;ROSARIO
"ESCUELA NRO 1276 ""MARTHA ALCIRA SALOTTI""";ROSARIO;ROSARIO
"ESCUELA NRO 1279 ""BRIGADIER ESTANISLAO LOPEZ""";ROSARIO;ROSARIO
"ESCUELA NRO 1280 ""SOLDADO DE MALVINAS""";ROSARIO;ROSARIO
"ESCUELA NRO 1281 ""DOCTORA CECILIA GRIERSON""";VILLA GOBERNADOR GALVEZ;ROSARIO
"ESCUELA NRO 1289 ""RIO PARANA""";ROSARIO;ROSARIO
"ESCUELA NRO 1291 ""BRIGADIER ESTANISLAO LOPEZ""";SAN LORENZO;SAN LORENZO
"ESCUELA NRO 1293 ""LISANDRO PAGANINI""";GRANADERO BAIGORRIA;ROSARIO
"ESCUELA NRO 1294 ""2 DE ABRIL""";GRANADERO BAIGORRIA;ROSARIO
"ESCUELA NRO 1300 ""PRESIDENTE JUAN DOMINGO PERON""";PEREZ;ROSARIO
"ESCUELA NRO 1307 ""EVA PERON""";CAPITAN BERMUDEZ;SAN LORENZO
"ESCUELA NRO 1314 ""VICTORIA OLGA COSSETTINI""";ROSARIO;ROSARIO
"ESCUELA NRO 1315 ""ITATI DE CORRIENTES""";ROSARIO;ROSARIO
"ESCUELA NRO 1318 ""DE LA COMUNIDAD EVA PERON""";ROSARIO;ROSARIO
"ESCUELA NRO 1319 ""JOSE ORTOLANI""";ROSARIO;ROSARIO
"ESCUELA NRO 1322 ""ROSARIO DE SANTA FE""";ROSARIO;ROSARIO
"ESCUELA NRO 1323 ""REGION DE CALABRIA""";ROSARIO;ROSARIO
"ESCUELA NRO 1326 ""MAESTRO SERGIO DEL CORO""";ROSARIO;ROSARIO
"ESCUELA NRO 1330 ""LISANDRO DE LA TORRE""";VILLA GOBERNADOR GALVEZ;ROSARIO
"ESCUELA NRO 1331 ""VICENTE LOPEZ Y PLANES""";ROSARIO;ROSARIO
"ESCUELA NRO 1332 ""ROQUE NOSETTO""";SAN LORENZO;SAN LORENZO
"ESCUELA NRO 1333 ""NUEVA ESPERANZA""";ROSARIO;ROSARIO
"ESCUELA NRO 1337 ""DOCTOR CARLOS SILVESTRE BEGNIS""";ROSARIO;ROSARIO
"ESCUELA NRO 1339 ""INGENIERO ENRIQUE MOSCONI""";SAN LORENZO;SAN LORENZO
"ESCUELA NRO 1344 ""BILINGUE TAIGOYE""";ROSARIO;ROSARIO
"ESCUELA NRO 1346 ""DOCTOR FRANCISCO NETRI""";ROSARIO;ROSARIO
"ESCUELA NRO 1347 ""ATHAUALPA YUPANQUI""";ROSARIO;ROSARIO
"ESCUELA NRO 1357 ""DOCTOR ESTEBAN LAUREANO MARADONA""";ROSARIO;ROSARIO
"ESCUELA NRO 1358 ""MACACHA GUEMES""";ROSARIO;ROSARIO
"ESCUELA NRO 1360 ""BATALLA DE PUNTA QUEBRACHO""";PUERTO GENERAL SAN MARTIN;SAN LORENZO
"ESCUELA NRO 1367 ""RAUL DOMINGUEZ""";ROSARIO;ROSARIO
ESCUELA NRO 1372;ROSARIO;ROSARIO
"ESCUELA NRO 1376 ""LETICIA COSSETTINI""";ROSARIO;ROSARIO
ESCUELA NRO 1379;ROSARIO;ROSARIO
"ESCUELA NRO 1380 ""ROBERTO FONTANARROSA""";ROSARIO;ROSARIO
ESCUELA NRO 1381;ROSARIO;ROSARIO
"ESCUELA NRO 1388 ""ANTONIO BERNI""";FUNES;ROSARIO
ESCUELA PRIMARIA COMUN DIURNA NRO 1390;ROSARIO;ROSARIO
ESCUELA NRO 1391;ROSARIO;ROSARIO
"ESCUELA NRO 1396 ""SANTA LUCÍA""";ROSARIO;ROSARIO
ESCUELA PRIMARIA NRO 1397;FUNES;ROSARIO
ESCUELA PRIMARIA NRO 1398;PUERTO GENERAL SAN MARTIN;SAN LORENZO
ESCUELA PRIMARIA NRO 1399;ROLDAN;SAN LORENZO
ESCUELA PRIMARIA NRO 1400;ROSARIO;ROSARIO
"ESCUELA NRO 6013 ""DOCTOR ZENON MARTINEZ""";EMPALME VILLA CONSTITUCION;CONSTITUCION
"ESCUELA NRO 6014 ""PROVINCIA DE ENTRE RIOS""";PAVON ARRIBA;CONSTITUCION
"ESCUELA NRO 6018 ""DOCTOR VICTORIANO MONTES""";ROSARIO;ROSARIO
"ESCUELA NRO 6019 ""CONVENTO SAN CARLOS""";ALDAO;SAN LORENZO
"ESCUELA NRO 6032 ""MANUEL BELGRANO""";FUENTES;SAN LORENZO
"ESCUELA NRO 6033 ""GOBERNADORES CULLEN""";PUERTO GENERAL SAN MARTIN;SAN LORENZO
"ESCUELA NRO 6036 ""BERNARDINO RIVADAVIA""";ARROYO SECO;ROSARIO
"ESCUELA NRO 6038 ""GENDARME ARGENTINO""";ALVEAR;ROSARIO
"ESCUELA NRO 6055 ""SIMON DE IRIONDO""";ROSARIO;ROSARIO
"ESCUELA NRO 6057 ""JUAN GREGORIO DE LAS HERAS""";CORONEL BOGADO;ROSARIO
"ESCUELA NRO 6058 ""GENERAL GUILLERMO PINTO""";JUAN B. MOLINA;CONSTITUCION
"ESCUELA NRO 6059 ""LOS ANDES""";GENERAL GELLY;CONSTITUCION
"ESCUELA NRO 6060 ""CORONEL RODOLFO DOMINGUEZ""";CORONEL RODOLFO S. DOMINGUEZ;ROSARIO
"ESCUELA NRO 6076 ""UNIDAD NACIONAL""";PAVON;CONSTITUCION
"ESCUELA NRO 6086 ""BRIGADIER ESTANISLAO LOPEZ""";FIGHIERA;ROSARIO
"ESCUELA NRO 6090 ""EJERCITO ARGENTINO""";CEPEDA;CONSTITUCION
"ESCUELA NRO 6091 ""GENDARME RAUL CUELLO""";MAIZALES;SAN LORENZO
"ESCUELA NRO 6118 ""CAYASTA""";STEPHENSON;CONSTITUCION
"ESCUELA NRO 6150 ""JUAN BAUTISTA CABRAL""";SARGENTO CABRAL;CONSTITUCION
"ESCUELA NRO 6157 ""ALMIRANTE GUILLERMO BROWN""";THEOBALD;CONSTITUCION
"ESCUELA NRO 6194 ""ALMAFUERTE""";ARROYO SECO;ROSARIO
"ESCUELA NRO 6196 ""MARIA MENVIELLE DE URANGA""";URANGA;ROSARIO
"ESCUELA NRO 6202 ""CLODOMIRO LEDESMA""";JUNCAL;CONSTITUCION
"ESCUELA NRO 6216 ""COMBATE DE LA VUELTA DE OBLIGADO""";VILLA CONSTITUCION;CONSTITUCION
"ESCUELA NRO 6230 ""ESCARAPELA NACIONAL""";CAÑADA RICA;CONSTITUCION
"ESCUELA NRO 6245 ""ESTEBAN ECHEVERRIA""";COLONIA ESCRIBANO;ROSARIO
"ESCUELA NRO 6282 ""DOMINGO MATHEU""";CUATRO ESQUINAS;ROSARIO
"ESCUELA NRO 6298 ""12 DE OCTUBRE""";CAMPO MUGUETA;CONSTITUCION
"ESCUELA NRO 6370 ""TENIENTE GENERAL PABLO RICCHERI""";FRAY LUIS BELTRAN;SAN LORENZO
"ESCUELA NRO 6371 ""JOAQUINA VILLARINO DE SOAGE""";ZAVALLA;ROSARIO
"ESCUELA NRO 6379 ""DOMINGO GUZMAN SILVA""";ROSARIO;ROSARIO
"ESCUELA NRO 6381 ""JUAN ALVAREZ""";CAPITAN BERMUDEZ;SAN LORENZO
"ESCUELA NRO 6383 ""BRIGADIER ESTANISLAO LOPEZ""";ROSARIO;ROSARIO
"ESCUELA NRO 6386 ""CAYETANO SILVA""";ROSARIO;ROSARIO
"ESCUELA NRO 6389 ""FEDERICO DE LA BARRA""";ROSARIO;ROSARIO
"ESCUELA NRO 6390 ""ALMAFUERTE""";SAN LORENZO;SAN LORENZO
"ESCUELA NRO 6392 ""CARLOS JAVIER BENIELLI""";SAN LORENZO;SAN LORENZO
"ESCUELA NRO 6394 ""MARTIN J. THOMPSON""";ROSARIO;ROSARIO
"ESCUELA NRO 6397 ""SAN JOSE DE CALASANZ""";ROSARIO;ROSARIO
"ESCUELA NRO 6398 ""GENERAL MOSCONI""";PEREZ;ROSARIO
"ESCUELA NRO 6408 ""PEDRO DURST""";ROLDAN;SAN LORENZO
"ESCUELA NRO 6418 ""ROSARIO VERA PEÑALOZA""";GRANADERO BAIGORRIA;ROSARIO
"ESCUELA NRO 6430 ""ISABEL LA CATOLICA""";ROSARIO;ROSARIO
"ESCUELA NRO 9020 ""CORONEL JUAN DOMINGO PERON""";GRANADERO BAIGORRIA;ROSARIO
"C.E.R. NRO 101 ""DOCTOR SIMON DE IRIONDO""";MAXIMO PAZ;CONSTITUCION
"C.E.R. NRO 152 ""DOMINGO FAUSTINO SARMIENTO""";CAMPO LA CELIA;SAN LORENZO
"C.E.R. NRO 217 ""LIBERTADOR JOSE DE SAN MARTIN""";ALCORTA;CONSTITUCION
"C.E.R. NRO 372 ""BERNARDINO RIVADAVIA""";CAMPO LA VICTORIA;CONSTITUCION
C.E.R. NRO 414;JUNCAL;CONSTITUCION
"ESCUELA ESPECIAL 2004 ""RUBÉN NARANJO""";ROSARIO;ROSARIO
"ESCUELA ESPECIAL NRO 2006 ""HOGAR PELLETIER""";ROSARIO;ROSARIO
"ESCUELA ESPECIAL 2010 ""PROFESOR MARTIN HERRERA""";ROSARIO;ROSARIO
"ESCUELA ESPECIAL NRO 2013 ""MARIA ANA MARIA DE MADRAZO""";ROSARIO;ROSARIO
"ESCUELA NRO 2014 ""LUIS BRAILE""";ROSARIO;ROSARIO
"ESCUELA ESPECIAL NRO 2046 ""BERTHA GUZMAN""";VILLA CONSTITUCION;CONSTITUCION
"ESCUELA ESPECIAL NRO 2049 ""ANTONIO BERNI""";ROSARIO;ROSARIO
"ESCUELA ESPECIAL NRO 2050 ""TERESA DE CALCUTA""";ROSARIO;ROSARIO
"ESCUELA NRO 2055 ""CEFERINO NAMUNCURA""";ARROYO SECO;ROSARIO
"ESCUELA ESPECIAL N 2056 ""BERNSTADT""";ROLDAN;SAN LORENZO
"ESCUELA NRO 2058 ""CRECER JUNTOS""";ROSARIO;ROSARIO
"ESCUELA ESPECIAL 2059 ""NTRA SEÑORA DE LA MEDALLA MILAGROSA""";CAPITAN BERMUDEZ;SAN LORENZO
"ESCUELA ESPECIAL N 2066 ""SAN FRANCISCO DE ASIS""";VILLA GOBERNADOR GALVEZ;ROSARIO
ESCUELA ESPECIAL NRO 2067;ROSARIO;ROSARIO
ESCUELA ESPECIAL DE FORMACION LABORAL NRO 2069;ROSARIO;ROSARIO
ESCUELA ESPECIAL NRO 2072;PEREZ;ROSARIO
"ESCUELA ESPECIAL NRO 2074 ""ARNOLD GESELL""";PUERTO GENERAL SAN MARTIN;SAN LORENZO
"ESCUELA ESPECIAL NRO 2081 ""LIDIA ELSA ROUSSELLE""";ROSARIO;ROSARIO
"ESCUELA NRO 2086 ""PAQUITA MARTIN""";PEYRANO;CONSTITUCION
"ESC.ESPEC. 2096""INSTITUTO INTEGRAL DE ESTIMULACION TEMPRANA""";ROSARIO;ROSARIO
"ESCUELA ESPECIAL NRO 2097 ""DOCTOR JULIO MAIZTEGUI""";ROSARIO;ROSARIO
"ESCUELA ESPECIAL NRO 2105 ""TIEMPO DE AMOR""";FRAY LUIS BELTRAN;SAN LORENZO
ESCUELA ESPECIAL PARA SORDOS E HIPOACUSICOS 2118;SAN LORENZO;SAN LORENZO
ESCUELA ESPECIAL PARA NIÑOS SORDOS E HIPOACUSTICOS NRO 2119;VILLA GOBERNADOR GALVEZ;ROSARIO
ESCUELA ESPECIAL NRO 2124;VILLA GOBERNADOR GALVEZ;ROSARIO
ESCUELA ESPECIAL PARA DISCAPACITADOS MENTALES NRO 2130;ROSARIO;ROSARIO
ESCUELA ESPECIAL DE FORMACION LABORAL NRO 2134;VILLA GOBERNADOR GALVEZ;ROSARIO
ESCUELA DE EDUCACION ESPECIAL PARA DISCAPACITADOS MENTALES NRO 2135;ROSARIO;ROSARIO
ESCUELA ESPECIAL PARA ADOLESCENTES Y JÓVENES NRO 2138;ROSARIO;ROSARIO
ESCUELA ESPECIAL PARA DISCAPACITADOS AUDITIVOS NRO 2139;ROSARIO;ROSARIO
"TALLER DE EDUCACION MANUAL NRO 33 ""LIBERTAD""";ROSARIO;ROSARIO
"TALLER DE EDUCACION MANUAL NRO 34 ""BERNARDINO RIVADAVIA""";ROSARIO;ROSARIO
"TALLER DE EDUCACION MANUAL NRO 35 ""SAUL GALETTI""";ROSARIO;ROSARIO
"TALLER DE EDUCACION MANUAL NRO 36 ""BARTOLOME MITRE""";ROSARIO;ROSARIO
"TALLER DE EDUCACION MANUAL NRO 37 ""PROFESOR ENRIQUE MUZZIO""";ROSARIO;ROSARIO
"TALLER DE EDUCACION MANUAL NRO 38 ""AMERICA LATINA""";ROSARIO;ROSARIO
"TALLER DE EDUCACION MANUAL NRO 39 ""PABLO PIZZURNO""";ROSARIO;ROSARIO
"TALLER DE EDUCACION MANUAL NRO 40 ""AGUEDO FACCHINI""";ARROYO SECO;ROSARIO
"TALLER DE EDUCACION MANUAL NRO 41 ""9 DE AGOSTO""";ROSARIO;ROSARIO
"TALLER DE EDUCACION MANUAL NRO 42 ""JUANA BLANCO""";ROSARIO;ROSARIO
"TALLER DE EDUCACION MANUAL NRO 43 ""GENERAL MARIANO NECOCHEA""";ROSARIO;ROSARIO
"TALLER DE EDUCACION MANUAL NRO 44 ""CIUDAD DE ROSARIO""";ROSARIO;ROSARIO
TALLER DE EDUCACION MANUAL NRO 46 S/NOMBRE;ALCORTA;CONSTITUCION
"TALLER DE EDUCACION MANUAL NRO 55 ""FRAY LUIS BELTRAN""";MAXIMO PAZ;CONSTITUCION
"TALLER DE EDUCACION MANUAL NRO 57 ""GENERAL SAN MARTIN""";ROLDAN;SAN LORENZO
"TALLER DE EDUCACION MANUAL NRO 59 ""VERA Y PINTADO""";SAN LORENZO;SAN LORENZO
"TALLER DE EDUCACION MANUAL NRO 63 ""EUGENIO SALVADOR MALAPO";ROSARIO;ROSARIO
"TALLER DE EDUCACION MANUAL NRO 65 ""RECONQUISTA""";ROSARIO;ROSARIO
"TALLER DE EDUCACION MANUAL NRO 66 ""3 DE FEBRERO""";PEREZ;ROSARIO
"TALLER DE EDUCACION MANUAL NRO 68 ""BOMBEROS VOLUNTARIOS""";VILLA GOBERNADOR GALVEZ;ROSARIO
"TALLER DE EDUCACION MANUAL NRO 76 ""JUAN ENRIQUE PESTALOZZI""";ROSARIO;ROSARIO
"TALLER DE EDUCACION MANUAL NRO 78 ""PROFESOR LUIS BORRUAT""";ROSARIO;ROSARIO
"TALLER DE EDUCACION MANUAL NRO 82 ""JUAN B.CASTAGNINO""";ROSARIO;ROSARIO
"TALLER DE EDUCACION MANUAL NRO 83 ""MALVINAS ARGENTINAS""";ZAVALLA;ROSARIO
"TALLER DE EDUCACION MANUAL 85""FRAY JUSTO SANTA MARIA DE ORO""";ROSARIO;ROSARIO
TALLER DE EDUCACION MANUAL NRO 86 SIN NOMBRE;ROSARIO;ROSARIO
"TALLER DE EDUCACION MANUAL NRO 92 ""DORALIZA CABRERA""";VILLA GOBERNADOR GALVEZ;ROSARIO
"TALLER DE EDUCACION MANUAL NRO 94 ""PEDRO BONIFACIO PALACIOS""";ROSARIO;ROSARIO
"TALLER DE EDUCACION MANUAL NRO 96 ""GENERAL MANUEL BELGRANO""";FUNES;ROSARIO
TALLER DE EDUCACION MANUAL NRO 98;ROSARIO;ROSARIO
"TALLER DE EDUCACION MANUAL NRO 99 ""ROSARIO CUNA DE LA BANDERA""";ROSARIO;ROSARIO
TALLER DE EDUCACION MANUAL NRO 115;VILLA CONSTITUCION;CONSTITUCION
"TALLER DE EDUCACION MANUAL NRO 118 ""DOCTOR DIEZ FIGUERAS""";SANTA TERESA;CONSTITUCION
"TALLER DE EDUCACION MANUAL Nº127""GENERAL JOSÉ DE SAN MARTÍN""";ROSARIO;ROSARIO
"TALLER DE EDUCACION MANUAL NRO 136 ""BERNARDINO RIVADAVIA""";GODOY;CONSTITUCION
"TALLER DE EDUCACION MANUAL NRO 137 ""AMADEO J. RAMIREZ""";ROSARIO;ROSARIO
TALLER DE EDUCACION MANUAL NRO 140;VILLA GOBERNADOR GALVEZ;ROSARIO
"TALLER DE EDUCACION MANUAL NRO 144 ""ERNESTO ALVAREZ""";ROSARIO;ROSARIO
"TALLER DE EDUCACION MANUAL NRO 147 ""ARNALDO RODOLFO SCHETTINI""";PEYRANO;CONSTITUCION
"TALLER DE EDUCACION MANUAL NRO 149 ""GENERAL LAS HERAS""";SAN LORENZO;SAN LORENZO
"TALLER DE EDUCACION MANUAL NRO 150 ""PABLO PIZZURNO""";ACEBAL;ROSARIO
"TALLER DE EDUCACION MANUAL NRO 152 ""GENERAL LAGOS""";ROSARIO;ROSARIO
"TALLER DE EDUCACION MANUAL NRO 155 ""GENERAL GREGORIO VELEZ""";ROSARIO;ROSARIO
"TALLER DE EDUCACION MANUAL NRO 161 ""FRAY MAMERTO ESQUIU""";ROSARIO;ROSARIO
"TALLER DE EDUCACION MANUAL NRO 162 ""ANTONIO LODOLO""";ROSARIO;ROSARIO
"TALLER DE EDUCACION MANUAL NRO 165 ""RUBEN DARIO""";ROSARIO;ROSARIO
"TALLER DE EDUCACION MANUAL NRO 168 ""JUAN MANUEL ESTRADA""";VILLA CONSTITUCION;CONSTITUCION
"TALLER DE EDUCACION MANUAL NRO 185 ""INGENIERO DA VINCI""";ROSARIO;ROSARIO
"TALLER DE EDUCACION MANUAL NRO 187 ""DOMINGO BORGHI""";FRAY LUIS BELTRAN;SAN LORENZO
"TALLER DE EDUCACION MANUAL NRO 188 ""CAPITÁN BERMÚDEZ""";CAPITAN BERMUDEZ;SAN LORENZO
"CENTRO DE EDUCACION FISICA NRO 2 ""GENDARMERIA NACIONAL""";ROSARIO;ROSARIO
CENTRO DE EDUCACION FISICA NRO 3;ROSARIO;ROSARIO
"CENTRO DE EDUCACION FISICA NRO 5 ""PROFESOR OSCAR GIANNONE""";ROSARIO;ROSARIO
"CENTRO DE EDUCACION FISICA NRO 6 ""PEDRO CANDIOTI""";ROSARIO;ROSARIO
CENTRO DE EDUCACION FISICA NRO 7;ROSARIO;ROSARIO
CENTRO DE EDUCACION FISICA NRO 8;ROSARIO;ROSARIO
CENTRO DE EDUCACION FISICA NRO 11;ROSARIO;ROSARIO
"CENTRO DE EDUCACION FISICA NRO 12 ""GUILLERMO ANSELMO""";ROSARIO;ROSARIO
CENTRO DE EDUCACION FISICA NRO 13;ROSARIO;ROSARIO
CENTRO DE EDUCACION FISICA NRO 14;SAN LORENZO;SAN LORENZO
CENTRO DE EDUCACION FISICA NRO 15;ROSARIO;ROSARIO
"CENTRO DE EDUCACION FISICA NRO 26 ""CHANÁ TIMBÚ""";VILLA CONSTITUCION;CONSTITUCION
CENTRO DE EDUCACION FISICA NRO 36;ROSARIO;ROSARIO
CENTRO DE EDUCACION FISICA NRO 45;ROSARIO;ROSARIO
CENTRO DE EDUCACION FISICA NRO 46;ARROYO SECO;ROSARIO
CENTRO DE EDUCACION FISICA NRO 49;ROSARIO;ROSARIO
CAMPAMENTO EDUCATIVO;MAXIMO PAZ;CONSTITUCION
N.R.E.S. ORIENTADA NRO 1270;CARMEN DEL SAUCE;ROSARIO
N.R.E.S. ORIENTADA NRO 1401;ALVEAR;ROSARIO
N.R.E.S. ORIENTADA NRO 1585;CEPEDA;CONSTITUCION
N.R.E.S. ORIENTADA NRO 1586;THEOBALD;CONSTITUCION
N.R.E.S. ORIENTADA NRO 2270;CORONEL RODOLFO S. DOMINGUEZ;ROSARIO
N.R.E.S. ORIENTADA NRO 2401;PIÑERO;ROSARIO
N.R.E.S. ORIENTADA NRO 2585;LA VANGUARDIA;CONSTITUCION
N.R.E.S. ORIENTADA NRO 2586;RUEDA;CONSTITUCION
N.R.E.S. ORIENTADA NRO 3270;ARMINDA;ROSARIO
N.R.E.S. ORIENTADA NRO 3401;ROSARIO;ROSARIO
"E.E.S. ORIENTADA NRO 205 ""NICASIO OROÑO""";VILLA CONSTITUCION;CONSTITUCION
"E.E.S. ORIENTADA NRO 208 ""DOCTOR JUAN BAUTISTA ALBERDI""";VILLA CONSTITUCION;CONSTITUCION
"E.E.S. ORIENTADA NRO 225 ""GENERAL JOSÉ DE SAN MARTÍN""";PEREZ;ROSARIO
"E.E.S. ORIENTADA NRO 227 ""ESTEBAN ECHEVERRÍA""";MAXIMO PAZ;CONSTITUCION
"E.E.S. ORIENTADA NRO 230 ""JULIO ARGENTINO ROCA""";CORONEL BOGADO;ROSARIO
"E.E.S. ORIENTADA NRO 234 ""JUSTO JOSÉ DE URQUIZA""";EMPALME VILLA CONSTITUCION;CONSTITUCION
"E.E.S. ORIENTADA NRO 240 ""LOLA MORA""";ROSARIO;ROSARIO
"E.E.S. ORIENTADA NRO 243 ""JOSÉ MANUEL ESTRADA""";ROSARIO;ROSARIO
"E.E.S. ORIENTADA NRO 248 ""JOSÉ SALVATORI""";GODOY;CONSTITUCION
"E.E.S. ORIENTADA NRO 250 ""MARIANO MORENO""";JUNCAL;CONSTITUCION
"E.E.S. ORIENTADA NRO 251 ""DOCTOR VÍCTOR BIBIAN CUE""";ROSARIO;ROSARIO
"E.E.S. ORIENTADA NRO 254 ""FRAY LUIS BELTRÁN""";FRAY LUIS BELTRAN;SAN LORENZO
"E.E.S. ORIENTADA NRO 257 ""DOCTOR ALFREDO CASTELLANOS""";ROSARIO;ROSARIO
"E.E.S. ORIENTADA NRO 258 ""SOLDADOS ARGENTINOS""";ROSARIO;ROSARIO
"E.E.S. ORIENTADA NRO 269 ""PROFESOR LUIS RAVERA""";VILLA MUGUETA;SAN LORENZO
"E.E.S. ORIENTADA NRO 270 ""JOSÉ PEDRONI""";URANGA;ROSARIO
"E.E.S. ORIENTADA NRO 272 ""JUAN BAUTISTA ALBERDI""";ROSARIO;ROSARIO
"E.E.S. ORIENTADA NRO 304 ""JUSTO JOSÉ DE URQUIZA""";FUENTES;SAN LORENZO
"E.E.S. ORIENTADA NRO 309 ""OVIDIO LAGOS""";ROSARIO;ROSARIO
"E.E.S. ORIENTADA NRO 321 ""GENERAL MANUEL BELGRANO""";PAVON ARRIBA;CONSTITUCION
"E.E.S. ORIENTADA NRO 325 ""DE LA PLAZA""";CAPITAN BERMUDEZ;SAN LORENZO
"E.E.S. ORIENTADA NRO 328 ""JOSÉ GENERAL DE SAN MARTIN""";PUERTO GENERAL SAN MARTIN;SAN LORENZO
"E.E.S. ORIENTADA NRO 330 ""REPÚBLICA DE GRECIA""";GRANADERO BAIGORRIA;ROSARIO
"E.E.S. ORIENTADA NRO 338 ""CONSTANCIO VIGIL""";ROSARIO;ROSARIO
"E.E.S. ORIENTADA NRO 347 ""ANGEL GUIDO""";ROSARIO;ROSARIO
"E.E.S. ORIENTADA NRO 348 ""GENERAL JOSÉ TOMAS GUIDO""";VILLA CONSTITUCION;CONSTITUCION
"E.E.S. ORIENTADA NRO 350 ""PROVINCIA DE SANTA FE""";ROSARIO;ROSARIO
"E.E.S. ORIENTADA NRO 353 ""BRIGADIER ESTANISLAO LÓPEZ""";SARGENTO CABRAL;CONSTITUCION
"E.E.S. ORIENTADA NRO 360 ""JORGE CARLOS CURA""";ROSARIO;ROSARIO
"E.E.S. ORIENTADA NRO 364 ""SOLDADO AGUIRRE""";VILLA GOBERNADOR GALVEZ;ROSARIO
"E.E.S. ORIENTADA NRO 373 ""DR.FRANCISCO SOLANES""";CORONEL ARNOLD;SAN LORENZO
"E.E.S. ORIENTADA NRO 374 ""MAESTRO CARLOS ALBERTO LEIVA""";TIMBUES;SAN LORENZO
"E.E.S. ORIENTADA NRO 381 ""MARIA FERNÁNDEZ DE CARBONELL""";VILLA CONSTITUCION;CONSTITUCION
"E.E.S. ORIENTADA NRO 384 ""DOCTOR ALBERT B. SABÍN""";ROSARIO;ROSARIO
"E.E.S. ORIENTADA NRO 395 ""GOBERNADOR CARLOS SYLVESTRE BEGNIS""";IBARLUCEA;ROSARIO
"E.E.S. ORIENTADA NRO 396 ""HILARIO LAGOS""";GENERAL LAGOS;ROSARIO
"E.E.S. ORIENTADA NRO 398 ""MALVINAS ARGENTINAS""";FUNES;ROSARIO
"E.E.S. ORIENTADA NRO 401 ""DOCTOR JULIO ISIDRO MAIZTEGUI""";VILLA AMELIA;ROSARIO
"E.E.S. ORIENTADA NRO 404 ""DOCTOR LISANDRO DE LA TORRE""";ROSARIO;ROSARIO
"E.E.S. ORIENTADA NRO 406 ""DOCTOR SALVADOR MAZZA""";ROSARIO;ROSARIO
E.E. TÉCNICO PROFESIONAL Y SECUNDARIA ORIENTADA NRO 407;ROSARIO;ROSARIO
"E.E.S. ORIENTADA NRO 408 ""ROBERTO FONTANARROSA""";ROSARIO;ROSARIO
"E.E.S. ORIENTADA NRO 409 ""TTE. ALFREDO JORGE VÁZQUEZ""";ROSARIO;ROSARIO
"E.E.S. ORIENTADA NRO 411 ""LEONIDAS GAMBARTES""";ROSARIO;ROSARIO
E.E.S. ORIENTADA NRO 497;ROSARIO;ROSARIO
"E.E.S. ORIENTADA NRO 498 ""JULIO MAIZTEGUI""";GENERAL GELLY;CONSTITUCION
"E.E.S. ORIENTADA NRO 513 ""RUBÉN NARANJO""";ROSARIO;ROSARIO
"E.E.S. ORIENTADA NRO 514 ""MADRES DE PLAZA 25 DE MAYO""";ROSARIO;ROSARIO
"E.E.S. ORIENTADA NRO 515 ""Dr.René Gerónimo Favaloro""";VILLA GOBERNADOR GALVEZ;ROSARIO
"E.E.S. ORIENTADA NRO 516 ""LETICIA COSSETTINI""";VILLA GOBERNADOR GALVEZ;ROSARIO
E.E.S. ORIENTADA NRO 517;ROSARIO;ROSARIO
"E.E.S. ORIENTADA NRO 518 ""CARLOS FUENTEALBA""";ROSARIO;ROSARIO
"E.E.S. ORIENTADA NRO 519 ""DOCTORA ALICIA MOREAU DE JUSTO""";ROSARIO;ROSARIO
E.E.S. ORIENTADA NRO 539;ROSARIO;ROSARIO
"E.E.S. ORIENTADA NRO 540 ""CAMINO DE LOS GRANADEROS""";ROSARIO;ROSARIO
E.E.S. ORIENTADA NRO 541;ROSARIO;ROSARIO
E.E.S. ORIENTADA NRO 542;ROSARIO;ROSARIO
E.E.S. ORIENTADA NRO 543;ROSARIO;ROSARIO
E.E.S. ORIENTADA NRO 544;ROSARIO;ROSARIO
E.E.S. ORIENTADA NRO 545;ROSARIO;ROSARIO
E.E.S. ORIENTADA NRO 546;ROSARIO;ROSARIO
"E.E.S. ORIENTADA NRO 548 ""MARIANO MORENO""";SAN LORENZO;SAN LORENZO
E.E.S. ORIENTADA NRO 549;SAN LORENZO;SAN LORENZO
E.E.S. ORIENTADA NRO 551;ROSARIO;ROSARIO
E.E.S. ORIENTADA NRO 556;VILLA GOBERNADOR GALVEZ;ROSARIO
"E.E.S. ORIENTADA NRO 569 ""CARLOS FUENTEALBA""";ROSARIO;ROSARIO
"E.E.S. ORIENTADA NRO 570 ""JULIETA LANTERI""";ROSARIO;ROSARIO
E.E.S. ORIENTADA NRO 571;ROSARIO;ROSARIO
"E.E.S. ORIENTADA NRO 572 ""EL CEIBO""";ROSARIO;ROSARIO
E.E.S. ORIENTADA NRO 574;PEREZ;ROSARIO
E.E.S. ORIENTADA NRO 585;CAÑADA RICA;CONSTITUCION
E.E.S. ORIENTADA NRO 586;VILLA CONSTITUCION;CONSTITUCION
E.E.S.O. NRO 605;ZAVALLA;ROSARIO
"E.E.S.O. NRO 606 ""ALVEAR CENTENARIO""";ALVEAR;ROSARIO
"E.E.S.O. NRO 607 ""27 DE SEPTIEMBRE""";ROSARIO;ROSARIO
"E.E.S.O. NRO 608 ""LA ESPERANZA""";VILLA GOBERNADOR GALVEZ;ROSARIO
"E.E.S. ORIENTADA NRO 623 ""REMEDIOS ESCALADA DE SAN MARTÍN""";ROSARIO;ROSARIO
"E.E.S. ORIENTADA NRO 630 ""CAPITAN JUSTO JOSÉ DE URQUIZA""";ROSARIO;ROSARIO
"E.E.S. ORIENTADA NRO 632 ""DOCTOR GABRIEL CARRASCO""";ROSARIO;ROSARIO
"E.E.S. ORIENTADA NRO 646 ""MERCEDITAS DE SAN MARTÍN""";MAXIMO PAZ;CONSTITUCION
"E.E.S. ORIENTADA NRO 649 ""GENERAL SAN MARTÍN""";ROSARIO;ROSARIO
"E.E.S. ORIENTADA NRO 661 ""JUANA AZURDUY DE PADILLA""";ROSARIO;ROSARIO
"E.E.S. ORIENTADA NRO 663 ""PAULA ALBARRACÍN DE SARMIENTO""";ROSARIO;ROSARIO
A.E.S. ORIENTADA NRO 1251;ROSARIO;ROSARIO
A.E.S. ORIENTADA NRO 1325;CAPITAN BERMUDEZ;SAN LORENZO
A.E.S. ORIENTADA NRO 1360;ROSARIO;ROSARIO
A.E.S. ORIENTADA NRO 1515;VILLA GOBERNADOR GALVEZ;ROSARIO
"E.E. TÉCNICO PROFESIONAL NRO 275 ""ALMIRANTE GUILLERMO BROWN""";ALCORTA;CONSTITUCION
"E.E. TÉCNICO PROFESIONAL NRO 288 ""DOCTOR OSVALDO MAGNASCO""";ROSARIO;ROSARIO
"E.E. TÉCNICO PROFESIONAL NRO 293 ""POSTA DE SAN LORENZO""";CAPITAN BERMUDEZ;SAN LORENZO
"E.E. TÉCNICO PROFESIONAL NRO 294 ""CRUCERO GENERAL BELGRANO""";ROSARIO;ROSARIO
"E.E. TÉCNICO PROFESIONAL NRO 342 ""LUIS PASTEUR""";ROSARIO;ROSARIO
"E.E. TÉCNICO PROFESIONAL NRO 346 ""JUAN A. ÁLVAREZ DE ARENALES""";ROSARIO;ROSARIO
"E.E. TÉCNICO PROFESIONAL NRO 365 ""PRESIDENTE JUAN DOMINGO PERÓN""";ROSARIO;ROSARIO
"E.E. TÉCNICO PROFESIONAL NRO 383 ""DOCTOR JULIO J. MAIZTEGUI""";RICARDONE;SAN LORENZO
"E.E. TÉCNICO PROFESIONAL NRO 392 ""JURAMENTO DE LA BANDERA""";ROSARIO;ROSARIO
"E.E. TÉCNICO PROFESIONAL Y SECUNDARIA ORIENTADA NRO 393 ""5 DE AGOSTO-CIUDAD DE ROSARIO""";ROSARIO;ROSARIO
"E.E. TÉCNICO PROFESIONAL NRO 394 ""FRANCISCO DE GURRUCHAGA""";ROSARIO;ROSARIO
"E.E. TÉCNICO PROFESIONAL NRO 410 ""FRAY LUIS BELTRÁN""";FRAY LUIS BELTRAN;SAN LORENZO
E.E. TÉCNICO PROFESIONAL NRO 547;ROSARIO;ROSARIO
E.E. TÉCNICO PROFESIONAL NRO 550;GRANADERO BAIGORRIA;ROSARIO
"E.E. TÉCNICO PROFESIONAL NRO NRO 625 ""CARLOS GUIDO Y SPANO""";ROSARIO;ROSARIO
"E.E. TÉCNICO PROFESIONAL NRO 628 ""SERVANDO BAYO""";ROSARIO;ROSARIO
"E.E. TÉCNICO PROFESIONAL Y SECUNDARIA ORIENTADA NRO 638 ""MARGARITA MAZZA DE CARLES""";ROSARIO;ROSARIO
"E.E. TÉCNICO PROFESIONAL NRO 643 ""GRANADEROS DE SAN LORENZO""";ROLDAN;SAN LORENZO
"E.E. TÉCNICO PROFESIONAL NRO 650 ""GENERAL JOSE DE SAN MARTÍN""";ARROYO SECO;ROSARIO
"E.E. TÉCNICO PROFESIONAL NRO 656 ""JUANA ELENA BLANCO""";ROSARIO;ROSARIO
"E.E. TÉCNICO PROFESIONAL NRO 660 ""LAUREANA FERRARI DE OLAZÁBAL""";ROSARIO;ROSARIO
E.E. TÉCNICO PROFESIONAL NRO 669;VILLA CONSTITUCION;CONSTITUCION
"E.E. TÉCNICO PROFESIONAL NRO 672 ""REMEDIOS ESCALADA DE SAN MARTÍN""";SAN LORENZO;SAN LORENZO
"E.E. TÉCNICO PROFESIONAL NRO 680 ""DOCTOR MARIANO MORENO""";VILLA GOBERNADOR GALVEZ;ROSARIO
"E.E. TÉCNICO PROFESIONAL NRO 683 ""GENERAL DOCTOR PASCUAL ECHAGUE""";ROSARIO;ROSARIO
"E.E. TÉCNICO PROFESIONAL NRO 685 ""NUESTRA SEÑORA DE LUJÁN""";ROSARIO;ROSARIO
"E.E. TÉCNICO PROFESIONAL NRO 697 ""PREFECTO MARÍTIMO CARLOS MANSILLA""";ROSARIO;ROSARIO
"E.E.S. ORIENTADA NRO 412 ""MARIANO MORENO""";ACEBAL;ROSARIO
"E.E.S. ORIENTADA NRO 413 ""JORGE NEWBERY""";ALVAREZ;ROSARIO
"E.E.S. ORIENTADA NRO 415 ""JUAN BAUTISTA ALBERDI""";ARROYO SECO;ROSARIO
E.E.S. ORIENTADA NRO 422;GRANADERO BAIGORRIA;ROSARIO
"E.E.S. ORIENTADA NRO 427 ""BRIGADIER ESTANISLAO LÓPEZ";PUEBLO ESTHER;ROSARIO
"E.E.S. ORIENTADA NRO 430 ""DOMINGO FAUSTINO SARMIENTO""";ROSARIO;ROSARIO
"E.E.S. ORIENTADA NRO 431 ""GENERAL SAN MARTÍN""";ROSARIO;ROSARIO
"E.E.S. ORIENTADA NRO 432 ""BERNARDINO RIVADAVIA""";ROSARIO;ROSARIO
"E.E.S. ORIENTADA NRO 433 ""GENERAL MANUEL BELGRANO""";ROSARIO;ROSARIO
"E.E.S. ORIENTADA NRO 434 ""GENERAL LAS HERAS""";ROSARIO;ROSARIO
"E.E.S. ORIENTADA NRO 435 ""DOCTOR LUIS MARÍA DRAGO""";ROSARIO;ROSARIO
"E.E.S. ORIENTADA NRO 436 ""JUAN MANTOVANI""";ROSARIO;ROSARIO
"E.E.S. ORIENTADA NRO 438 ""SAN LORENZO""";SAN LORENZO;SAN LORENZO
"E.E.S. ORIENTADA NRO 439 ""DOCTOR MELITON FRANCISCO HIERRO""";SAN LORENZO;SAN LORENZO
"E.E.S. ORIENTADA NRO 444 ""JULIETA LAVAGGI DE GINOCCHIO""";SOLDINI;ROSARIO
"E.E.S. ORIENTADA NRO 448 ""PERITO MORENO""";VILLA GOBERNADOR GALVEZ;ROSARIO
"E.E. TÉCNICO PROFESIONAL NRO 449 ""PAGO DE LOS ARROYOS""";ACEBAL;ROSARIO
"E.E. TÉCNICO PROFESIONAL NRO 450 ""EJÉRCITO ARGENTINO""";ARROYO SECO;ROSARIO
"E.E. TÉCNICO PROFESIONAL NRO 454 ""DOCTOR MANUEL ARAUJO""";EMPALME VILLA CONSTITUCION;CONSTITUCION
"E.E. TÉCNICO PROFESIONAL NRO 459 ""INSPECTOR MODESTO CERATTO""";PEREZ;ROSARIO
"E.E. TÉCNICO PROFESIONAL NRO 463 ""GREGORIA MATORRAS DE SAN MARTÍN""";ROSARIO;ROSARIO
"E.E. TÉCNICO PROFESIONAL NRO 464 ""INGENIERO Y DOCTOR MANUEL B. BAHÍA""";ROSARIO;ROSARIO
"E.E. TÉCNICO PROFESIONAL NRO 465 ""GENERAL MANUEL BELGRANO""";ROSARIO;ROSARIO
"E.E. TÉCNICO PROFESIONAL NRO 466 ""GENERAL MANUEL N. SAVIO""";ROSARIO;ROSARIO
"E.E. TÉCNICO PROFESIONAL NRO 467 ""OVIDIO LAGOS""";ROSARIO;ROSARIO
"E.E. TÉCNICO PROFESIONAL NRO 468 ""INGENIERO LUIS BERNARDO LAPORTE""";ROSARIO;ROSARIO
"E.E. TÉCNICO PROFESIONAL NRO 469 ""ESTANISLAO ZEBALLOS""";ROSARIO;ROSARIO
"E.E. TÉCNICO PROFESIONAL NRO 471 ""RODOLFO RIVAROLA""";ROSARIO;ROSARIO
"E.E. TÉCNICO PROFESIONAL NRO 472 ""CRISOL""";ROSARIO;ROSARIO
"E.E. TÉCNICO PROFESIONAL NRO 473 ""JUANA ELENA BLANCO""";ROSARIO;ROSARIO
"E.E. TÉCNICO PROFESIONAL NRO 477 ""COMBATE DE SAN LORENZO""";SAN LORENZO;SAN LORENZO
"E.E. TÉCNICO PROFESIONAL NRO 485 ""VICECOMODORO MARAMBIO""";VILLA GOBERNADOR GALVEZ;ROSARIO
"ESCUELA NORMAL SUPERIOR NRO 34 ""DOCTOR NICOLÁS AVELLANEDA""";ROSARIO;ROSARIO
"ESCUELA NORMAL SUPERIOR NRO 35 ""JUAN MARÍA GUTIERREZ""";ROSARIO;ROSARIO
"ESCUELA NORMAL SUPERIOR NRO 36 ""MARIANO MORENO""";ROSARIO;ROSARIO
ESCUELA NORMAL SUPERIOR NRO 37;ALCORTA;CONSTITUCION
"ESCUELA SUPERIOR DE COMERCIO NRO 49 ""CAPITÁN GENERAL URQUIZA""";ROSARIO;ROSARIO
"ESC.PROV.DE ARTES VISUALES NRO 2 ""GENERAL MANUEL BELGRANO""";ROSARIO;ROSARIO
ESCUELA PROVINCIAL DE CINE Y TELEVISION NRO 3021;ROSARIO;ROSARIO
"ESCUELA PROVINCIAL DE TEATRO NRO 3013 ""AMBROSIO MORANTE""";ROSARIO;ROSARIO
INSTITUTO SUPERIOR DE TEATRO Y TITERES NRO 5029;ROSARIO;ROSARIO
ESCUELA PROVINCIAL DE MUSICA DE ROSARIO NRO 5030;ROSARIO;ROSARIO
"ESCUELA PROVINCIAL DE DANZAS NRO 5032 ""NIGELIA SORIA""";ROSARIO;ROSARIO
"INSTITUTO SUPERIOR PROVINCIAL DE DANZAS NRO 5929 ""ISABEL TABOGA""";ROSARIO;ROSARIO
"INST.SUPERIOR DEL PROF.DE MUSICA N 5932 ""CARLOS GUASTAVINO""";ROSARIO;ROSARIO
"GRADO RADIAL NRO IV-ESCUELA NOCT.NRO 7 ""PBRO.JULIAN NAVARRO";ROSARIO;ROSARIO
GRADO RADIAL NRO III-ESCUELA NOCTURNA NRO 7 DR JULIAN NAVARR;ROSARIO;ROSARIO
GRADO RADIAL NRO II - ESCUELA NOCTURNA NRO 7;ROSARIO;ROSARIO
GRADO RADIAL NRO I-ESCUELA NOCTURNA NRO 7;ROSARIO;ROSARIO
"E.E.P.N. NRO 7 ""PRESBITERO DOCTOR JULIAN NAVARRO""";ROSARIO;ROSARIO
"E.E.P.N. NRO 8 ""GENERAL SAN MARTIN""";ROSARIO;ROSARIO
"GRADO RADIAL NRO I - ESCUELA NRO 10 ""JOSE INGENIEROS""";ROSARIO;ROSARIO
"ESCUELA PRIMARIA NOCTURNA NRO 10 ""JOSE INGENIEROS""";ROSARIO;ROSARIO
GRADO RADIAL NRO IV - ESCUELA NOCTURNA NRO 12;ROSARIO;ROSARIO
GRADO RADIAL NRO III - ESCUELA NOCTURNA NRO 12;ROSARIO;ROSARIO
GRADO RADIAL NRO II - ESCUELA NOCTURNA NRO 12;ROSARIO;ROSARIO
GRADO RADIAL NRO I - ESCUELA NOCTURNA NRO 12;ROSARIO;ROSARIO
"ESCUELA PRIMARIA NOCTURNA NRO 12 ""DOCTOR FRANCISCO J. MUÑIZ""";ROSARIO;ROSARIO
GRADO RADIAL II-ESCUELA NOCTURNA NRO 13;ROSARIO;ROSARIO
GRADO RADIAL NRO I - ESCUELA NOCTURNA NRO 13;ALVEAR;ROSARIO
"ESCUELA NRO 13 ""ALEJANDRO MARIA AGUADO""";ROSARIO;ROSARIO
"ESCUELA NRO 15 ""DOCTOR FACUNDO ZUVIRIA""";ROSARIO;ROSARIO
GRADO RADIAL NRO I - ESCUELA NOCTURNA NRO 16;ROSARIO;ROSARIO
"ESCUELA NRO 16 ""VICENTE LOPEZ Y PLANES""";ROSARIO;ROSARIO
"GRADO RADIAL NRO I-ESCUELA NOCTURNA NRO 2517 ""JOSE HERNANDEZ";ROSARIO;ROSARIO
"ESCUELA NOCTURNA NRO 17 ""JOSE HERNANDEZ""";ROSARIO;ROSARIO
GRADO RADIAL NRO VI - ESCUELA NOCTURNA NRO 18;VILLA CONSTITUCION;CONSTITUCION
"GRADO RADIAL NRO V - ESCUELA NOCTURNA NRO 18 ""SIETE JEFES""";VILLA CONSTITUCION;CONSTITUCION
GRADO RADIAL NRO IV - ESCUELA NOCTURNA NRO 18;VILLA CONSTITUCION;CONSTITUCION
GRADO RADIAL NRO III - ESCUELA NOCTURNA NRO 18;VILLA CONSTITUCION;CONSTITUCION
GRADO RADIAL NRO II - ESCUELA NOCTURNA NRO 18;VILLA CONSTITUCION;CONSTITUCION
GRADO RADIAL NRO I - ESCUELA NOCTURNA NRO 18;VILLA CONSTITUCION;CONSTITUCION
"ESCUELA NOCTURNA NRO 18 ""SIETE JEFES""";VILLA CONSTITUCION;CONSTITUCION
"GRADO RADIAL NRO I-ESCUELA NOCT. NRO 22 ""GENERAL LAS HERAS""";ROSARIO;ROSARIO
"ESCUELA NOCTURNA NRO 22 ""GENERAL LAS HERAS""";ROSARIO;ROSARIO
GRADO RADIAL I- ESCUELA NOCTURNA NRO 26;ROSARIO;ROSARIO
"ESCUELA NOCTURNA NRO 26 ""JUAN MANUEL DE PUEYRREDON""";ROSARIO;ROSARIO
GRADO RADIAL NRO III - ESCUELA NOCTURNA NRO 27;SAN LORENZO;SAN LORENZO
GRADO RADIAL NRO II - ESCUELA NOCTURNA NRO 27;SAN LORENZO;SAN LORENZO
GRADO RADIAL NRO I - ESCUELA NOCTURNA NRO 27;SAN LORENZO;SAN LORENZO
"ESCUELA PRIMARIA NOCTURNA NRO 27 ""ESPAÑA""";SAN LORENZO;SAN LORENZO
GRADO RADIAL IV-ESCUELA NOCTURNA NRO 28;ROSARIO;ROSARIO
GRADO RADIAL NRO III - ESCUELA NOCTURNA NRO 28;ROSARIO;ROSARIO
GRADO RADIAL NRO II - ESCUELA NOCTURNA NRO 28;ROSARIO;ROSARIO
"RADIAL NRO I - ESCUELA NOCTURNA NRO 28 ""BENJAMIN VIRASORO""";ROSARIO;ROSARIO
"ESCUELA NOCTURNA NRO 28 ""GENERAL BENJAMIN VIRASORO""";ROSARIO;ROSARIO
GRADO RADIAL II-ESCUELA NOCTURNA NRO 29;ROSARIO;ROSARIO
GRADO RADIAL NRO I - ESCUELA NOCTURNA NRO 29;ROSARIO;ROSARIO
ESCUELA NOCTURNA NRO 29;ROSARIO;ROSARIO
GRADO RADIAL V-ESCUELA NOCTURNA NRO 30;ROSARIO;ROSARIO
GRADO RADIAL IV-ESCUELA NOCTURNA NRO 30;ROSARIO;ROSARIO
GRADO RADIAL III-ESCUELA NOCTURNA NRO 30;ROSARIO;ROSARIO
GRADO RADIAL NRO II - ESCUELA NOCTURNA NRO 30;ROSARIO;ROSARIO
GRADO RADIAL NRO I - ESCUELA NOCTURNA NRO 30;ROSARIO;ROSARIO
"ESCUELA NOCTURNA NRO 30 ""RICARDO ROJAS""";ROSARIO;ROSARIO
ANEXO II ESCUELA PRIMARIA NOCTURNA NRO 31;ROSARIO;ROSARIO
ANEXO I ESCUELA PRIMARIA NOCTURNA NRO 31;ROSARIO;ROSARIO
"ESCUELA PRIMARIA COMUN NOCTURNA NRO 31 ""DR.RICARDO GUTIERREZ";ROSARIO;ROSARIO
GRADO RADIAL V-ESCUELA NOCTURNA NRO 33;ROSARIO;ROSARIO
"GRADO RADIAL NRO IV - ESCUELA NOCTURNA NRO 33 ""FLORENCIO VAR";ROSARIO;ROSARIO
GRADO RADIAL NRO III - ESCUELA NOCTURNA NRO 33;ROSARIO;ROSARIO
GRADO RADIAL NRO II - ESCUELA NOCTURNA NRO 33;ROSARIO;ROSARIO
GRADO RADIAL NRO I - ESCUELA NOCTURNA NRO 33;ROSARIO;ROSARIO
"ESCUELA PRIMARIA NOCTURNA NRO 33 ""FLORENCIO VARELA""";ROSARIO;ROSARIO
"ESCUELA PRIMARIA COMUN NOCTURNA NRO 42 ""MARIANO MORENO""";CAPITAN BERMUDEZ;SAN LORENZO
GRADO RADIAL V-ESCUELA NOCTURNA NRO 60;VILLA GOBERNADOR GALVEZ;ROSARIO
GRADO RADIAL IV - ESCUELA NOCTURNA NRO 60;VILLA GOBERNADOR GALVEZ;ROSARIO
GRADO RADIAL NRO III - ESCUELA NOCTURNA NRO 60;VILLA GOBERNADOR GALVEZ;ROSARIO
GRADO RADIAL NRO II - ESCUELA NOCTURNA NRO 60;VILLA GOBERNADOR GALVEZ;ROSARIO
GRADO RADIAL NRO I - ESCUELA NOCTURNA NRO 60;VILLA GOBERNADOR GALVEZ;ROSARIO
ESCUELA NOCTURNA NRO 60;VILLA GOBERNADOR GALVEZ;ROSARIO
"ESCUELA NOCTURNA NRO 61 ""CARLOS MARIA GATTI""";PEREZ;ROSARIO
GRADO RADIAL NRO I - ESCUELA NOCTURNA NRO 64;ROSARIO;ROSARIO
"ESCUELA NOCTURNA NRO 64 ""LAS FLORES SUR""";ROSARIO;ROSARIO
GRADO RADIAL NRO III - ESCUELA NOCTURNA NRO 65;ROSARIO;ROSARIO
GRADO RADIAL NRO II - ESCUELA NOCTURNA NRO 65;ROSARIO;ROSARIO
GRADO RADIAL NRO I - ESCUELA NOCTURNA NRO 65;ROSARIO;ROSARIO
"E.E.P.N. NRO 65 ""LISANDRO DE LA TORRE""";ROSARIO;ROSARIO
"ESCUELA NRO 68 ""JOSE PEDRONI""";FRAY LUIS BELTRAN;SAN LORENZO
GRADO RADIAL VIII - ESCUELA NOCTURNA NRO 72;ROSARIO;ROSARIO
GRADO RADIAL VII - ESCUELA NOCTURNA NRO 72;ROSARIO;ROSARIO
GRADO RADIAL NRO VI - ESC.NOCTURNA NRO 72 LIBERTAD ASISTIDA;ROSARIO;ROSARIO
GRADO RADIAL NRO V - ESCUELA NOCTURNA NRO 72;ROSARIO;ROSARIO
GRADO RADIAL NRO IV - ESCUELA NOCTURNA NRO 72;ROSARIO;ROSARIO
GRADO RADIAL NRO III - ESCUELA NOCTURNA NRO 72;ROSARIO;ROSARIO
GRADO RADIAL NRO II - ESCUELA NOCTURNA NRO 72;ROSARIO;ROSARIO
GRADO RADIAL NRO I - ESCUELA NOCTURNA NRO 72;ROSARIO;ROSARIO
"ESCUELA NOCTURNA NRO 72 ""JOSE IGNACIO RUCCI""";ROSARIO;ROSARIO
GRADO RADIAL III - ESCUELA NOCTURNA NRO 73;ROSARIO;ROSARIO
GRADO RADIAL NRO II - ESCUELA NOCTURNA NRO 73;ROSARIO;ROSARIO
GRADO RADIAL NRO I - ESCUELA NOCTURNA NRO 73;ROSARIO;ROSARIO
"ESCUELA NOCTURNA NRO 73 ""MAESTRO BERTIN REDONDO""";ROSARIO;ROSARIO
GRADO RADIAL IV - ESCUELA NOCTURNA NRO 77;ROSARIO;ROSARIO
"GRADO RADIAL NRO III -ESCUELA NRO 77 ""PROVINCIA DE SANTA FE""";ROSARIO;ROSARIO
"GRADO RADIAL NRO II - ESCUELA NRO 77 ""PROVINCIA DE SANTA FE""";ROSARIO;ROSARIO
"GRADO RADIAL NRO I - ESCUELA NRO 77 ""PROVINCIA DE SANTA FE""";ROSARIO;ROSARIO
"ESCUELA NOCTURNA NRO 77 ""PROVINCIA DE SANTA FE""";ROSARIO;ROSARIO
GRADO RADIAL III - ESCUELA NOCTURNA NRO 78;ARROYO SECO;ROSARIO
GRADO RADIAL NRO II - ESCUELA NOCTURNA NRO 78;PUEBLO ESTHER;ROSARIO
GRADO RADIAL NRO I - ESCUELA NOCTURNA NRO 78;ARROYO SECO;ROSARIO
"ESCUELA NRO 78 ""FLOR DE CEIBO""";ARROYO SECO;ROSARIO
GRADO RADIAL NRO III - ESCUELA NOCTURNA NRO 79;ROSARIO;ROSARIO
GRADO RADIAL NRO II - ESCUELA NOCTURNA NRO 79;ROSARIO;ROSARIO
"GRADO RADIAL NºI - ESCUELA NOCTURNA Nº79 ""EVA PERON""";ROSARIO;ROSARIO
"ESCUELA PRIMARIA NOCTURNA NRO 79 ""EVA PERON""";ROSARIO;ROSARIO
"E.E.P.N. NRO 82 ""ALFONSINA STORNI""";ROSARIO;ROSARIO
"ESCUELA NOCTURNA NRO 2003 ""MARGARITA MAZZA DE CARLES""";ROSARIO;ROSARIO
"E.E.M.P.A. NRO 1036 ""AMELIO SANTO FORESI""";ROSARIO;ROSARIO
"E.E.M.P.A. NRO 1037 ""MÓNICA CHIRIFE""";ROSARIO;ROSARIO
"E.E.M.P.A. NRO 1087 ""ROSA GUARU""";PEREZ;ROSARIO
"E.E.M.P.A. NRO 1088 ""GUSTAVO COCHET""";FUNES;ROSARIO
E.E.M.P.A. NRO 1109;CAPITAN BERMUDEZ;SAN LORENZO
"E.E.M.P.A. NRO 1128 ""JUANA AZURDUY""";SAN LORENZO;SAN LORENZO
E.E.M.P.A. NRO 1143;VILLA GOBERNADOR GALVEZ;ROSARIO
E.E.M.P.A. NRO 1147;ROSARIO;ROSARIO
"E.E.M.P.A. NRO 1164 ""JOSE PEDRONI""";ROSARIO;ROSARIO
"E.E.M.P.A. NRO 1165 ""JOSE HERNANDEZ""";ROSARIO;ROSARIO
"E.E.M.P.A. NRO 1168 ""BICENTENARIO DE LA PATRIA""";ROSARIO;ROSARIO
E.E.M.P.A. NRO 1175;ROSARIO;ROSARIO
E.E.M.P.A. NRO 1189;VILLA CONSTITUCION;CONSTITUCION
"E.E.M.P.A. NRO 1207 ""8 de Septiembre""";ROSARIO;ROSARIO
E.E.M.P.A. NRO 1222;SANTA TERESA;CONSTITUCION
E.E.M.P.A. NRO 1223;ROSARIO;ROSARIO
"E.E.M.P.A. NRO 1224 ""DOCTOR RENÉ GERÓNIMO FAVALORO""";ARROYO SECO;ROSARIO
E.E.M.P.A. NRO 1230;ALCORTA;CONSTITUCION
E.E.M.P.A. NRO 1232;ROSARIO;ROSARIO
"E.E.M.P.A. NRO 1241 ""REPUBLICA DE ITALIA""";PAVON ARRIBA;CONSTITUCION
E.E.M.P.A. NRO 1245;EMPALME VILLA CONSTITUCION;CONSTITUCION
"E.E.M.P.A. NRO 1252 ""PRESBITERO LUIS N. BERTOLO""";MAXIMO PAZ;CONSTITUCION
"E.E.M.P.A. NRO 1255 ""PRESIDENTE FRONDIZI""";ROSARIO;ROSARIO
"E.E.M.P.A. NRO 1256 ""DR. JULIO MAIZTEGUI""";ROSARIO;ROSARIO
"E.E.M.P.A. NRO 1260 ""AGUSTIN ZAPATA GOLLAN""";ROSARIO;ROSARIO
"E.E.M.P.A. NRO 1261 ""JOSE IGNACIO RUCCI""";ROSARIO;ROSARIO
"E.E.M.P.A. NRO 1263 ""REPUBLICA DE IRAK""";ROSARIO;ROSARIO
"E.E.M.P.A. NRO 1264 ""PRESBITERO PEDRO DIEZ""";PEYRANO;CONSTITUCION
"E.E.M.P.A. NRO 1267 ""BRIGADIER ESTANISLAO LOPEZ""";GRANADERO BAIGORRIA;ROSARIO
"E.E.M.P.A. NRO 1268 ""PROFESOR JULIO CESAR ADDAD""";FRAY LUIS BELTRAN;SAN LORENZO
"E.E.M.P.A. NRO 1269 ""DR. JULIO L. MAIZTEGUI""";VILLA MUGUETA;SAN LORENZO
"E.E.M.P.A. NRO 1279 ""MAGDALENA GÜEMES""";ROSARIO;ROSARIO
"E.E.M.P.A. NRO 1284 ""SARGENTO MAYOR MANUEL ESCALADA""";ROSARIO;ROSARIO
"E.E.M.P.A. NRO 1296 ""VILLA DEL ROSARIO""";ROSARIO;ROSARIO
"E.E.M.P.A. NRO 1297 ""JUAN MANUEL DE ROSAS""";ROSARIO;ROSARIO
E.E.M.P.A. NRO 1299;ROSARIO;ROSARIO
E.E.M.P.A. NRO 1302;TIMBUES;SAN LORENZO
E.E.M.P.A. NRO 1303;ALVAREZ;ROSARIO
"E.E.M.P.A. NRO 1307 ""MARTÍN FIERRO""";ROSARIO;ROSARIO
"E.E.M.P.A. NRO 1310 ""BANDERA ARGENTINA""";ALVEAR;ROSARIO
E.E.M.P.A. NRO 1311;ROSARIO;ROSARIO
"E.E.M.P.A. NRO 1312 ""BANDERA SANTAFESINA""";IBARLUCEA;ROSARIO
E.E.M.P.A. NRO 1313;ROSARIO;ROSARIO
"E.E.M.P.A. NRO 1315 ""ROSA WEINSCHENLBAUM DE ZIPEROVICH""";PUERTO GENERAL SAN MARTIN;SAN LORENZO
E.E.M.P.A. NRO 1317;ROSARIO;ROSARIO
E.E.M.P.A. NRO 1322;PUEBLO ESTHER;ROSARIO
E.E.M.P.A. NRO 1323;LA VANGUARDIA;CONSTITUCION
"E.E.M.P.A. NRO 1324 ""ANTONIO BERNI""";ROLDAN;SAN LORENZO
"E.E.M.P.A. NRO 1325 ""RAÚL HÉCTOR GARCÍA""";PEREZ;ROSARIO
E.E.M.P.A. NRO 1330;ROSARIO;ROSARIO
E.E.M.P.A. NRO 1332;VILLA GOBERNADOR GALVEZ;ROSARIO
ANEXO I - E.E.M.P.A. NRO 1222;SARGENTO CABRAL;CONSTITUCION
ANEXO I - E.E.M.P.A. NRO 1224;GENERAL LAGOS;ROSARIO
ANEXO E.E.M.P.A. NRO 6232;ROSARIO;ROSARIO
ANEXO I - E.E.M.P.A. NRO 1241;VILLA AMELIA;ROSARIO
ANEXO NRO 6311 E.E.M.P.A. NRO 1311;ROSARIO;ROSARIO
ANEXO E.E.M.P.A. NRO 1312;ROSARIO;ROSARIO
ANEXO E.E.M.P.A. NRO 1313;ROSARIO;ROSARIO
"ANEXO E.E.M.P.A. NRO 1128 ""JUANA AZURDUY""";RICARDONE;SAN LORENZO
ANEXO II - E.E.M.P.A. NRO 1303;ACEBAL;ROSARIO
ANEXO II - E.E.M.P.A. NRO 1307;ROSARIO;ROSARIO
ANEXO CICLO CERRADO PUJATO E.E.M.P.A. NRO 1087;PUJATO;SAN LORENZO
ANEXO E.E.M.P.A. NRO 1303;PIÑERO;ROSARIO
C.E.C.L.A. NRO 15;ROSARIO;ROSARIO
CENTRO DE CAPACITACION LABORAL NRO 16;ROSARIO;ROSARIO
CENTRO DE CAPACITACION LABORAL NRO 19;ROSARIO;ROSARIO
C.E.C.LA. NRO 25;ROSARIO;ROSARIO
CENTRO DE CAPACITACION LABORAL NRO 27;VILLA GOBERNADOR GALVEZ;ROSARIO
C.E.C.LA. NRO 31;PEREZ;ROSARIO
CENTRO DE CAPACITACION LABORAL NRO 37;ROSARIO;ROSARIO
CENTRO DE CAPACITACION LABORAL NRO 39;ROSARIO;ROSARIO
C.E.C.L.A. NRO 41;SAN LORENZO;SAN LORENZO
CENTRO DE CAPACITACION LABORAL NRO 49;FUNES;ROSARIO
C.E.C.LA. NRO 50;VILLA CONSTITUCION;CONSTITUCION
CENTRO DE CAPACITACION LABORAL NRO 51;ROSARIO;ROSARIO
C.E.C.LA NRO 54;ROSARIO;ROSARIO
CENTRO DE CAPACITACION LABORAL NRO 58;ROSARIO;ROSARIO
C.E.C.L.A. NRO 59;ROSARIO;ROSARIO
C.E.C.L.A. NRO 61;ROSARIO;ROSARIO
"C.E.C.LA. NRO 62 ""DOCTOR RICARDO GUTIERREZ""";ROSARIO;ROSARIO
CENTRO DE CAPACITACION LABORAL NRO 63;ROSARIO;ROSARIO
"CENTRO DE CAPACITACION LABORAL NRO 64 ""ROSARIO""";ROSARIO;ROSARIO
CENTRO DE CAPACITACION LABORAL NRO 66;VILLA GOBERNADOR GALVEZ;ROSARIO
CENTRO DE CAPACITACION LABORAL NRO 67;VILLA GOBERNADOR GALVEZ;ROSARIO
C.E.C.L.A. NRO 75;FUENTES;SAN LORENZO
C.E.C.L.A. NRO 77;ROSARIO;ROSARIO
"C.E.C.LA.NRO 80 ""PAGO DE LOS ARROYOS""";ROSARIO;ROSARIO
C.E.C.LA NRO.82;ROSARIO;ROSARIO
C.E.C.L.A. NRO 85;GRANADERO BAIGORRIA;ROSARIO
C.E.C.L.A. NRO 86;ROSARIO;ROSARIO
CENTRO DE CAPACITACION LABORAL NRO 88;ROSARIO;ROSARIO
"CE.C.LA. NRO 6689 ""SAGRADA FAMILIA""";JUAN B. MOLINA;CONSTITUCION
C.E.C.L.A. NRO 95;ROLDAN;SAN LORENZO
CENTRO DE CAPACITACION LABORAL NRO 97;ROSARIO;ROSARIO
AULA RADIAL DEL C.E.C.L.A. NRO 100;ROSARIO;ROSARIO
C.E.C.L.A. NRO 100;ROSARIO;ROSARIO
CENTRO DE CAPACITACION LABORAL NRO 102;ROSARIO;ROSARIO
CENTRO DE CAPACITACION LABORAL NRO 108;VILLA GOBERNADOR GALVEZ;ROSARIO
C.E.P.A. NRO 33;PUERTO GENERAL SAN MARTIN;SAN LORENZO
C.E.P.A. NRO 57;ROSARIO;ROSARIO
C.E.P.A. NRO 58;ROSARIO;ROSARIO
GRADO RADIAL I - C.E.P.A. NRO 60;ROSARIO;ROSARIO
C.E.P.A. NRO 60;ROSARIO;ROSARIO
C.E.P.A. NRO 62;PEREZ;ROSARIO
C.E.P.A. NRO 69 - ESCUELA NOCTURNA NRO 18;EMPALME VILLA CONSTITUCION;CONSTITUCION
C.E.P.A. NRO 73 - ESCUELA NOCTURNA NRO 42;CAPITAN BERMUDEZ;SAN LORENZO
C.E.P.A. NRO 74 - ESCUELA NOCTURNA NRO 30;ROSARIO;ROSARIO
C.E.P.A. NRO 82;ROSARIO;ROSARIO
C.E.P.A. NRO 84;FRAY LUIS BELTRAN;SAN LORENZO
C.E.P.A. NRO 87;ZAVALLA;ROSARIO
C.E.P.A. NRO 89;ROSARIO;ROSARIO
C.E.P.A. NRO 93;ROSARIO;ROSARIO
C.E.P.A. NRO 95;VILLA GOBERNADOR GALVEZ;ROSARIO
C.E.P.A. NRO 96;ROSARIO;ROSARIO
GRADO RADIAL I - C.E.P.A. NRO 97;ROSARIO;ROSARIO
C.E.P.A. NRO 97;ROSARIO;ROSARIO
C.E.P.A. NRO 102;TIMBUES;SAN LORENZO
C.E.P.A. NRO 107;ROSARIO;ROSARIO
C.E.P.A. NRO 108;ROSARIO;ROSARIO
C.E.P.A. NRO 111;ROSARIO;ROSARIO
C.E.P.A. NRO 115;SANTA TERESA;CONSTITUCION
C.E.P.A. NRO 117;VILLA GOBERNADOR GALVEZ;ROSARIO
C.E.P.A. NRO 128;SAN LORENZO;SAN LORENZO
"C.E.P.A. NRO 131 ""ALMAFUERTE""";ROLDAN;SAN LORENZO
C.E.P.A. NRO 135;ROSARIO;ROSARIO
GRADO RADIAL II - C.E.P.A. NRO 141;GRANADERO BAIGORRIA;ROSARIO
GRADO RADIAL I - C.E.P.A. NRO 141;GRANADERO BAIGORRIA;ROSARIO
C.E.P.A. NRO 141;ROSARIO;ROSARIO
C.E.P.A. NRO 148;FUNES;ROSARIO
C.E.P.A. NRO 152;FUENTES;SAN LORENZO
C.E.P.A. NRO 154;PEREZ;ROSARIO
C.E.P.A. NRO 159;ROSARIO;ROSARIO
C.E.P.A. NRO 160;SAN LORENZO;SAN LORENZO
C.E.P.A. NRO 161;CAPITAN BERMUDEZ;SAN LORENZO
C.E.P.A. NRO 162;ROSARIO;ROSARIO
C.E.P.A. NRO 164;ROSARIO;ROSARIO
C.E.P.A. NRO 168;VILLA GOBERNADOR GALVEZ;ROSARIO
C.E.P.A. NRO 177;ROSARIO;ROSARIO
C.E.P.A. NRO 184 - ESCUELA NOCTURNA NRO 13;ROSARIO;ROSARIO
GRADO RADIAL-C.E.P.A. NRO 188;ROSARIO;ROSARIO
C.E.P.A. NRO 188;ROSARIO;ROSARIO
C.E.P.A. NRO 191;ROSARIO;ROSARIO
C.E.P.A. NRO 195 - ESCUELA NOCTURNA NRO 60;VILLA GOBERNADOR GALVEZ;ROSARIO
C.E.P.A. NRO 197 - ANEXO ESCUELA PRIMARIA NOCTURNA NRO 42;CAPITAN BERMUDEZ;SAN LORENZO
C.E.P.A. NRO 198;GRANADERO BAIGORRIA;ROSARIO
C.E.P.A. NRO 203 - ANEXO ESCUELA NOCTURNA NRO 10;ROSARIO;ROSARIO
C.E.P.A. NRO 204;VILLA GOBERNADOR GALVEZ;ROSARIO
CENTRO DE ALFABETIZACION NRO 13;ARROYO SECO;ROSARIO
CENTRO DE ALFABETIZACION NRO 35;ROSARIO;ROSARIO
CENTRO DE ALFABETIZACION NRO 53;ROSARIO;ROSARIO
CENTRO DE ALFABETIZACION NRO 67;ROSARIO;ROSARIO
CENTRO DE ALFABETIZACION NRO 100;GRANADERO BAIGORRIA;ROSARIO
CENTRO DE ALFABETIZACION NRO 101;GRANADERO BAIGORRIA;ROSARIO
CENTRO DE ALFABETIZACION NRO 103;ROSARIO;ROSARIO
CENTRO DE ALFABETIZACION NRO 104;ROSARIO;ROSARIO
CENTRO DE ALFABETIZACION NRO 105;VILLA GOBERNADOR GALVEZ;ROSARIO
CENTRO DE ALFABETIZACION NRO 106;ROSARIO;ROSARIO
CENTRO DE ALFABETIZACION NRO 107 (NRO 1620);ROLDAN;SAN LORENZO
CENTRO DE ALFABETIZACION NRO 108;ROSARIO;ROSARIO
CENTRO DE ALFABETIZACION NRO 109;ROSARIO;ROSARIO
CENTRO DE ALFABETIZACION NRO 110;ROSARIO;ROSARIO
CENTRO DE ALFABETIZACION NRO 112;ROSARIO;ROSARIO
CENTRO DE ALFABETIZACION NRO 113;IBARLUCEA;ROSARIO
CENTRO DE ALFABETIZACION NRO 114;ROSARIO;ROSARIO
CENTRO DE ALFABETIZACION NRO 116;ROSARIO;ROSARIO
CENTRO DE ALFABETIZACION NRO 117;ROSARIO;ROSARIO
CENTRO DE ALFABETIZACION NRO 118;GRANADERO BAIGORRIA;ROSARIO
CENTRO DE ALFABETIZACION NRO 119;ROSARIO;ROSARIO
CENTRO DE ALFABETIZACION NRO 120;ROSARIO;ROSARIO
CENTRO DE ALFABETIZACION NRO 121;ROSARIO;ROSARIO
CENTRO DE ALFABETIZACION NRO 122;ROSARIO;ROSARIO
CENTRO DE ALFABETIZACION NRO 124;ROSARIO;ROSARIO
CENTRO DE ALFABETIZACION NRO 125;VILLA GOBERNADOR GALVEZ;ROSARIO
CENTRO DE ALFABETIZACION NRO 126;ROSARIO;ROSARIO
CENTRO DE ALFABETIZACION NRO 127;VILLA GOBERNADOR GALVEZ;ROSARIO
CENTRO DE ALFABETIZACION NRO 128;VILLA GOBERNADOR GALVEZ;ROSARIO
CENTRO DE ALFABETIZACION NRO 129;VILLA GOBERNADOR GALVEZ;ROSARIO
CENTRO DE ALFABETIZACION NRO 131;PUJATO;SAN LORENZO
CENTRO DE ALFABETIZACION NRO 132;ROSARIO;ROSARIO
CENTRO DE ALFABETIZACION NRO 133;VILLA GOBERNADOR GALVEZ;ROSARIO
CENTRO DE ALFABETIZACION NRO 134;VILLA GOBERNADOR GALVEZ;ROSARIO
CENTRO DE ALFABETIZACION NRO 135;PUERTO GENERAL SAN MARTIN;SAN LORENZO
CENTRO DE ALFABETIZACION NRO 136;FRAY LUIS BELTRAN;SAN LORENZO
CENTRO DE ALFABETIZACION NRO 138 - P.A.E.B.A 10.026;FRAY LUIS BELTRAN;SAN LORENZO
CENTRO DE ALFABETIZACION NRO 140 - P.A.E.B.A.;FUNES;ROSARIO
CENTRO DE ALFABETIZACION NRO 141;ROSARIO;ROSARIO
CENTRO DE ALFABETIZACION NRO 142;ROLDAN;SAN LORENZO
CENTRO DE ALFABETIZACION NRO 143;FUNES;ROSARIO
CENTRO DE ALFABETIZACION NRO 145;GRANADERO BAIGORRIA;ROSARIO
CENTRO DE ALFABETIZACION NRO 146;ROLDAN;SAN LORENZO
CENTRO DE ALFABETIZACION NRO 147;PIÑERO;ROSARIO
CENTRO DE ALFABETIZACION NRO 148;ROLDAN;SAN LORENZO
CENTRO DE ALFABETIZACION NRO 149;LOS MOLINOS;CASEROS
CENTRO DE ALFABETIZACION NRO 150;FIGHIERA;ROSARIO
CENTRO DE ALFABETIZACION NRO 151;PUEBLO ESTHER;ROSARIO
CENTRO DE ALFABETIZACION NRO 152;VILLA CONSTITUCION;CONSTITUCION
CENTRO DE ALFABETIZACION NRO 153;PEREZ;ROSARIO
CENTRO DE ALFABETIZACION NRO 154 - I.R.A.R;ROSARIO;ROSARIO
CENTRO DE ALFABETIZACION NRO 155;FIGHIERA;ROSARIO
CENTRO DE ALFABETIZACION NRO 156;ROSARIO;ROSARIO
CENTRO DE ALFABETIZACION NRO 157;GENERAL LAGOS;ROSARIO
CENTRO DE ALFABETIZACION NRO 158;GENERAL LAGOS;ROSARIO
CENTRO DE ALFABETIZACION NRO 160;SAN LORENZO;SAN LORENZO
CENTRO DE ALFABETIZACION NRO 174;SOLDINI;ROSARIO
CENTRO DE ALFABETIZACION NRO 192;CARCARAÑA;SAN LORENZO
CENTRO DE ALFABETIZACION NRO 193;CARCARAÑA;SAN LORENZO
CENTRO DE ALFABETIZACION NRO 194;PUERTO GENERAL SAN MARTIN;SAN LORENZO
CENTRO DE ALFABETIZACION NRO 195;PUERTO GENERAL SAN MARTIN;SAN LORENZO
CENTRO DE ALFABETIZACION NRO 196;GRANADERO BAIGORRIA;ROSARIO
CENTRO DE ALFABETIZACION NRO 198;ROSARIO;ROSARIO
CENTRO DE ALFABETIZACION NRO 199;ROSARIO;ROSARIO
CENTRO DE ALFABETIZACION NRO 200;FUENTES;SAN LORENZO
CENTRO DE ALFABETIZACION NRO 201;VILLA CONSTITUCION;CONSTITUCION
CENTRO DE ALFABETIZACION NRO 202;VILLA CONSTITUCION;CONSTITUCION
CENTRO DE ALFABETIZACION NRO 203;VILLA CONSTITUCION;CONSTITUCION
CENTRO DE ALFABETIZACION NRO 215;GRANADERO BAIGORRIA;ROSARIO
CENTRO DE ALFABETIZACION NRO 223;PAVON;CONSTITUCION
CENTRO DE ALFABETIZACION NRO 232;ROSARIO;ROSARIO
CENTRO DE ALFABETIZACION NRO 236;VILLA GOBERNADOR GALVEZ;ROSARIO
CENTRO DE ALFABETIZACION NRO 244;VILLA CONSTITUCION;CONSTITUCION
CENTRO DE ALFABETIZACION NRO 245;VILLA CONSTITUCION;CONSTITUCION
CENTRO DE ALFABETIZACION NRO 246;CARRERAS;GENERAL LOPEZ
CENTRO DE ALFABETIZACION NRO 258;VILLA GOBERNADOR GALVEZ;ROSARIO
CENTRO DE ALFABETIZACION NRO 265;PUERTO GENERAL SAN MARTIN;SAN LORENZO
CENTRO DE ALFABETIZACION NRO 266;ROSARIO;ROSARIO
CENTRO DE ALFABETIZACION NRO 274;ROSARIO;ROSARIO
CENTRO DE ALFABETIZACION NRO 275;ROSARIO;ROSARIO
CENTRO DE ALFABETIZACION NRO 276;GODOY;CONSTITUCION
CENTRO DE ALFABETIZACION NRO 277;ALCORTA;CONSTITUCION
CENTRO DE ALFABETIZACION NRO 278;CORONEL BOGADO;ROSARIO
CENTRO DE ALFABETIZACION NRO 279;MAXIMO PAZ;CONSTITUCION
CENTRO DE ALFABETIZACION NRO 280;ARROYO SECO;ROSARIO
CENTRO DE ALFABETIZACION NRO 281;ROSARIO;ROSARIO
CENTRO DE ALFABETIZACION NRO 289;ROSARIO;ROSARIO
CENTRO DE ALFABETIZACION NRO 292;VILLA CONSTITUCION;CONSTITUCION
CENTRO DE ALFABETIZACION NRO 293;CAPITAN BERMUDEZ;SAN LORENZO
CENTRO DE ALFABETIZACION NRO 294;SAN LORENZO;SAN LORENZO
CENTRO DE ALFABETIZACION NRO 295;CAPITAN BERMUDEZ;SAN LORENZO
CENTRO DE ALFABETIZACION NRO 296;SAN LORENZO;SAN LORENZO
CENTRO DE ALFABETIZACION NRO 297;SAN LORENZO;SAN LORENZO
CENTRO DE ALFABETIZACION NRO 298;PUERTO GENERAL SAN MARTIN;SAN LORENZO
CENTRO DE ALFABETIZACION NRO 300;TIMBUES;SAN LORENZO
CENTRO DE ALFABETIZACION NRO 301;VILLA CONSTITUCION;CONSTITUCION
CENTRO DE ALFABETIZACION NRO 302;VILLA CONSTITUCION;CONSTITUCION
CENTRO DE ALFABETIZACION NRO 303;ROSARIO;ROSARIO
CENTRO DE ALFABETIZACION NRO 305;ROSARIO;ROSARIO
CENTRO DE ALFABETIZACION NRO 307;ALVEAR;ROSARIO
CENTRO DE ALFABETIZACION NRO 308;BIGAND;CASEROS
CENTRO DE ALFABETIZACION NRO 309;BOMBAL;CONSTITUCION
CENTRO DE ALFABETIZACION NRO 312 - P.A.E.B.A.;ACEBAL;ROSARIO
CENTRO DE ALFABETIZACION NRO 313;PEYRANO;CONSTITUCION
CENTRO DE ALFABETIZACION NRO 314;PAVON ARRIBA;CONSTITUCION
CENTRO DE ALFABETIZACION NRO 315;PIÑERO;ROSARIO
CENTRO DE ALFABETIZACION NRO 316 - P.A.E.B.A.;ALVAREZ;ROSARIO
CENTRO DE ALFABETIZACION NRO 317;ROSARIO;ROSARIO
CENTRO DE ALFABETIZACION NRO 318;PIÑERO;ROSARIO
CENTRO DE ALFABETIZACION NRO 319;ROSARIO;ROSARIO
CENTRO DE ALFABETIZACION NRO 320 - P.A.E.B.A.;ROSARIO;ROSARIO
CENTRO DE ALFABETIZACION NRO 321;ROSARIO;ROSARIO
CENTRO DE ALFABETIZACION NRO 322;ROSARIO;ROSARIO
CENTRO DE ALFABETIZACION NRO 325;PIÑERO;ROSARIO
CENTRO DE ALFABETIZACION NRO 327;ROSARIO;ROSARIO
CENTRO DE ALFABETIZACION NRO 329;ROSARIO;ROSARIO
CENTRO DE ALFABETIZACION NRO 330;VILLA GOBERNADOR GALVEZ;ROSARIO
CENTRO DE ALFABETIZACION NRO 335;ROSARIO;ROSARIO
"E.E.M.P.A. NRO 1306 ""ROBERTO FONTANARROSA""";ROSARIO;ROSARIO
CENTRO FORMACION PROFESIONAL NRO 2;ROSARIO;ROSARIO
"I.S.P. NRO 3 ""EDUARDO LAFERRIERE""";VILLA CONSTITUCION;CONSTITUCION
"INST.SUPERIOR DE ED.FISICA N 11""ABANDERADO MARIANO GRANDOLI""";ROSARIO;ROSARIO
"I.S.P. NRO 16 ""DOCTOR BERNARDO ALBERTO HOUSSAY""";ROSARIO;ROSARIO
"I.S.E.T. NRO 18 ""20 DE JUNIO""";ROSARIO;ROSARIO
"I.S.P. NRO 21 ""POSTA DE SAN MARTÍN""";ARROYO SECO;ROSARIO
"I.S. NRO 22 ""MAESTRO ADDAD""";FRAY LUIS BELTRAN;SAN LORENZO
"I.S.P. NRO 24 ""HEROES DE MALVINAS""";VILLA GOBERNADOR GALVEZ;ROSARIO
"INSTITUTO SUPERIOR DE EDUCACION TECNICA NRO 25 ""BEPPO LEVI""";PUERTO GENERAL SAN MARTIN;SAN LORENZO
"I.E.S. NRO 28 ""OLGA COSSETTINI""";ROSARIO;ROSARIO
"INSTITUTO DE ESTUDIOS SUPERIORES NRO 29 ""GALILEO GALILEI""";ROSARIO;ROSARIO
"ANEXO I.S.P. NRO 16 ""BERNARDO ALBERTO HOUSSAY""";GRANADERO BAIGORRIA;ROSARIO
BIBLIOTECA PEDAGOGICA ROSARIO;ROSARIO;ROSARIO
INSTITUTO SUPERIOR DE MAGISTERIO NRO 14;ROSARIO;ROSARIO
INST. SUP. DE EDUCACION TECNICA NRO 52;ROSARIO;ROSARIO
INSTITUTO SUPERIOR DE EDUCACION TECNICA NRO 53;ROSARIO;ROSARIO
"INST.SUPERIOR DE EDUC.TECNICA NRO 54 ""BANCO DE SANTA FE""";ROSARIO;ROSARIO
INSTITUTO SUPERIOR DE EDUCACION TECNICA NRO 55;ROSARIO;ROSARIO
INSTITUTO SUPERIOR DE EDUCACION TECNICA NRO 56;ROSARIO;ROSARIO
INSTITUTO SUPERIOR DE EDUC. TECNICA NRO 57;ROSARIO;ROSARIO
INSTITUTO SUPERIOR DE EDUCACION TECNICA NRO 58;ROSARIO;ROSARIO
COCINA CENTRALIZADA NRO 9606;GRANADERO BAIGORRIA;ROSARIO
C.E.C.L.A. S/N;ROSARIO;ROSARIO
REGENCIA ZONA SUR - INSTITUTO DE SEGURIDAD PUBLICA DE LA PROVINCIA DE SANTA FE;ROSARIO;ROSARIO
"ESCUELA SUPERIOR DE ENFERMERIA ""MA.ELENA ARAYA DE COLOMBRES""";ROSARIO;ROSARIO
NUCLEO III - JARDIN DE INFANTES NRO 8;VENADO TUERTO;GENERAL LOPEZ
NUCLEO II - JARDIN DE INFANTES NRO 8;VENADO TUERTO;GENERAL LOPEZ
NUCLEO I - JARDIN DE INFANTES NRO 8;VENADO TUERTO;GENERAL LOPEZ
JARDIN DE INFANTES NRO 8;VENADO TUERTO;GENERAL LOPEZ
NUCLEO VIII - JARDIN DE INFANTES NRO 29;VILLA CAÑAS;GENERAL LOPEZ
NUCLEO VI - JARDIN DE INFANTES NRO 29;CAMPO TROFFE;GENERAL LOPEZ
NUCLEO V - JARDIN DE INFANTES NRO 29;CAMPO LAS ENCADENADAS;GENERAL LOPEZ
NUCLEO IV - JARDIN DE INFANTES NRO 29;CAMPO LA CHINGOLA;GENERAL LOPEZ
NUCLEO III - JARDIN DE INFANTES NRO 29;COLONIA SANTA LUCIA;GENERAL LOPEZ
NUCLEO II - JARDIN DE INFANTES NRO 29;CAMPO CHAPINO;GENERAL LOPEZ
NUCLEO I - JARDIN DE INFANTES NRO 29;VILLA CAÑAS;GENERAL LOPEZ
JARDIN DE INFANTES NRO 29;VILLA CAÑAS;GENERAL LOPEZ
NUCLEO II - JARDIN DE INFANTES NRO 40;FIRMAT;GENERAL LOPEZ
"NUCLEO I - JARDIN DE INFANTES NRO 40 ""EMMA SCHENNA DE MAZZA""";FIRMAT;GENERAL LOPEZ
"JARDIN DE INFANTES NRO 40 ""EMMA SCHENNA DE MAZZA""";FIRMAT;GENERAL LOPEZ
"JARDIN DE INFANTES NRO 42 ""BANDERA ARGENTINA""";SANTA ISABEL;GENERAL LOPEZ
"JARDIN DE INFANTES NRO 50 ""OLGA COSSETTINI""";RUFINO;GENERAL LOPEZ
"JARDIN DE INFANTES NRO 56 ""DEL ROBLE""";MURPHY;GENERAL LOPEZ
"NUCLEO III - JARDIN DE INFANTES NRO 69 ""SIMON BOLIVAR""";TEODELINA;GENERAL LOPEZ
"NUCLEO II - JARDIN DE INFANTES NRO 69 ""DOMINGO F. SARMIENTO""";TEODELINA;GENERAL LOPEZ
"JARDIN DE INFANTES NRO 69 ""SIMON BOLIVAR""";TEODELINA;GENERAL LOPEZ
"JARDIN DE INFANTES NRO 76 ""URSULA CHICHESTER""";DIEGO DE ALVEAR;GENERAL LOPEZ
"NUCLEO I - JARDIN DE INFANTES NRO 88 ""HORMIGUITAS""";FIRMAT;GENERAL LOPEZ
"JARDIN DE INFANTES NRO 88 ""HORMIGUITAS""";FIRMAT;GENERAL LOPEZ
NUCLEO IV - JARDIN DE INFANTES NRO 110;VENADO TUERTO;GENERAL LOPEZ
"NUCLEO I - JARDIN DE INFANTES NRO 110 ""ESMERALDA DEL SUR""";VENADO TUERTO;GENERAL LOPEZ
"JARDIN DE INFANTES NRO 110 ""ESMERALDA DEL SUR""";VENADO TUERTO;GENERAL LOPEZ
"NUCLEO III- JARDIN DE INFANTES NRO 116 ""20 DE NOVIEMBRE""";RUFINO;GENERAL LOPEZ
"NUCLEO II - JARDIN DE INFANTES NRO 116 ""20 DE NOVIEMBRE""";RUFINO;GENERAL LOPEZ
"JARDIN DE INFANTES NRO 116 ""20 DE NOVIEMBRE""";RUFINO;GENERAL LOPEZ
NUCLEO I - JARDIN DE INFANTES NRO 119;SANTA EMILIA;GENERAL LOPEZ
"JARDIN DE INFANTES NRO 119 ""DOCTOR RENÉ FAVALORO""";HUGHES;GENERAL LOPEZ
"NUCLEO I - JARDIN DE INFANTES NRO 120 ""DR JULIO MAIZTEGUI""";ELORTONDO;GENERAL LOPEZ
"JARDIN DE INFANTES NRO 120 ""DOCTOR JULIO MAIZTEGUI""";ELORTONDO;GENERAL LOPEZ
JARDIN DE INFANTES NRO 121;WHEELWRIGHT;GENERAL LOPEZ
NUCLEO III - JARDIN DE INFANTES NRO 138;VENADO TUERTO;GENERAL LOPEZ
NUCLEO II - JARDIN DE INFANTES NRO 138;VENADO TUERTO;GENERAL LOPEZ
NUCLEO I - JARDIN DE INFANTES NRO 138;VENADO TUERTO;GENERAL LOPEZ
JARDIN DE INFANTES NRO 138;VENADO TUERTO;GENERAL LOPEZ
NUCLEO IV - JARDIN DE INFANTES NRO 169;ESTANCIA EL ABOLENGO;GENERAL LOPEZ
NUCLEO III - JARDIN DE INFANTES NRO 169;CAMPO LA FORTUNA;GENERAL LOPEZ
NUCLEO II - JARDIN DE INFANTES NRO 169;CAMPO LANGARICA;GENERAL LOPEZ
NUCLEO I - JARDIN DE INFANTES NRO 169;CAMPO TARDINI;GENERAL LOPEZ
JARDIN DE INFANTES NRO 169;SANCTI SPIRITU;GENERAL LOPEZ
NUCLEO I - JARDIN DE INFANTES NRO 172;CARMEN;GENERAL LOPEZ
JARDIN DE INFANTES NRO 172;CARMEN;GENERAL LOPEZ
"JARDIN DE INFANTES NRO 190 ""PADRE JUAN LARRAMBEBERE""";BOMBAL;CONSTITUCION
"JARDIN DE INFANTES NRO 197 ""PADRE OSCAR GOAPPER""";MARIA TERESA;GENERAL LOPEZ
NUCLEO I - JARDIN DE INFANTES NRO 201;MAGGIOLO;GENERAL LOPEZ
JARDIN DE INFANTES NRO 201;MAGGIOLO;GENERAL LOPEZ
"JARDIN DE INFANTES NRO 202 ""ANTONELLA CELESTINO""";CHOVET;GENERAL LOPEZ
NUCLEO II - JARDIN DE INFANTES NRO 206;VENADO TUERTO;GENERAL LOPEZ
NUCLEO I - JARDIN DE INFANTES NRO 206;VENADO TUERTO;GENERAL LOPEZ
JARDIN DE INFANTES NRO 206;VENADO TUERTO;GENERAL LOPEZ
"JARDIN DE INFANTES NRO 240 ""JOSE PEDRONI""";CARRERAS;GENERAL LOPEZ
NUCLEO IV - JARDIN DE INFANTES NRO 251;SAN GREGORIO;GENERAL LOPEZ
NUCLEO III - JARDIN DE INFANTES NRO 251;EST. LA BARRANCOSA;GENERAL LOPEZ
NUCLEO II - JARDIN DE INFANTES NRO 251;CHRISTOPHERSEN;GENERAL LOPEZ
NUCLEO I - JARDIN DE INFANTES NRO 251;CHRISTOPHERSEN;GENERAL LOPEZ
"JARDIN DE INFANTES NRO 251 ""ARMONIA CADAVEIRA DE PEDROCCO""";SAN GREGORIO;GENERAL LOPEZ
"NUCLEO I - JARDIN DE INFANTES NRO 270 ""TROMÜ KALFÜ""";MELINCUE;GENERAL LOPEZ
"JARDIN DE INFANTES NUCLEADO NRO 270 ""TROMÜ KALFÜ""";MELINCUE;GENERAL LOPEZ
JARDIN DE INFANTES NRO 319;VENADO TUERTO;GENERAL LOPEZ
JARDIN DE INFANTES NRO 320;RUFINO;GENERAL LOPEZ
"ESCUELA NRO 157 ""DOMINGO FAUSTINO SARMIENTO""";FIRMAT;GENERAL LOPEZ
"ESCUELA NRO 158 ""DOCTOR JACINTO FERNANDEZ""";FIRMAT;GENERAL LOPEZ
"ESCUELA NRO 159 ""9 DE JULIO""";FIRMAT;GENERAL LOPEZ
"ESCUELA NRO 160 ""FLORENTINO AMEGHINO""";MELINCUE;GENERAL LOPEZ
"ESCUELA NRO 161 ""CARLOS GUIDO SPANO""";CARRERAS;GENERAL LOPEZ
"ESCUELA NRO 162 ""DOCTOR FELIPE CARRERAS""";MELINCUE;GENERAL LOPEZ
"ESCUELA NRO 163 ""DOMINGO FAUSTINO SARMIENTO""";ELORTONDO;GENERAL LOPEZ
"ESCUELA NRO 164 ""PABLO PIZZURNO""";ELORTONDO;GENERAL LOPEZ
"ESCUELA NRO 165 ""GENERAL MANUEL BELGRANO""";CARMEN;GENERAL LOPEZ
"ESCUELA NRO 169 ""GENERAL JOSE DE SAN MARTIN""";AMENABAR;GENERAL LOPEZ
"ESCUELA NRO 170 ""DOCTOR MARIANO MORENO""";LAZZARINO;GENERAL LOPEZ
"ESCUELA NRO 171 ""BERNARDO MONTEAGUDO""";RUFINO;GENERAL LOPEZ
"ESCUELA NRO 172 ""BERNARDINO RIVADAVIA""";RUFINO;GENERAL LOPEZ
"ESCUELA NRO 174 ""DOMINGO FAUSTINO SARMIENTO""";DIEGO DE ALVEAR;GENERAL LOPEZ
"ESCUELA NRO 175 ""BARTOLOME MITRE""";SAN GREGORIO;GENERAL LOPEZ
"ESCUELA NRO 176 ""JUAN BAUTISTA ALBERDI""";CHAPUY;GENERAL LOPEZ
"ESCUELA NRO 177 ""ESTEBAN ECHEVERRIA""";TEODELINA;GENERAL LOPEZ
"ESCUELA NRO 178 ""JUAN CAÑAS""";VILLA CAÑAS;GENERAL LOPEZ
"ESCUELA NRO 179 ""BARTOLOME MITRE""";SANTA ISABEL;GENERAL LOPEZ
"ESCUELA NRO 194 ""DOMINGO FAUSTINO SARMIENTO""";TEODELINA;GENERAL LOPEZ
"ESCUELA NRO 451 ""DOMINGO FAUSTINO SARMIENTO""";WHEELWRIGHT;GENERAL LOPEZ
"ESCUELA NRO 496 ""MARIANO MORENO""";VENADO TUERTO;GENERAL LOPEZ
"ESCUELA NRO 497 ""CAYETANO ALBERTO SILVA""";VENADO TUERTO;GENERAL LOPEZ
"ESCUELA NRO 498 ""BERNARDINO RIVADAVIA""";VENADO TUERTO;GENERAL LOPEZ
"ESCUELA NRO 504 ""DOMINGO FAUSTINO SARMIENTO""";HUGHES;GENERAL LOPEZ
"ESCUELA NRO 539 ""DOMINGO FAUSTINO SARMIENTO""";CAFFERATA;GENERAL LOPEZ
"ESCUELA NRO 540 ""DOMINGO FAUSTINO SARMIENTO""";VENADO TUERTO;GENERAL LOPEZ
"ESCUELA NRO 549 ""DOMINGO FAUSTINO SARMIENTO""";LABORDEBOY;GENERAL LOPEZ
"ESCUELA NRO 582 ""9 DE JULIO""";VENADO TUERTO;GENERAL LOPEZ
"ESCUELA NRO 586 ""GENERAL JUSTO JOSE DE URQUIZA""";RUFINO;GENERAL LOPEZ
"ESCUELA NRO 587 ""DOMINGO FAUSTINO SARMIENTO""";SANCTI SPIRITU;GENERAL LOPEZ
"ESCUELA NRO 591 ""JOSE MANUEL ESTRADA""";MAGGIOLO;GENERAL LOPEZ
"ESCUELA NRO 669 ""GENERAL MANUEL BELGRANO""";RUFINO;GENERAL LOPEZ
"ESCUELA NRO 670 ""DOCTOR RICARDO GUTIERREZ""";MURPHY;GENERAL LOPEZ
"ESCUELA NRO 676 ""CARLOS FEDERICO BRANDSEN""";LA CHISPA;GENERAL LOPEZ
"ESCUELA NRO 702 ""DOMINGO FAUSTINO SARMIENTO""";SAN GREGORIO;GENERAL LOPEZ
"ESCUELA NRO 755 ""DOCTOR ALFREDO GERARD""";COLONIA SANTA LUCIA;GENERAL LOPEZ
"ESCUELA NRO 779 ""DOMINGO FAUSTINO SARMIENTO""";SANTA ISABEL;GENERAL LOPEZ
"ESCUELA NRO 789 ""ALMAFUERTE""";VENADO TUERTO;GENERAL LOPEZ
"ESCUELA NRO 833 ""COMODORO RIVADAVIA""";VENADO TUERTO;GENERAL LOPEZ
"ESCUELA NRO 881 ""DOCTOR NICOLAS AVELLANEDA""";SANTA EMILIA;GENERAL LOPEZ
"ESCUELA NRO 907 ""TENIENTE CORONEL PEDRO VARGAS""";MAGGIOLO;GENERAL LOPEZ
"ESCUELA NRO 968 ""EDUARDO CASEY""";VENADO TUERTO;GENERAL LOPEZ
"ESCUELA NRO 969 ""JOAQUIN VICTOR GONZALEZ""";VENADO TUERTO;GENERAL LOPEZ
"ESCUELA NRO 970 ""JUAN M.CABOT""";CAMPO CULLAK;GENERAL LOPEZ
"ESCUELA NRO 971 ""JOSE HERNANDEZ""";CAMPO LA FORTUNA;GENERAL LOPEZ
"ESCUELA NRO 1077 ""MARTIN MIGUEL DE GUEMES""";TEODELINA;GENERAL LOPEZ
"ESCUELA NRO 1189 ""CARLOS JAVIER BENIELLI""";VENADO TUERTO;GENERAL LOPEZ
"ESCUELA NRO 1191 ""BOMBEROS VOLUNTARIOS""";VENADO TUERTO;GENERAL LOPEZ
"ESCUELA NRO 1198 ""GENERAL JOSE DE SAN MARTIN""";VENADO TUERTO;GENERAL LOPEZ
"ESCUELA NRO 1201 ""F. ANTONIO RIZZUTO""";VENADO TUERTO;GENERAL LOPEZ
"ESCUELA NRO 1248 ""ROSA TOURNER DE ESTRUGAMOU""";VENADO TUERTO;GENERAL LOPEZ
"ESCUELA NRO 1262 ""MALVINAS ARGENTINAS""";VENADO TUERTO;GENERAL LOPEZ
"ESCUELA NRO 1285 ""ROQUE VASSALLI""";FIRMAT;GENERAL LOPEZ
"ESCUELA NRO 1292 ""DOCTOR JULIO MAIZTEGUI""";CARMEN;GENERAL LOPEZ
"ESCUELA NRO 1295 ""DE LOS CIEN AÑOS""";VENADO TUERTO;GENERAL LOPEZ
"ESCUELA NRO 1309 ""BRIGADIER ANTONIO BALCARCE""";EST. LA BARRANCOSA;GENERAL LOPEZ
"ESCUELA NRO 1325 ""JOSE VICENTE CIBELLI""";VENADO TUERTO;GENERAL LOPEZ
"ESCUELA NRO 1345 ""GENERAL SAN MARTIN""";CAMPO LANGARICA;GENERAL LOPEZ
"ESCUELA NRO 1364 ""NATALIO DEL CARMEN PERILLO""";VENADO TUERTO;GENERAL LOPEZ
"ESCUELA NRO 6008 ""TUCUMAN""";SAN EDUARDO;GENERAL LOPEZ
"ESCUELA NRO 6010 ""DOCTOR ALBERT SCHWEITZER""";SAN FRANCISCO DE SANTA FE;GENERAL LOPEZ
"ESCUELA NRO 6030 ""INDEPENDENCIA ARGENTINA""";WHEELWRIGHT;GENERAL LOPEZ
"ESCUELA NRO 6031 ""PROVINCIA DE BUENOS AIRES""";RUFINO;GENERAL LOPEZ
"ESCUELA NRO 6079 ""MARCOS SASTRE""";SANCTI SPIRITU;GENERAL LOPEZ
"ESCUELA NRO 6087 ""CIUDAD DE MADRID""";CAÑADA DEL UCLE;GENERAL LOPEZ
"ESCUELA NRO 6089 ""DOMINGO FAUSTINO SARMIENTO""";CHRISTOPHERSEN;GENERAL LOPEZ
"ESCUELA NRO 6163 ""NACIONES UNIDAS""";HUGHES;GENERAL LOPEZ
"ESCUELA NRO 6206 ""PROVINCIA DE LA RIOJA""";MIGUEL TORRES;GENERAL LOPEZ
"ESCUELA NRO 6214 ""MANUEL BELGRANO""";BOMBAL;CONSTITUCION
"ESCUELA NRO 6222 ""DOCTOR NICOLAS AVELLANEDA""";TEODELINA;GENERAL LOPEZ
"ESCUELA NRO 6224 ""SANTA FE""";CHOVET;GENERAL LOPEZ
"ESCUELA NRO 6225 ""ELISA ALVEAR DE BOSCH""";MARIA TERESA;GENERAL LOPEZ
"ESCUELA NRO 6253 ""GENERAL DE SAN MARTIN""";VILLA SOL DE MAYO;GENERAL LOPEZ
"ESCUELA NRO 6360 ""MARIA MONTESSORI""";CHRISTOPHERSEN;GENERAL LOPEZ
"ESCUELA NRO 6366 ""JOSE HERNANDEZ""";CHRISTOPHERSEN;GENERAL LOPEZ
"ESCUELA NRO 6377 ""EVITA""";FIRMAT;GENERAL LOPEZ
"ESCUELA NRO 6382 ""REPUBLICA DE VENEZUELA""";TEODELINA;GENERAL LOPEZ
"ESCUELA NRO 6391 ""ANTARTIDA ARGENTINA""";VENADO TUERTO;GENERAL LOPEZ
"ESCUELA NRO 6404 ""GENERAL MARTIN M. DE GUEMES""";VENADO TUERTO;GENERAL LOPEZ
"ESCUELA NRO 6422 ""GENERAL MANUEL BELGRANO""";VILLA CAÑAS;GENERAL LOPEZ
"ESCUELA NRO 6426 ""CLUB DE LEONES""";RUFINO;GENERAL LOPEZ
C.E.R NRO 81;VENADO TUERTO;GENERAL LOPEZ
"C.E.R. NRO 197 ""BERNARDINO RIVADAVIA""";VILLA CAÑAS;GENERAL LOPEZ
"C.E.R. NRO 211 ""DOMINGO FAUSTINO SARMIENTO""";CAMPO CHAPINO;GENERAL LOPEZ
"C.E.R. NRO 224 ""ALMAFUERTE""";CAMPO TARDINI;GENERAL LOPEZ
"C.E.R. NRO 227 ""FRAY LUIS BELTRAN""";CAMPO TROFFE;GENERAL LOPEZ
"C.E.R. NRO 239 ""BRIGADIER ESTANISLAO LOPEZ""";RUFINO;GENERAL LOPEZ
"C.E.R. NRO 291 ""MANUEL BELGRANO""";VENADO TUERTO;GENERAL LOPEZ
"C.E.R. NRO 307 ""JOSE HERNANDEZ""";MELINCUE;GENERAL LOPEZ
"C.E.R. NRO 466 ""LIBERTADOR GENERAL JOSE DE SAN MARTIN""";CAMPO TAZZIOLI;GENERAL LOPEZ
"C.E.R. NRO 479 ""BRUNILDA G. DE LUISELLI""";COLONIA LOS TROJES;GENERAL LOPEZ
"C.E.R. NRO 498 ""SANTIAGO DE LINIERS""";CAMPO LAS ENCADENADAS;GENERAL LOPEZ
"C.E.R. NRO 509 ""DOMINGO F. SARMIENTO""";RUFINO;GENERAL LOPEZ
C.E.R. 557;SAN GREGORIO;GENERAL LOPEZ
C.E.R. NRO 558;COLONIA FALUCHO;GENERAL LOPEZ
C.E.R. NRO 569;SANCTI SPIRITU;GENERAL LOPEZ
C.E.R. NRO 593;CHOVET;GENERAL LOPEZ
C.E.R. NRO 594;BOMBAL;CONSTITUCION
"ESCUELA ESPECIAL NRO 2045 ""DR OSCAR AÑATIVA""";VENADO TUERTO;GENERAL LOPEZ
"ESCUELA ESPECIAL NRO 2048 ""DRA MARIA LUISA ROSATTI DE VOGT""";RUFINO;GENERAL LOPEZ
ESCUELA ESPECIAL NRO 2062;SAN GREGORIO;GENERAL LOPEZ
"ESCUELA ESPECIAL NRO 2070 ""Paulo Freire""";VILLA CAÑAS;GENERAL LOPEZ
"ESCUELA ESPECIAL NRO 2088 ""ANGELA PERALTA PINO""";WHEELWRIGHT;GENERAL LOPEZ
"ESCUELA ESPECIAL NRO 2092 ""DOCTORA EDA JOSEFINA CANALS DE JULIAA""";RUFINO;GENERAL LOPEZ
ESCUELA ESPECIAL LABORAL NRO 2103;TEODELINA;GENERAL LOPEZ
ESCUELA ESPECIAL NRO 2121;BOMBAL;CONSTITUCION
ESCUELA ESPECIAL PARA DISCAPACITADOS MENTALES NRO 2125;MARIA TERESA;GENERAL LOPEZ
CENTRO REGIONAL DE ESTIMULACION TEMPRANA NRO 2133;VENADO TUERTO;GENERAL LOPEZ
"TALLER DE EDUCACION MANUAL NRO 52 ""CARLOS CASADO DEL ALISAL""";FIRMAT;GENERAL LOPEZ
"TALLER DE EDUCACION MANUAL NRO 61 ""DOMINGO FAUTINO SARMIENTO";MELINCUE;GENERAL LOPEZ
"TALLER DE EDUCACION MANUAL NRO 62 ""AARON CASTELLANOS""";VENADO TUERTO;GENERAL LOPEZ
"TALLER DE EDUCACION MANUAL NRO 100 ""GODOFREDO DAIREAUX""";RUFINO;GENERAL LOPEZ
"TALLER DE EDUCACION MANUAL NRO 130 ""FRAY LUIS BELTRAN""";SANTA ISABEL;GENERAL LOPEZ
"TALLER DE EDUCACION MANUAL NRO 133 ""BRIGADIER ESTANISLAO LOPEZ""";MAGGIOLO;GENERAL LOPEZ
"TALLER DE EDUCACION MANUAL NRO 151 ""JOSE GERVASIO ARTIGAS""";VILLA CAÑAS;GENERAL LOPEZ
"TALLER DE EDUCACION MANUAL NRO 167 ""MALVINAS ARGENTINAS""";TEODELINA;GENERAL LOPEZ
TALLER DE EDUCACION MANUAL NRO 200;VENADO TUERTO;GENERAL LOPEZ
CENTRO DE EDUCACION FISICA NRO 18;RUFINO;GENERAL LOPEZ
CENTRO DE EDUCACION FISICA NRO 20;FIRMAT;GENERAL LOPEZ
"CENTRO DE EDUCACION FISICA NRO 38 ""CRUZ DEL SUR""";VENADO TUERTO;GENERAL LOPEZ
"ESCUELA ESPECIAL NRO 2108 ""JOSE PEDRONI""";FIRMAT;GENERAL LOPEZ
ESCUELA ESPECIAL PARA SORDOS E HIPOACUSICOS NRO 2110;VENADO TUERTO;GENERAL LOPEZ
ESCUELA ESPECIAL DE FORMACION LABORAL NRO 2112;VENADO TUERTO;GENERAL LOPEZ
CENTRO EDUCACION FISICA NRO 54;VENADO TUERTO;GENERAL LOPEZ
N.R.E.S. ORIENTADA NRO 1552;SAN FRANCISCO DE SANTA FE;GENERAL LOPEZ
"E.E.S. ORIENTADA NRO 206 ""ROSA T. DE ESTRUGAMOU""";VENADO TUERTO;GENERAL LOPEZ
"E.E.S. ORIENTADA NRO 212 ""GRANADEROS DE SAN MARTÍN""";TEODELINA;GENERAL LOPEZ
"E.E.S. ORIENTADA NRO 214 ""DOCTOR MARIANO MORENO""";SANTA ISABEL;GENERAL LOPEZ
"E.E.S. ORIENTADA NRO 224 ""PATAGONIA ARGENTINA""";HUGHES;GENERAL LOPEZ
"E.E.S. ORIENTADA NRO 228 ""BRIGADIER ESTANISLAO LÓPEZ""";MAGGIOLO;GENERAL LOPEZ
"E.E.S. ORIENTADA NRO 229 ""DOCTOR DALMACIO VELEZ SARSFIELD""";CARRERAS;GENERAL LOPEZ
"E.E.S. ORIENTADA NRO 238 ""DOCTOR RICARDO TORRES BLANCO""";VENADO TUERTO;GENERAL LOPEZ
"E.E.S. ORIENTADA NRO 244 ""MARTÍN MIGUEL DE GÜEMES""";MARIA TERESA;GENERAL LOPEZ
"E.E.S. ORIENTADA NRO 246 ""DOCTOR CARLOS SAAVEDRA LAMAS""";BOMBAL;CONSTITUCION
E.E.S. ORIENTADA NRO 271;RUFINO;GENERAL LOPEZ
"E.E.S. ORIENTADA NRO 323 ""LUIS REY""";DIEGO DE ALVEAR;GENERAL LOPEZ
E.E.S. ORIENTADA NRO 368;SAN EDUARDO;GENERAL LOPEZ
"E.E.S. ORIENTADA NRO 379 ""PERITO FRANCISCO MORENO""";CAÑADA DEL UCLE;GENERAL LOPEZ
E.E.S. ORIENTADA NRO 552;LA CHISPA;GENERAL LOPEZ
E.E.S. ORIENTADA NRO 553;CHRISTOPHERSEN;GENERAL LOPEZ
E.E.S. ORIENTADA NRO 554;CHAPUY;GENERAL LOPEZ
E.E.S. ORIENTADA NRO 555;LAZZARINO;GENERAL LOPEZ
"E.E.S. ORIENTADA NRO 584 ""RAÚL RICARDO ALFONSÍN""";VENADO TUERTO;GENERAL LOPEZ
"A.E.S. ORIENTADA NRO 1238 ""DOCTOR RICARDO TORRES BLANCO""";VENADO TUERTO;GENERAL LOPEZ
"E.E. TÉCNICO PROFESIONAL NRO 281 ""GENERAL MANUEL SAVIO""";FIRMAT;GENERAL LOPEZ
E.E. TÉCNICO PROFESIONAL NRO 286;RUFINO;GENERAL LOPEZ
"E.E. TÉCNICO PROFESIONAL NRO 287 ""JORGE NEWBERY""";ELORTONDO;GENERAL LOPEZ
"E.E. TÉCNICO PROFESIONAL NRO 317 ""DOCTOR CARLOS SYLVESTRE BEGNIS""";SAN GREGORIO;GENERAL LOPEZ
E.E. TÉCNICO PROFESIONAL NRO 335;RUFINO;GENERAL LOPEZ
"E.E. TÉCNICO PROFESIONAL NRO 358 ""MODALIDAD AGRARIA""";LABORDEBOY;GENERAL LOPEZ
E.E. TÉCNICO PROFESIONAL NRO 402;VENADO TUERTO;GENERAL LOPEZ
"E.E. TÉCNICO PROFESIONAL NRO 602 ""GENERAL SAN MARTÍN""";VENADO TUERTO;GENERAL LOPEZ
ANEXO ESCUELA AGROTÉCNICA NRO 335;AARON CASTELLANOS;GENERAL LOPEZ
"E.E.S. ORIENTADA NRO 420 ""ALMIRANTE GUILLERMO BROWN""";ELORTONDO;GENERAL LOPEZ
"E.E.S. ORIENTADA NRO 421 ""DOCTOR PABLO TISCORNIA""";FIRMAT;GENERAL LOPEZ
"E.E.S. ORIENTADA NRO 425 ""PABLO PIZZURNO""";MELINCUE;GENERAL LOPEZ
"E.E.S. ORIENTADA NRO 446 ""JUAN BAUTISTA ALBERDI""";VENADO TUERTO;GENERAL LOPEZ
"E.E.S. ORIENTADA NRO 447 ""MANUEL VICENTE MANZANO""";VENADO TUERTO;GENERAL LOPEZ
"E.E. TÉCNICO PROFESIONAL NRO 483 ""EL INDUSTRIAL""";VENADO TUERTO;GENERAL LOPEZ
"E.E. TÉCNICO PROFESIONAL NRO 484 ""PREFECTURA NAVAL ARGENTINA""";VILLA CAÑAS;GENERAL LOPEZ
"ESCUELA NORMAL SUPERIOR NRO 38 ""DOMINGO FAUSTINO SARMIENTO""";VILLA CAÑAS;GENERAL LOPEZ
"ESCUELA NORMAL SUPERIOR DE COMERCIO NRO 39 ""JOSE INGENIEROS""";SAN GREGORIO;GENERAL LOPEZ
"COLEGIO SUPERIOR NRO 50 ""GENERAL JOSE DE SAN MARTIN""";RUFINO;GENERAL LOPEZ
"ESCUELA TECNICA NRO 652 ""JOSE MANUEL ESTRADA""";VILLA CAÑAS;GENERAL LOPEZ
"ESCUELA TECNICA NRO 682 ""GENERAL GREGORIO LAS HERAS""";MAGGIOLO;GENERAL LOPEZ
ESCUELA PROVINCIAL DE ARTE NRO 3;VENADO TUERTO;GENERAL LOPEZ
GRADO RADIAL NRO I - ESCUELA NOCTURNA NRO 19;MURPHY;GENERAL LOPEZ
"ESCUELA NRO 19 ""JOHN FITZGERALD KENNEDY""";VENADO TUERTO;GENERAL LOPEZ
"E.E.M.P.A. NRO 1013 ""JOSE PEDRONI""";VENADO TUERTO;GENERAL LOPEZ
E.E.M.P.A. NRO 1019;FIRMAT;GENERAL LOPEZ
E.E.M.P.A. NRO 1118;RUFINO;GENERAL LOPEZ
E.E.M.P.A. NRO 1196;SANCTI SPIRITU;GENERAL LOPEZ
"E.E.M.P.A. NRO 1220 ""OLGA COSSETTINI""";WHEELWRIGHT;GENERAL LOPEZ
"E.E.M.P.A. NRO 1227 ""BRIGADIER GENERAL ESTANISLAO LOPEZ""";ELORTONDO;GENERAL LOPEZ
E.E.M.P.A. NRO 1233;TEODELINA;GENERAL LOPEZ
E.E.M.P.A. NRO 1234;SANTA ISABEL;GENERAL LOPEZ
E.E.M.P.A. NRO 1235;MURPHY;GENERAL LOPEZ
"E.E.M.P.A. NRO 1283 ""ANA BORIOTTI DE SCAMPINO""";BOMBAL;CONSTITUCION
E.E.M.P.A. NRO 1294;MARIA TERESA;GENERAL LOPEZ
"ANEXO I - E.E.M.P.A. NRO 1013 ""JOSE PEDRONI""";VENADO TUERTO;GENERAL LOPEZ
"ANEXO I - E.E.M.P.A. NRO 1220 ""OLGA COSSETTINI""";HUGHES;GENERAL LOPEZ
ANEXO E.E.M.P.A. NRO 1227;CHOVET;GENERAL LOPEZ
ANEXO NRO 6235 E.E.M.P.A. NRO 1235;CARMEN;GENERAL LOPEZ
"ANEXO E.E.M.P.A. NRO 1252 ""PREBISTERO LUIS NATALIO BERTOLO""";CARRERAS;GENERAL LOPEZ
"ANEXO E.E.M.P.A. NRO 1283 ""ANA BORIOTTI DE SCAMPINO""";MELINCUE;GENERAL LOPEZ
ANEXO I - E.E.M.P.A. NRO 1294;SAN GREGORIO;GENERAL LOPEZ
CENTRO CAPACITACION LABORAL NRO 13;SANTA ISABEL;GENERAL LOPEZ
C.E.C.LA. NRO 28;VENADO TUERTO;GENERAL LOPEZ
CENTRO DE CAPACITACION LABORAL NRO 29;DIEGO DE ALVEAR;GENERAL LOPEZ
CENTRO CAPACITACION LABORAL NRO 57;CARMEN;GENERAL LOPEZ
C.E.C.L.A. NRO 105;FIRMAT;GENERAL LOPEZ
C.E.P.A. NRO 35;WHEELWRIGHT;GENERAL LOPEZ
C.E.P.A. NRO 39;FIRMAT;GENERAL LOPEZ
C.E.P.A. NRO 41;VENADO TUERTO;GENERAL LOPEZ
C.E.P.A. NRO 43;RUFINO;GENERAL LOPEZ
C.E.P.A. NRO 63;DIEGO DE ALVEAR;GENERAL LOPEZ
C.E.P.A. NRO 64;ELORTONDO;GENERAL LOPEZ
C.E.P.A. NRO 99;VENADO TUERTO;GENERAL LOPEZ
C.E.P.A. NRO 109;VENADO TUERTO;GENERAL LOPEZ
C.E.P.A. NRO 125;VILLA CAÑAS;GENERAL LOPEZ
C.E.P.A. NRO 150;MARIA TERESA;GENERAL LOPEZ
"C.E.P.A. NRO 153 ""DOMINGO FAUSTINO SARMIENTO""";SANTA ISABEL;GENERAL LOPEZ
C.E.P.A. NRO 155;VENADO TUERTO;GENERAL LOPEZ
C.E.P.A. NRO 169;VENADO TUERTO;GENERAL LOPEZ
C.E.P.A. NRO 179;FIRMAT;GENERAL LOPEZ
"C.E.P.A. NRO 209 ""DOMINGO FAUSTINO SARMIENTO""";RUFINO;GENERAL LOPEZ
CENTRO DE ALFABETIZACION NRO 58;HUGHES;GENERAL LOPEZ
CENTRO DE ALFABETIZACION NRO 165;VENADO TUERTO;GENERAL LOPEZ
CENTRO DE ALFABETIZACION NRO 166;VENADO TUERTO;GENERAL LOPEZ
CENTRO DE ALFABETIZACION NRO 168;VENADO TUERTO;GENERAL LOPEZ
CENTRO DE ALFABETIZACION NRO 175;HUGHES;GENERAL LOPEZ
CENTRO DE ALFABETIZACION NRO 207;SANCTI SPIRITU;GENERAL LOPEZ
CENTRO DE ALFABETIZACION NRO 213;CARMEN;GENERAL LOPEZ
CENTRO DE ALFABETIZACION NRO 230;FIRMAT;GENERAL LOPEZ
CENTRO DE ALFABETIZACION NRO 231;TEODELINA;GENERAL LOPEZ
CENTRO DE ALFABETIZACION NRO 243;RUFINO;GENERAL LOPEZ
CENTRO DE ALFABETIZACION NRO 247;TEODELINA;GENERAL LOPEZ
CENTRO DE ALFABETIZACION NRO 248;SAN GREGORIO;GENERAL LOPEZ
CENTRO DE ALFABETIZACION NRO 249;RUFINO;GENERAL LOPEZ
CENTRO DE ALFABETIZACION NRO 250;MELINCUE;GENERAL LOPEZ
CENTRO DE ALFABETIZACION NRO 251;RUFINO;GENERAL LOPEZ
CENTRO DE ALFABETIZACION NRO 252;LAZZARINO;GENERAL LOPEZ
CENTRO DE ALFABETIZACION NRO 253;AARON CASTELLANOS;GENERAL LOPEZ
CENTRO DE ALFABETIZACION NRO 259;AMENABAR;GENERAL LOPEZ
CENTRO DE ALFABETIZACION NRO 260;FIRMAT;GENERAL LOPEZ
CENTRO DE ALFABETIZACION NRO 261;CHAÑAR LADEADO;CASEROS
CENTRO DE ALFABETIZACION NRO 262;FIRMAT;GENERAL LOPEZ
CENTRO DE ALFABETIZACION NRO 267;FIRMAT;GENERAL LOPEZ
CENTRO DE ALFABETIZACION NRO 283;MAGGIOLO;GENERAL LOPEZ
CENTRO DE ALFABETIZACION NRO 288;LOS QUIRQUINCHOS;CASEROS
CENTRO DE ALFABETIZACION NRO 323 - P.A.E.B.A. NRO 10032;VENADO TUERTO;GENERAL LOPEZ
CENTRO DE ALFABETIZACION NRO 324;CHOVET;GENERAL LOPEZ
"E.E.M.P.A. NRO 1308 ""JOSE ROBERTO VERGE""";VILLA CAÑAS;GENERAL LOPEZ
"INSTITUTO SUPERIOR NRO 7 ""BRIGADIER ESTANISLAO LOPEZ""";VENADO TUERTO;GENERAL LOPEZ
INSTITUTO SUPERIOR DEL PROFESORADO NRO 19;RUFINO;GENERAL LOPEZ
ESCUELA DE ENFERMERIA DE VENADO TUERTO;VENADO TUERTO;GENERAL LOPEZ
"JARDIN DE INFANTES NRO 34 ""MARIA MONTESSORI""";MARIA JUANA;CASTELLANOS
"NUCLEO II - JARDIN DE INFANTES NRO 43 ""ARCO IRIS""";CAMPO BUSSO;SAN MARTIN
"JARDIN DE INFANTES NRO 43 ""ARCO IRIS""";CARLOS PELLEGRINI;SAN MARTIN
"NUCLEO V - JARDIN DE INFANTES NRO 90 ""DULCE DE LECHE""";LAS BANDURRIAS;SAN MARTIN
"NUCLEO IV - JARDIN DE INFANTES NRO 90 ""DULCE DE LECHE""";EL TREBOL;SAN MARTIN
"NUCLEO II - JARDIN DE INFANTES NRO 90 ""DULCE DE LECHE""";EL TREBOL;SAN MARTIN
"JARDIN DE INFANTES NRO 90 ""DULCE DE LECHE""";EL TREBOL;SAN MARTIN
"NUCLEO II - JARDIN DE INFANTES NRO 122 ""20 DE JUNIO""";CAMPO SEVESO;SAN MARTIN
"NUCLEO I - JARDIN DE INFANTES NRO 122 ""20 DE JUNIO""";ESTACION KILOMETRO 465;SAN MARTIN
"JARDIN DE INFANTES NRO 122 ""20 DE JUNIO""";SASTRE;SAN MARTIN
"NUCLEO II - JARDIN DE INFANTES NRO 125 ""Rosario Vera Peñaloza""";PIAMONTE;SAN MARTIN
"NUCLEO I - JARDIN DE INFANTES NRO 125 ""Rosario Vera Peñaloza""";PIAMONTE;SAN MARTIN
"JARDIN DE INFANTES NRO 125 ""Rosario Vera Peñaloza""";PIAMONTE;SAN MARTIN
NUCLEO II - JRDIN DE INFANTES NRO 144;CAMPO EL 51;SAN MARTIN
"JARDIN DE INFANTES NRO 144 ""MERCEDITAS""";MARIA SUSANA;SAN MARTIN
"NUCLEO I - JARDIN DE INFANTES NRO 166 ""OLGA COSSETTINI""";SAN JORGE;SAN MARTIN
"JARDIN DE INFANTES NRO 166 ""OLGA COSSETTINI""";SAN JORGE;SAN MARTIN
NUCLEO I - JARDIN DE INFANTES NRO 194;EL TREBOL;SAN MARTIN
"JARDIN DE INFANTES NRO 194 ""ROGELIO CAROTTI""";LOS CARDOS;SAN MARTIN
"JARDIN DE INFANTES NRO 241 ""GENERAL MANUEL BELGRANO""";SAN JORGE;SAN MARTIN
"NUCLEO II - JARDIN DE INFANTES NRO 252 ""GRACIELA MOISO""";COLONIA LA FRANCIA;SAN MARTIN
"NUCLEO I - JARDIN DE INFANTES NRO 252 ""GRACIELA MOISO""";CAMPO NICOLI;SAN MARTIN
"JARDIN DE INFANTES NRO 252 ""GRACIELA MOISO""";CAÑADA ROSQUIN;SAN MARTIN
"ESCUELA NRO 104 ""FRAY JUSTO SANTA MARIA DE ORO""";COLONIA LAS YERBAS;SAN MARTIN
"ESCUELA NRO 265 ""ALMAFUERTE""";CASAS;SAN MARTIN
"ESCUELA NRO 266 ""GENERAL JOSE DE SAN MARTIN""";CAÑADA ROSQUIN;SAN MARTIN
"ESCUELA NRO 267 ""ARISTOBULO DEL VALLE""";SASTRE;SAN MARTIN
"ESCUELA NRO 268 ""GOBERNADOR LUCIANO MOLINAS""";CAÑADA ROSQUIN;SAN MARTIN
"ESCUELA NRO 269 ""MARIANO MORENO""";CRISPI;SAN MARTIN
"ESCUELA NRO 270 ""GENERAL MANUEL BELGRANO""";COLONIA BELGRANO;SAN MARTIN
"ESCUELA NRO 271 ""JUSTO JOSE DE URQUIZA""";SAN JORGE;SAN MARTIN
"ESCUELA NRO 272 ""DOCTOR RICARDO GUTIERREZ""";CARLOS PELLEGRINI;SAN MARTIN
"ESCUELA NRO 273 ""FLORENTINO AMEGHINO""";LAS BANDURRIAS;SAN MARTIN
"ESCUELA NRO 274 ""FRANCISCO NARCISO LAPRIDA""";EL TREBOL;SAN MARTIN
"ESCUELA NRO 275 ""MANUEL BELGRANO""";EL TREBOL;SAN MARTIN
"ESCUELA NRO 276 ""JUAN JOSE PASO""";EL TREBOL;SAN MARTIN
"ESCUELA NRO 277 ""GENERAL JOSE DE SAN MARTIN""";MARIA SUSANA;SAN MARTIN
"ESCUELA NRO 278 ""MANUEL BELGRANO""";PIAMONTE;SAN MARTIN
"ESCUELA NRO 279 ""GENERAL MARTIN MIGUEL DE GUEMES""";LANDETA;SAN MARTIN
"ESCUELA NRO 280 ""GENERAL JOSE DE SAN MARTIN""";LANDETA;SAN MARTIN
"ESCUELA NRO 369 ""VICENTE LOPEZ Y PLANES""";TRAILL;SAN MARTIN
"ESCUELA NRO 383 ""JUAN GREGORIO DE LAS HERAS""";VILLA JOSEFINA;CASTELLANOS
"ESCUELA NRO 396 ""DOMINGO FAUSTINO SARMIENTO""";ZENON PEREYRA;CASTELLANOS
"ESCUELA NRO 397 ""JUAN BAUTISTA CABRAL""";ESTACION KILOMETRO 501;CASTELLANOS
"ESCUELA NRO 398 ""DOMINGO FAUSTINO SARMIENTO""";MARIA JUANA;CASTELLANOS
"ESCUELA NRO 400 ""DOMINGO FAUSTINO SARMIENTO""";COLONIA MARGARITA;CASTELLANOS
"ESCUELA NRO 403 ""PROVINCIA DE MENDOZA""";ESTACION CLUCELLAS;CASTELLANOS
"ESCUELA NRO 483 ""JUAN ENRIQUE PESTALOZZI""";EUSTOLIA;CASTELLANOS
"ESCUELA NRO 642 ""DOMINGO FAUSTINO SARMIENTO""";LOS CARDOS;SAN MARTIN
"ESCUELA NRO 649 ""GENERAL JOSE DE SAN MARTIN""";SAN MARTIN DE LAS ESCOBAS;SAN MARTIN
"ESCUELA NRO 693 ""BERNARDINO RIVADAVIA""";ESTACION KILOMETRO 465;SAN MARTIN
"ESCUELA NRO 735 ""JOSE DE SAN MARTIN""";FRONTERA;CASTELLANOS
"ESCUELA NRO 736 ""SARGENTO JUAN BAUTISTA CABRAL""";LAS PETACAS;SAN MARTIN
"ESCUELA NRO 737 ""GENERAL MANUEL BELGRANO""";COLONIA LA FRANCIA;SAN MARTIN
"ESCUELA NRO 771 ""TOMAS ESPORA""";CAMPO DURANDO;SAN MARTIN
"ESCUELA NRO 793 ""HOGAR ARGENTINO""";PIAMONTE;SAN MARTIN
"ESCUELA NRO 803 ""EMILIO D. ORTIZ""";SASTRE;SAN MARTIN
"ESCUELA NRO 812 ""LIBERTADOR GENERAL JOSE DE SAN MARTIN""";CAMPO LA ADELAIDA;SAN MARTIN
"ESCUELA NRO 813 ""LIBERTADOR GENERAL JOSE DE SAN MARTIN""";CARLOS PELLEGRINI;SAN MARTIN
"ESCUELA NRO 903 ""DOMINGO FAUSTINO SARMIENTO""";COLONIA MARGARITA;CASTELLANOS
"ESCUELA NRO 914 ""JOSE IGNACIO ZENTENO""";CAMPO SEVESO;SAN MARTIN
"ESCUELA NRO 926 ""PABLO A. PIZZURNO""";SAN JORGE;SAN MARTIN
"ESCUELA NRO 974 ""FRENCH Y BERUTI""";CAMPO NICOLI;SAN MARTIN
"ESCUELA NRO 978 ""CINCUENTENARIO DE EL TREBOL""";EL TREBOL;SAN MARTIN
"ESCUELA NRO 1001 ""SANTIAGO PUZZI""";FRONTERA;CASTELLANOS
"ESCUELA NRO 1199 ""PROVINCIA DE SANTA FE""";FRONTERA;CASTELLANOS
"ESCUELA NRO 1342 ""LAZARO FLURY""";SAN JORGE;SAN MARTIN
"ESCUELA NRO 6020 ""MISIONES""";ESMERALDA;CASTELLANOS
"ESCUELA NRO 6026 ""EL CHACO""";LAS BANDURRIAS;SAN MARTIN
"ESCUELA NRO 6040 ""JOSE MANUEL ESTRADA""";CASTELAR;SAN MARTIN
"ESCUELA NRO 6050 ""ISLAS MALVINAS""";GARIBALDI;CASTELLANOS
"ESCUELA NRO 6075 ""GREGORIA MATORRAS""";WILDERMUTH;SAN MARTIN
"ESCUELA NRO 6155 ""PROVINCIA DE SAN JUAN""";SAN MARTIN DE LAS ESCOBAS;SAN MARTIN
"ESCUELA NRO 6270 ""JUAN DE GARAY""";CAMPO BRUSA;SAN MARTIN
"ESCUELA NRO 6297 ""EJERCITO ARGENTINO""";CAMPO DONNET;SAN MARTIN
"ESCUELA NRO 6326 ""DOMINGO FAUSTINO SARMIENTO""";CAMPO OROÑO;SAN MARTIN
"ESCUELA NRO 6362 ""SAN JOSE DE CALASANZ""";SAN JORGE;SAN MARTIN
"C.E.R. NRO 65 ""BRIGADIER ESTANISLAO LOPEZ""";CAMPO EL INJERTO;SAN MARTIN
C.E.R. NRO 154;LAS PETACAS;SAN MARTIN
"C.E.R. NRO 262 ""25 DE MAYO""";EL TREBOL;SAN MARTIN
"C.E.R. NRO 285 ""GENERAL JOSE DE SAN MARTIN""";EL TREBOL;SAN MARTIN
"C.E.R. NRO 287 ""GENERAL MARTIN MIGUEL DE GÜEMES""";CAMPO EL 51;SAN MARTIN
"C.E.R. NRO 337 ""BARTOLOME MITRE""";MARIA JUANA;CASTELLANOS
"C.E.R. NRO 356 ""TENIENTE GENERAL DON PEDRO ARAMBURU""";ESMERALDA;CASTELLANOS
"C.E.R. NRO 452 ""CAPITAN JUSTO G. BERMUDEZ""";SANTA ANITA;SAN MARTIN
C.E.R. NRO 501 DOMINGO FAUSTINO SARMIENTO;MARIA SUSANA;SAN MARTIN
C.E.R. NRO 538;CASAS;SAN MARTIN
"C.E.R. NRO 539 ""BERNARDINO RIVADAVIA""";PIAMONTE;SAN MARTIN
"ESCUELA ESPECIAL NRO 2043 ""ITALIA MARINI DE BELTRAMINO""";SAN JORGE;SAN MARTIN
"ESCUELA DE EDUCACION ESPECIAL NRO 2051 ""CONVIVIR""";SASTRE;SAN MARTIN
"ESCUELA DE EDUCACION ESPECIAL NRO 2099 ""CENTENARIO""";CAÑADA ROSQUIN;SAN MARTIN
"ESCUELA ESPECIAL NRO 2127 ""MARIA MONTESSORI""";FRONTERA;CASTELLANOS
ESCUELA ESPECIAL DE FORMACION LABORAL NRO 2136;SAN JORGE;SAN MARTIN
"TALLER DE EDUCACION MANUAL NRO 51 ""BARTOLOME MITRE""";EL TREBOL;SAN MARTIN
"TALLER DE EDUCACION MANUAL NRO 56 ""MARIANO MORENO""";CARLOS PELLEGRINI;SAN MARTIN
"TALLER DE EDUCACION MANUAL NRO 60 ""JORGE STHEPENSON""";SAN JORGE;SAN MARTIN
TALLER DE EDUCACION MANUAL NRO 90;MARIA JUANA;CASTELLANOS
TALLER DE EDUCACION MANUAL NRO 91 SIN NOMBRE;MARIA SUSANA;SAN MARTIN
TALLER DE EDUCACION MANUAL 143;CAÑADA ROSQUIN;SAN MARTIN
"TALLER DE EDUCACION MANUAL NRO 166 ""JOSE HERNANDEZ""";PIAMONTE;SAN MARTIN
CENTRO DE EDUCACION FISICA NRO 21;SAN JORGE;SAN MARTIN
CENTRO DE EDUCACION FISICA NRO 41;EL TREBOL;SAN MARTIN
CENTRO DE EDUCACION FISICA NRO 56;FRONTERA;CASTELLANOS
"ESCUELA ESPECIAL TRANFERIDA NRO 2113 ""EMILIA BERTOLE""";EL TREBOL;SAN MARTIN
"E.E.S. ORIENTADA NRO 210 ""JOSÉ INGENIEROS""";EL TREBOL;SAN MARTIN
"E.E.S. ORIENTADA NRO 236 ""MANUEL BELGRANO""";MARIA SUSANA;SAN MARTIN
"E.E.S. ORIENTADA NRO 329 ""BRIGADIER ESTANISLAO LÓPEZ""";FRONTERA;CASTELLANOS
"E.E.S. ORIENTADA NRO 337 ""BRIGADIER ESTANISLAO LOPEZ""";LAS PETACAS;SAN MARTIN
"E.E.S. ORIENTADA NRO 344 ""MARIANO MORENO""";COLONIA BELGRANO;SAN MARTIN
E.E.S. ORIENTADA NRO 372;LOS CARDOS;SAN MARTIN
E.E.S. ORIENTADA NRO 403;CASAS;SAN MARTIN
"E.E.S. ORIENTADA NRO 499 ""DOCTOR RENÉ FAVALORO""";CASTELAR;SAN MARTIN
E.E.S. ORIENTADA NRO 588;ESTACION CLUCELLAS;CASTELLANOS
"E.E.S. ORIENTADA NRO 639 ""PATRICIAS MENDOCINAS""";SASTRE;SAN MARTIN
A.E.S. ORIENTADA NRO 1403;LAS BANDURRIAS;SAN MARTIN
"A.E.S. ORIENTADA NRO 1499 ""DOCTOR RENÉ FAVALORO""";ESMERALDA;CASTELLANOS
A.E.S. ORIENTADA NRO 2337;CRISPI;SAN MARTIN
"E.E. TÉCNICO PROFESIONAL NRO 301 ""MARIANO MORENO""";LANDETA;SAN MARTIN
"E.E. TÉCNICO PROFESIONAL NRO 343 ""GENERAL MARTÍN M. DE GUEMES""";EL TREBOL;SAN MARTIN
E.E. TÉCNICO PROFESIONAL NRO 380;MARIA JUANA;CASTELLANOS
"E.E. TÉCNICO PROFESIONAL NRO 475 ""INGENIERO FRANCISCO ZIMMERMANN""";SAN JORGE;SAN MARTIN
"ESCUELA NORMAL SUPERIOR NRO 41 ""JOSÉ DE SAN MARTIN""";SAN JORGE;SAN MARTIN
GRADO RADIAL I-ESCUELA NOCTURNA NRO 11;EL TREBOL;SAN MARTIN
"ESCUELA NRO 11 ""JUAN BAUTISTA ALBERDI""";EL TREBOL;SAN MARTIN
E.E.M.P.A. NRO 1047;EL TREBOL;SAN MARTIN
"E.E.M.P.A. NRO 1062 ""GENERAL DON JOSE DE SAN MARTIN""";FRONTERA;CASTELLANOS
E.E.M.P.A. NRO 1216;SAN JORGE;SAN MARTIN
E.E.M.P.A. NRO 1231;MARIA JUANA;CASTELLANOS
E.E.M.P.A. NRO 1258;SASTRE;SAN MARTIN
E.E.M.P.A. NRO 1314;CARLOS PELLEGRINI;SAN MARTIN
ANEXO E.E.M.P.A. NRO 1062;ZENON PEREYRA;CASTELLANOS
ANEXO E.E.M.P.A. NRO 1314;PIAMONTE;SAN MARTIN
ANEXO E.E.M.P.A. NRO 1314;CAÑADA ROSQUIN;SAN MARTIN
C.E.C.L.A. NRO 7;SAN JORGE;SAN MARTIN
CENTRO DE CAPACITACION LABORAL NRO 94;PIAMONTE;SAN MARTIN
C.E.P.A. NRO 21;SAN JORGE;SAN MARTIN
C.E.P.A. NRO 68;CAÑADA ROSQUIN;SAN MARTIN
C.E.P.A NRO 98;FRONTERA;CASTELLANOS
CENTRO DE ALFABETIZACION NRO 15;ANGELICA;CASTELLANOS
CENTRO DE ALFABETIZACION NRO 172;MARIA SUSANA;SAN MARTIN
CENTRO DE ALFABETIZACION NRO 219;SUARDI;SAN CRISTOBAL
CENTRO DE ALFABETIZACION NRO 237;CARLOS PELLEGRINI;SAN MARTIN
CENTRO DE ALFABETIZACION NRO 238;MARIA JUANA;CASTELLANOS
CENTRO DE ALFABETIZACION NRO 239;SASTRE;SAN MARTIN
CENTRO DE ALFABETIZACION NRO 240;SAN VICENTE;CASTELLANOS
"I.S.P. NRO 23 ""ELISA DAMIANO""";EL TREBOL;SAN MARTIN
"UNIDAD ACADEMICA ""SAN JORGE""";SAN JORGE;SAN MARTIN
"JARDIN DE INFANTES NRO 86 ""ROSARIO VERA PEÑALOZA""";CERES;SAN CRISTOBAL
"JARDIN DE INFANTES NRO 105 ""DOMINGA MARENGO DE DELFABRO""";VILLA TRINIDAD;SAN CRISTOBAL
"JARDIN DE INFANTES NRO 141 ""ANGELA PERALTA PINO""";SAN CRISTOBAL;SAN CRISTOBAL
"JARDIN DE INFANTES NRO 165 ""MARIA ROSA GRIFFA DE ORTOLANO""";SUARDI;SAN CRISTOBAL
NUCLEO I - JARDIN DE INFANTES NRO 180;SAN CRISTOBAL;SAN CRISTOBAL
JARDIN DE INFANTES NRO 180;SAN CRISTOBAL;SAN CRISTOBAL
NUCLEO II - JARDIN DE INFANTES NRO 187;COLONIA ANA;SAN CRISTOBAL
NUCLEO I - JARDIN DE INFANTES NRO 187;CONDOR;SAN CRISTOBAL
"JARDIN DE INFANTES NRO 187 ""JUAN ENRIQUE PESTALOZZI""";HERSILIA;SAN CRISTOBAL
"JARDIN DE INFANTES NRO 189 ""CLELIO PEDRO VILLAVERDE""";SAN CRISTOBAL;SAN CRISTOBAL
"NUCLEO II-JARDIN DE INFANTES NRO 192 ""OLGA GALLOTTA DE SABA""";CERES;SAN CRISTOBAL
"NUCLEO I -JARDIN DE INFANTES NRO 192 ""OLGA GALLOTTO DE SABA""";CERES;SAN CRISTOBAL
"JARDIN DE INFANTES NRO 192 ""OLGA GALLOTTO DE SABA""";CERES;SAN CRISTOBAL
NUCLEO I - JARDIN DE INFANTES NRO 203;SAN GUILLERMO;SAN CRISTOBAL
JARDIN DE INFANTES NRO 203;SAN GUILLERMO;SAN CRISTOBAL
"ESCUELA NRO 408 ""BERNARDINO RIVADAVIA""";SAN CRISTOBAL;SAN CRISTOBAL
"ESCUELA NRO 409 ""MANUEL BELGRANO""";SAN CRISTOBAL;SAN CRISTOBAL
"ESCUELA NRO 410 ""CARLOS PELLEGRINI""";SAN CRISTOBAL;SAN CRISTOBAL
"ESCUELA NRO 411 ""JUAN BAUTISTA ALBERDI""";SAN CRISTOBAL;SAN CRISTOBAL
"ESCUELA NRO 413 ""DOMINGO FAUSTINO SARMIENTO""";CERES;SAN CRISTOBAL
"ESCUELA NRO 414 ""FRAY LUIS BELTRAN""";LA CABRAL;SAN CRISTOBAL
"ESCUELA NRO 416 ""MARIANO QUIROGA""";VILLA TRINIDAD;SAN CRISTOBAL
"ESCUELA NRO 461 ""GENERAL JOSE DE SAN MARTIN""";MONTE OSCURIDAD;SAN CRISTOBAL
"ESCUELA NRO 462 ""JOAQUIN V. GONZALEZ""";MOISES VILLE;SAN CRISTOBAL
"ESCUELA NRO 514 ""DOMINGO FAUSTINO SARMIENTO""";ARRUFO;SAN CRISTOBAL
"ESCUELA NRO 515 ""MARIANO MORENO""";SOLEDAD;SAN CRISTOBAL
"ESCUELA NRO 548 ""GENERAL SAN MARTIN""";SAN CRISTOBAL;SAN CRISTOBAL
"ESCUELA NRO 553 ""GENERAL TOMAS GUIDO""";DOS ROSAS Y LA LEGUA;SAN CRISTOBAL
"ESCUELA NRO 554 ""BERNARDINO RIVADAVIA""";AMBROSETTI;SAN CRISTOBAL
"ESCUELA NRO 555 ""GENERAL JOSE DE SAN MARTIN""";COLONIA LA CLARA;SAN CRISTOBAL
"ESCUELA NRO 559 ""BARTOLOME MITRE""";SUARDI;SAN CRISTOBAL
"ESCUELA NRO 564 ""BRIGADIER ESTANISLAO LOPEZ""";CURUPAYTI;SAN CRISTOBAL
"ESCUELA NRO 681 ""INGENIERO ANTONIO ARCOS""";CAMPO MASSONI;SAN CRISTOBAL
"ESCUELA NRO 716 ""GENERAL JOSE MARIA PAZ""";LA LUCILA;SAN CRISTOBAL
"ESCUELA NRO 744 ""PABLO PIZZURNO""";LAS PALMERAS;SAN CRISTOBAL
"ESCUELA NRO 745 ""GENERAL MARIANO NECOCHEA""";COLONIA ROSA;SAN CRISTOBAL
"ESCUELA NRO 784 ""COMANDANTE MANUEL PATRICIO ROJAS""";MARIA EUGENIA;SAN CRISTOBAL
"ESCUELA NRO 852 ""CELEDONIO DE ESCALADA Y PALACIOS""";SAN GUILLERMO;SAN CRISTOBAL
"ESCUELA NRO 878 ""COMANDANTE MANUEL ROJAS""";CAMPO MOTTURA;SAN CRISTOBAL
"ESCUELA NRO 920 ""GRANADERO JUAN BAUTISTA BAIGORRIA""";CAMPO THEILER;SAN CRISTOBAL
"ESCUELA NRO 922 ""FRAY JUSTO SANTA MARIA DE ORO""";SAN CRISTOBAL;SAN CRISTOBAL
"ESCUELA NRO 923 ""MARTIN MIGUEL DE GUEMES""";ESTANCIA SAN FRANCISCO;SAN CRISTOBAL
"ESCUELA NRO 924 ""LIBERTADOR GENERAL JOSE DE SAN MARTIN""";CAMPO MESHLER;SAN CRISTOBAL
"ESCUELA NRO 950 ""TOMAS GODOY CRUZ""";CAMPO BOTTO;SAN CRISTOBAL
"ESCUELA NRO 951 ""FRAY JUSTO SANTA MARIA DE ORO""";CAMPO MARENGO;SAN CRISTOBAL
"ESCUELA NRO 952 ""DOMINGO FAUSTINO SARMIENTO""";EL LUCERO;SAN CRISTOBAL
"ESCUELA NRO 975 ""JOSE VITO OROÑO""";CERES;SAN CRISTOBAL
"ESCUELA NRO 976 ""SEVERO GARCIA DE ZEQUEIRA""";COLONIA ALVARO IZTUETA;SAN CRISTOBAL
"ESCUELA NRO 995 ""JUAN BAUTISTA ALBERDI""";CAMPO BESSONE;SAN CRISTOBAL
"ESCUELA NRO 996 ""GUILLERMO ROBERTSON""";COLONIA ALCORTA;SAN CRISTOBAL
"ESCUELA NRO 1022 ""DOMINGO FAUSTINO SARMIENTO""";CAPIVARA;SAN CRISTOBAL
"ESCUELA NRO 1037 ""PROFESOR JUAN MANTOVANI""";CAMPO MINETTI;SAN CRISTOBAL
"ESCUELA NRO 1038 ""GENERAL MANUEL BELGRANO""";SUARDI;SAN CRISTOBAL
"ESCUELA NRO 1039 ""ALFREDO EDUARDO CERNADAS""";LA CHRISTIANI;SAN CRISTOBAL
"ESCUELA NRO 1083 ""GENERAL MANUEL BELGRANO""";COLONIA ADOLFO ALSINA;SAN CRISTOBAL
"ESCUELA NRO 1096 ""DOMINGO FAUSTINO SARMIENTO""";LOS TREBOLARES;SAN CRISTOBAL
"ESCUELA NRO 1103 ""FUERTE SOLEDAD""";CERES;SAN CRISTOBAL
"ESCUELA NRO 1134 ""ALMAFUERTE""";COLONIA ALGARROBAL;SAN CRISTOBAL
"ESCUELA NRO 1156 ""JUAN JOSE PASO""";LA GLORIA;SAN CRISTOBAL
"ESCUELA NRO 1329 ""SARGENTO BUSTAMANTE""";SOLEDAD;SAN CRISTOBAL
ESCUELA NRO 1395;LAS AVISPAS;SAN CRISTOBAL
"ESCUELA NRO 6007 ""GABRIELA MISTRAL""";CAMPO NARI;SAN CRISTOBAL
"ESCUELA NRO 6025 ""FORTIN ÑANDUCITA""";ÑANDUCITA;SAN CRISTOBAL
"ESCUELA NRO 6041 ""NEUQUEN""";SAN GUILLERMO;SAN CRISTOBAL
"ESCUELA NRO 6042 ""25 DE MAYO""";HUANQUEROS;SAN CRISTOBAL
"ESCUELA NRO 6043 ""CONSTANCIO C. VIGIL""";MONIGOTES;SAN CRISTOBAL
"ESCUELA NRO 6054 ""VICENTE LOPEZ""";MOISES VILLE;SAN CRISTOBAL
"ESCUELA NRO 6062 ""FRANCISCO RAMIREZ""";PALACIOS;SAN CRISTOBAL
"ESCUELA NRO 6084 ""ARTURO CAPDEVILA""";COLONIA BOSSI;SAN CRISTOBAL
"ESCUELA NRO 6097 ""ALMAFUERTE""";COLONIA ROSA;SAN CRISTOBAL
"ESCUELA NRO 6121 ""DOLORES DABAT""";CONSTANZA;SAN CRISTOBAL
"ESCUELA NRO 6124 ""PEDRO DE VEGA""";CERES;SAN CRISTOBAL
"ESCUELA NRO 6125 ""GOBERNACION DE RIO NEGRO""";HERSILIA;SAN CRISTOBAL
"ESCUELA NRO 6126 ""RIO PARANA""";PORTUGALETE;SAN CRISTOBAL
"ESCUELA NRO 6128 ""MALVINAS ARGENTINAS""";CAMPO BURKETT;SAN CRISTOBAL
"ESCUELA NRO 6129 ""MAESTRO CLELIO PEDRO VILLAVERDE""";AMBROSETTI;SAN CRISTOBAL
"ESCUELA NRO 6131 ""MARIA BOLIS DE CATTANEO""";COLONIA ANA;SAN CRISTOBAL
"ESCUELA NRO 6141 ""DOMINGO FAUSTINO SARMIENTO""";SUARDI;SAN CRISTOBAL
"ESCUELA NRO 6142 ""CRUZ ROJA ARGENTINA""";SANTURCE;SAN CRISTOBAL
"ESCUELA NRO 6152 ""ANTONIO SARALEGUI""";VILLA SARALEGUI;SAN CRISTOBAL
"ESCUELA NRO 6165 ""JUANA M. DE CORBAT""";LA RUBIA;SAN CRISTOBAL
"ESCUELA NRO 6168 ""BRIGADIER GENERAL ESTANISLAO LOPEZ""";COSTA DEL SALADO;SAN CRISTOBAL
"ESCUELA NRO 6189 ""CORONEL JUAN PASCUAL PRINGLES""";COLONIA BOSSI;SAN CRISTOBAL
"ESCUELA NRO 6220 ""MARTIN FIERRO""";DOS ROSAS Y LA LEGUA;SAN CRISTOBAL
"ESCUELA NRO 6276 ""GENERAL DON JOSE DE SAN MARTIN""";AGUARA GRANDE;SAN CRISTOBAL
"ESCUELA NRO 6307 ""MARIANO MORENO""";COLONIA RIPAMINTI;SAN CRISTOBAL
"ESCUELA NRO 6320 ""HORACIO QUIROGA""";CONDOR;SAN CRISTOBAL
"ESCUELA NRO 6321 ""GENERAL MARTIN MIGUEL DE GUEMES""";COLONIA BOSSI;SAN CRISTOBAL
"ESCUELA NRO 6327 ""JOSE HERNANDEZ""";COLONIA MALLMANN;SAN CRISTOBAL
"ESCUELA NRO 6337 ""JOSEFINA MARIA RUIZ SARALEGUI DE SOLER""";ESTANCIA LA IFIGENIA;SAN CRISTOBAL
"ESCUELA NRO 6350 ""GUSTAVO MARTINEZ ZUVIRIA""";CAPIVARA;SAN CRISTOBAL
"ESCUELA NRO 6356 ""MANUEL DE SARRATEA""";PALACIOS;SAN CRISTOBAL
"ESCUELA NRO 6363 ""MARCOS SASTRE""";ESTANCIA LA CONSTANCIA;SAN CRISTOBAL
C.E.R. NRO 63;ESTANCIA LOS PINOS;SAN CRISTOBAL
C.E.R. NRO 93;CERES;SAN CRISTOBAL
"C.E.R. NRO 157 ""RICARDO FOSTER""";EL SIMBOL;SAN CRISTOBAL
C.E.R. NRO 168;CAMPO PAULON;SAN CRISTOBAL
"C.E.R. NRO 202 ""JOSE PEDRONI""";ESTANCIA LA DORA;SAN CRISTOBAL
"C.E.R. NRO 223 ""MERCEDITAS DE SAN MARTIN""";SAN RAFAEL;SAN CRISTOBAL
"C.E.R. NRO 237 ""SANTA CATALINA""";ACHAVAL RODRIGUEZ;SAN CRISTOBAL
"C.E.R. NRO 238 ""MARTIN MIGUEL DE GUEMES""";CAMPO EL MATACO;SAN CRISTOBAL
"C.E.R. NRO 258 ""JOSE HERNANDEZ""";COLONIA ALCORTA;SAN CRISTOBAL
"C.E.R. NRO 266 ""INGENIERO JOSE ALVAREZ CONDARCO""";VISCACHERA;SAN CRISTOBAL
"C.E.R. NRO 274 ""BRIGADIER GENERAL ESTANISLAO LOPEZ""";COLONIA EL PARAGUAYCITO;SAN CRISTOBAL
"C.E.R. NRO 277 ""EDMUNDO DE AMICIS""";EL TIGRE;SAN CRISTOBAL
C.E.R. NRO 293;LA ESPERANZA;SAN CRISTOBAL
"C.E.R. NRO 305 ""DOMINGO FAUSTINO SARMIENTO""";COLONIA LA CLARA;SAN CRISTOBAL
"C.E.R. NRO 341 ""GENERAL JOSE DE SAN MARTIN""";CAMPO CAFFARO;SAN CRISTOBAL
"C.E.R. NRO 342 ""MANUEL BELGRANO""";CAMPO DAVICINO;SAN CRISTOBAL
"C.E.R. NRO 347 ""DOMINGO FAUSTINO SARMIENTO""";CAMPO GRILLO;SAN CRISTOBAL
"C.E.R. NRO 363 ""GENERAL MANUEL BELGRANO""";CAMPO LA AURORA;SAN CRISTOBAL
"C.E.R. NRO 397 ""LA SIMONA""";SAN JOSE;SAN CRISTOBAL
"C.E.R. NRO 423 ""FLORIAN PAUCKE""";EL COLONIAL;SAN CRISTOBAL
"C.E.R. NRO 424 ""GENERAL SAN MARTIN""";LA CECILIA;SAN CRISTOBAL
"C.E.R. NRO 426 ""PRESBITERO JUAN A. BAUZA""";LA ESPERANZA;SAN CRISTOBAL
"C.E.R. NRO 495 ""GENERAL SAN MARTIN""";CAMPO SABENA;SAN CRISTOBAL
"C.E.R. NRO 514 ""GENERAL JOSÉ DE SAN MARTÍN""";CAPIVARA;SAN CRISTOBAL
"C.E.R. NRO 543 ""MANUEL BELGRANO""";HERSILIA;SAN CRISTOBAL
C.E.R. NRO 581;ESTANCIA LA POLVAREDA;SAN CRISTOBAL
C.E.R. NRO 589;MOISES VILLE;SAN CRISTOBAL
C.E.R. NRO 590;CAMPO DALMASSO;SAN CRISTOBAL
C.E.R. NRO 591;COLONIA RIPAMONTI;SAN CRISTOBAL
C.E.R. NRO 592;VILLA SARALEGUI;SAN CRISTOBAL
C.E.R. NRO 608;AGUARA GRANDE;SAN CRISTOBAL
C.E.R NRO 609;MONTE LAS AVISPAS NEGRAS;SAN CRISTOBAL
C.E.R. NRO 610;COLONIA MUCHTNICK;SAN CRISTOBAL
C.E.R NRO 611;SOLEDAD;SAN CRISTOBAL
"ESCUELA ESPECIAL NRO 2029 ""DOCTOR HECTOR CORVI""";SAN CRISTOBAL;SAN CRISTOBAL
ESCUELA ESPECIAL NRO 2039;CERES;SAN CRISTOBAL
ESCUELA ESPECIAL 2091;SAN GUILLERMO;SAN CRISTOBAL
"TALLER DE EDUCACION MANUAL NRO 16 ""18 DE JULIO DE 1994""";MOISES VILLE;SAN CRISTOBAL
TALLER DE EDUCACION MANUAL NRO 17;CERES;SAN CRISTOBAL
"TALLER DE EDUCACION MANUAL NRO 19 ""PABLO PIZZURNO""";SAN CRISTOBAL;SAN CRISTOBAL
TALLER DE EDUCACION MANUAL NRO 20;SAN CRISTOBAL;SAN CRISTOBAL
"TALLER DE EDUCACION MANUAL NRO 183 ""SAN FRANCISCO DE ASIS""";HUANQUEROS;SAN CRISTOBAL
CENTRO DE EDUCACION FISICA 39 REGION IX;SAN CRISTOBAL;SAN CRISTOBAL
CENTRO DE EDUCACION FISICA NRO 40;CERES;SAN CRISTOBAL
PLANTA CAMPAMENTIL NRO 7506;HUANQUEROS;SAN CRISTOBAL
N.R.E.S. ORIENTADA NRO 1308;CAMPO DAVICINO;SAN CRISTOBAL
N.R.E.S. ORIENTADA NRO 1339;ÑANDUCITA;SAN CRISTOBAL
N.R.E.S. ORIENTADA NRO 1491;COLONIA LA CLARA;SAN CRISTOBAL
N.R.E.S. ORIENTADA NRO 1500;MONTE OSCURIDAD;SAN CRISTOBAL
N.R.E.S. ORIENTADA NRO 1609;CONDOR;SAN CRISTOBAL
N.R.E.S.ORIENTADA NRO 1610;EL LUCERO;SAN CRISTOBAL
N.R.E.E.S.ORIENTADA NRO 1611;ESTANCIA SAN FRANCISCO;SAN CRISTOBAL
N.R.E.S. ORIENTADA NRO 2308;CAMPO CAFFARO;SAN CRISTOBAL
N.R.E.S. ORIENTADA NRO 2491;ESTACION RINCON DEL QUEBRACHO;SAN CRISTOBAL
N.R.E.S. ORIENTADA NRO 2500;CAMPO THEILER;SAN CRISTOBAL
N.R.E.S ORIENTADA NRO 2609;LAS PALMERAS;SAN CRISTOBAL
N.R.E.E.S.ORIENTADA NRO 2610;COSTA DEL SALADO;SAN CRISTOBAL
N.R.E.S. ORIENTADA NRO 3308;AMBROSETTI;SAN CRISTOBAL
N.R.E.S. ORIENTADA NRO 3339;CONSTANZA;SAN CRISTOBAL
N.R.E.S. ORIENTADA NRO 3491;VILLA SARALEGUI;SAN CRISTOBAL
N.R.E.S. ORIENTADA NRO 3500;SUARDI;SAN CRISTOBAL
N.R.E.S. ORIENTADA NRO 4308;LA RUBIA;SAN CRISTOBAL
N.R.E.S. ORIENTADA NRO 4339;CAPIVARA;SAN CRISTOBAL
N.R.E.S. ORIENTADA NRO 4500;COLONIA BOSSI;SAN CRISTOBAL
"E.E.S. ORIENTADA NRO 223 ""JOSE V. OROÑO""";SAN CRISTOBAL;SAN CRISTOBAL
"E.E.S. ORIENTADA NRO 245 ""SARGENTO JUAN BAUTISTA CABRAL""";ARRUFO;SAN CRISTOBAL
"E.E.S. ORIENTADA NRO 255 ""MALVINAS ARGENTINAS""";HERSILIA;SAN CRISTOBAL
"E.E.S. ORIENTADA NRO 268 ""MARTÍN MIGUEL DE GÜEMES""";VILLA TRINIDAD;SAN CRISTOBAL
"E.E.S. ORIENTADA NRO 345 ""PADRE HUMBERTO THELEN""";HUANQUEROS;SAN CRISTOBAL
E.E.S. ORIENTADA NRO 490;COLONIA ROSA;SAN CRISTOBAL
E.E.S.O. NRO 609;CURUPAYTI;SAN CRISTOBAL
E.E.S.O. NRO 610;AGUARA GRANDE;SAN CRISTOBAL
E.E.S.O. NRO 611;LA CABRAL;SAN CRISTOBAL
"E.E. TÉCNICO PROFESIONAL NRO 274 ""SOLDADOS ARGENTINOS""";MOISES VILLE;SAN CRISTOBAL
"E.E. TÉCNICO PROFESIONAL NRO 308 ""MALVINAS ARGENTINAS""";CERES;SAN CRISTOBAL
"E.E. TÉCNICO PROFESIONAL NRO 339 ""MODALIDAD AGROTÉCNICA""";SAN CRISTOBAL;SAN CRISTOBAL
E.E. TÉCNICO PROFESIONAL NRO 491;SOLEDAD;SAN CRISTOBAL
E.E. TÉCNICO PROFESIONAL NRO 492;SAN GUILLERMO;SAN CRISTOBAL
E.E. TÉCNICO PROFESIONAL NRO 500;SUARDI;SAN CRISTOBAL
"E.E.S. ORIENTADA NRO 418 ""GENERAL SAN MARTÍN""";CERES;SAN CRISTOBAL
"E.E.S. ORIENTADA NRO 426 ""DOMINGO FAUSTINO SARMIENTO""";MOISES VILLE;SAN CRISTOBAL
"E.E. TÉCNICO PROFESIONAL NRO 453 ""BRIGADIER ESTANISLAO LÓPEZ""";CERES;SAN CRISTOBAL
"E.E. TÉCNICO PROFESIONAL NRO 474 ""TAMBOR DE TACUARÍ""";SAN CRISTOBAL;SAN CRISTOBAL
"ESCUELA NORMAL SUPERIOR NRO 40 ""MARIANO MORENO""";SAN CRISTOBAL;SAN CRISTOBAL
GRADO RADIAL III - ESCUELA NOCTURNA NRO 14;VILLA SARALEGUI;SAN CRISTOBAL
GRADO RADIAL II - ESCUELA NOCTURNA NRO 14;SOLEDAD;SAN CRISTOBAL
"ESCUELA NOCTURNA NRO 14 ""DOMINGO FAUSTINO SARMIENTO""";SAN CRISTOBAL;SAN CRISTOBAL
"E.E.M.P.A. NRO 1093 ""JOSE PEDRONI""";SAN GUILLERMO;SAN CRISTOBAL
"E.E.M.P.A. NRO 1219 ""JOAQUIN DEL RIO""";HERSILIA;SAN CRISTOBAL
"E.E.M.P.A. NRO 1236 ""DOCTOR RENE FAVALORO""";CERES;SAN CRISTOBAL
E.E.M.P.A. NRO 1266;SUARDI;SAN CRISTOBAL
"ANEXO I - E.E.M.P.A. NRO 1093 ""JOSE PEDRONI""";VILLA TRINIDAD;SAN CRISTOBAL
"ANEXO E.E.M.P.A. NRO 1219 ""JOAQUIN DEL RIO""";ARRUFO;SAN CRISTOBAL
ANEXO E.E.M.P.A. NRO 1226;MOISES VILLE;SAN CRISTOBAL
"C.E.C.LA. NRO 2 ""DOMINGO FAUSTINO SARMIENTO""";SAN CRISTOBAL;SAN CRISTOBAL
C.E.P.A. NRO 17;MOISES VILLE;SAN CRISTOBAL
C.E.P.A. NRO 101;SAN GUILLERMO;SAN CRISTOBAL
C.E.P.A. NRO 106;CERES;SAN CRISTOBAL
C.E.P.A. NRO 171;VILLA TRINIDAD;SAN CRISTOBAL
INSTITUTO SUPERIOR DEL PROFESORADO NRO 26;CERES;SAN CRISTOBAL
"JARDIN DE INFANTES NRO 1179 ""MARGARITA A. DE PAUTASSO""";SANTA FE;LA CAPITAL
"JARDIN PART.INC. NRO 1201 ""NUESTRA SEÑORA DE FATIMA""";TACURAL;CASTELLANOS
"JARDIN DE INFANTES NRO 1207 ""DOCTORA SARA FAISAL""";SANTA FE;LA CAPITAL
"GRADO RADIAL NRO II-JARDIN DE INFANTES NRO 1213 ""SAN CARLOS""";SUNCHALES;CASTELLANOS
"GRADO RADIAL I - JARDIN DE INFANTES NRO 1213 ""SAN CARLOS""";SUNCHALES;CASTELLANOS
"JARDIN DE INFANTES NRO 1213 ""SAN CARLOS""";SUNCHALES;CASTELLANOS
"JARDIN DE INFANTES NRO 1215 ""CEFERINO NAMUNCURA""";SANTA FE;LA CAPITAL
"JARDIN DE INFANTES PART.INC. Nº1219 ""JUAN BAUTISTA ALBERDI""";ELISA;LAS COLONIAS
"JARDIN DE INFANTES NRO 1227 ""SAN PABLO""";SANTA FE;LA CAPITAL
"JARDIN PART.INCORP. NRO 1235 ""SAN JOSE ADORATRICES""";SANTA FE;LA CAPITAL
"JARDIN DE INF. PART. INC. NRO 1240 ""BEATO LUIS MARÍA MONTI""";SANTA FE;LA CAPITAL
"JARDIN INFANTES PARTICULAR NRO 1243 ""DON BOSCO""";SANTA FE;LA CAPITAL
ANEXO I - JARDIN PARTICULAR INCORPORADO NRO 1253;SANTA FE;LA CAPITAL
"JARDIN PART. INC. NRO 1253 ""AMABILE DI BIN DE DUSSO""";SANTA FE;LA CAPITAL
"JARDIN DE INFANTES PARTICULAR INC. NRO 1256 ""SAN JUAN PABLO II""";SANTA FE;LA CAPITAL
"JARDIN DE INFANTES PART. INC. NRO 1263 ""SANTA MARIA GORETTI""";SANTA FE;LA CAPITAL
"JARDIN DE INF. PART. INC. NRO 1264 ""SAN ROQUE""";SANTA FE;LA CAPITAL
"JARDIN DE INFANTES PART. INC. NRO 1267 ""LA SALLE JOBSON""";SANTA FE;LA CAPITAL
"JARDIN DE INF.PART.INC. NRO 1268 ""JESUS SACRAMENTADO""";SANTA FE;LA CAPITAL
"JARDIN DE INF. PART. INC. NRO 1274 ""ALIANZA FRANCESA""";SANTA FE;LA CAPITAL
"JARDIN DE INF. PART. INC. NRO 1276 ""SAN JOSE""";SUNCHALES;CASTELLANOS
"JARDIN DE INF. PART. INC. NRO 1293 ""SAN JOSÉ""";ESPERANZA;LAS COLONIAS
"JARDIN PARTICULAR INCORPORADO NRO 1299 ""SAN JOSE""";RAFAELA;CASTELLANOS
"JARDIN PART.INC. NRO 1306 ""DE LA INMACULADA CONCEPCION""";SANTA FE;LA CAPITAL
"JARDIN PART. INC. NRO 1322 ""VIRGEN DEL ROSARIO""";SANTA FE;LA CAPITAL
"JARDIN PART. INC. NRO 1332 ""SAN MARTIN DE PORRES""";SAN CRISTOBAL;SAN CRISTOBAL
"JARDIN PART. INC. NRO 1333 ""SAGRADO CORAZON DE JESUS""";SANTA FE;LA CAPITAL
"JARDIN DE INF. PART. INC. NRO 1339 ""SANTISIMA VIRGEN NIÑA""";VILLA OCAMPO;GENERAL OBLIGADO
"AULA RADIAL I-JARDIN NRO 1364""MADRE DE LA DIVINA PROVIDENCIA";SANTA FE;LA CAPITAL
"JARDIN DE INFANTES PARTICULAR INC. NRO 1364 ""SANTA LUCIA""";SANTA FE;LA CAPITAL
"JARDIN PART.INC. NRO 1368 ""MARIA INMACULADA""";SANTA FE;LA CAPITAL
"JARDIN PART. INC. NRO 1369 ""LEONARDO DA VINCI""";SANTA FE;LA CAPITAL
"JARDIN PART.INC. NRO 1400 ""NUESTRA SEÑORA DE COVADONGA""";SANTA FE;LA CAPITAL
"JARDIN PART.INC. NRO 1437 ""INMACULADA CONCEPCION""";ROMANG;SAN JAVIER
"JARDIN DE INF.PART.INC. NRO 1446 ""CRECER SANTO TOME""";SANTO TOME;LA CAPITAL
"JARDIN PART.INC. NRO 1448 ""CRISTO OBRERO""";SANTA FE;LA CAPITAL
"JARDIN DE INFANTES PARTIC.INCORP.NRO 1452 ""SAN JOSE""";SAN JERONIMO NORTE;LAS COLONIAS
"NUCLEO I-JARDIN DE INFANTES PART.INC. 1453 ""SAN JOSE""";SANTA FE;LA CAPITAL
"JARDIN DE INFANTES PARTICULAR INC. NRO 1453 ""SAN JOSE""";SANTA FE;LA CAPITAL
"JARDIN DE INFANTES PART. INC. NRO 1454 ""DOCTOR OSCAR ABDALA""";SANTA FE;LA CAPITAL
"JARDIN DE INF.PART.INC. NRO 1455 ""SANTA RITA DE CASIA""";SANTA FE;LA CAPITAL
"JARDIN DE INFANTES PART. INC. NRO 1459 ""JUAN MARCOS""";SANTA FE;LA CAPITAL
"JARDIN DE INFANTES NRO 1465 ""SANTA CATALINA DE SIENA""";SAN GUILLERMO;SAN CRISTOBAL
"JARDIN DE INFANTES NRO 1467 ""SANTISIMA VIRGEN NIÑA""";LAS TOSCAS;GENERAL OBLIGADO
"JARDIN DE INFANTES NRO 1470 ""ANTONIA MARIA VERNA""";SANTA FE;LA CAPITAL
"JARDIN DE INFANTES NRO 1471 ""NIÑO JESUS""";LAGUNA PAIVA;LA CAPITAL
"JARDIN DE INFANTES NRO 1473 ""SANTA MARTA""";PILAR;LAS COLONIAS
"JARDIN DE INFANTES NRO 1474 ""SANTA MARIA DE LOS ANGELES""";MARIA JUANA;CASTELLANOS
"JARDIN DE INFANTES NRO 1475 ""SAGRADO CORAZON""";CARLOS PELLEGRINI;SAN MARTIN
"JARDIN DE INFANTES NRO 1476 ""NUESTRA SEÑORA DE LA MERCED""";AVELLANEDA;GENERAL OBLIGADO
"JARDIN DE INFANTES NRO 1477 ""SAN JOSE""";NELSON;LA CAPITAL
"GRADO RADIAL NºI-JARDIN DE INFANTES Nº1478 ""NTRA SRA SONRISA""";SANTO TOME;LA CAPITAL
"JARDIN DE INFANTES NRO 1478 ""NUESTRA SEÑORA DE LA PAZ""";SANTO TOME;LA CAPITAL
"JARDIN DE INFANTES PART.INC. NRO 1481 ""PADRE PEDRO BONHOMME""";GALVEZ;SAN JERONIMO
"JARDIN DE INFANTES PART.INC. NRO 1482 ""INMACULADA CONCEPCION";VERA;VERA
"JARDIN DE INFANTES PART.INC.NRO 1483 ""SAN JOSE""";HUMBOLDT;LAS COLONIAS
"JARDIN DE INFANTES PART.INC. NRO 1484 ""SAN JOSE""";RECONQUISTA;GENERAL OBLIGADO
"JARDIN DE INFANTES NRO 1490 ""CENTRO EDUCATIVO JERARQUICOS""";SANTA FE;LA CAPITAL
"JARDIN DE INFANTES PART.INCORP.NRO 1491 ""NUESTRA SEÑORA DE LOS SIN TECHO""";SANTA FE;LA CAPITAL
"JARDIN DE INFANTES PARTICULAR INCORPORADO NRO 1492 ""DIVINO NIÑO""";SANTA FE;LA CAPITAL
"JARDIN DE INFANTES PART. INC. NRO 1495 ""AMELIA ANA AGUSTINI DE VICENTIN""";AVELLANEDA;GENERAL OBLIGADO
"ESCUELA PART. INC. NRO 1001 ""SAN FRANCISCO""";SANTA FE;LA CAPITAL
"ESCUELA PART. NRO 1003 ""NUESTRA SEÑORA DEL HUERTO""";SANTA FE;LA CAPITAL
"ESCUELA PART. INC. NRO 1008 ""SAN JOSE""";SAN JERONIMO NORTE;LAS COLONIAS
"ESC. PARTIC. INCORP. NRO 1009 ""SAN JOSE ADORATRICES";SANTA FE;LA CAPITAL
"ESCUELA PART. INC. NRO 1010 ""SAGRADO CORAZON DE JESUS""";SANTA FE;LA CAPITAL
"ESCUELA PARTICULAR INCORPORADA NRO 1011 ""SAN JOSE""";HUMBOLDT;LAS COLONIAS
"ESCUELA PART. INC. NRO 1013 ""SAN JOSE""";ESPERANZA;LAS COLONIAS
"ESCUELA PART. INC. NRO 1019 ""NUESTRA SEÑORA DEL HUERTO""";ESPERANZA;LAS COLONIAS
"ESCUELA PART. INC. NRO 1021 ""SAGRADO CORAZON DE JESUS""";SAN JORGE;SAN MARTIN
"ESCUELA PART.INC.Nº1025 ""NUESTRA SEÑORA DE LA MISERICORDIA""";RAFAELA;CASTELLANOS
"ESCUELA PART. INC. NRO 1031 ""SAN FRANCISCO DE ASIS""";SASTRE;SAN MARTIN
"ESCUELA PART. INC. NRO 1033 ""SAN JOSE""";RECONQUISTA;GENERAL OBLIGADO
"ESCUELA PART. INC. NRO 1034 ""LA SALLE JOBSON""";SANTA FE;LA CAPITAL
"ESCUELA PART. INC. NRO 1035 ""NUESTRA SEÑORA DE GUADALUPE""";SANTA FE;LA CAPITAL
"ESCUELA PART. INC. NRO 1038 ""NUESTRA SEÑORA DEL CALVARIO""";SANTA FE;LA CAPITAL
"ESCUELA PART. INC. NRO 1042 ""SAGRADA FAMILIA""";SANTA FE;LA CAPITAL
"ESCUELA PART. INC. NRO 1043 ""SAN JOSE""";SUNCHALES;CASTELLANOS
"ESCUELA PART. INC. NRO 1050 ""SAN JOSE""";SANTA FE;LA CAPITAL
"ESCUELA PART. INC. NRO 1051 ""SANTA MARTA""";PILAR;LAS COLONIAS
"ESCUELA PART. INC. NRO 1055 ""CORAZON DE JESUS""";SAN CARLOS CENTRO;LAS COLONIAS
"ESCUELA PART. INC. NRO 1056 ""SAN JUAN BAUTISTA""";VERA;VERA
"ESCUELA PART. INC. NRO 1060 ""LA INMACULADA""";ZENON PEREYRA;CASTELLANOS
"ESCUELA PART. INC. NRO 1061 ""INMACULADA CONCEPCION""";VERA;VERA
"ESCUELA PARTIC.INC. NRO 1066 ""SANTA MARIA DE LOS ANGELES""";MARIA JUANA;CASTELLANOS
"ESCUELA PART.INC. NRO 1071 ""NUESTRA SEÑORA DE LOURDES""";AVELLANEDA;GENERAL OBLIGADO
"ESCUELA PART. INC. NRO 1073 ""SAGRADO CORAZON DE JESUS""";CARLOS PELLEGRINI;SAN MARTIN
"ESCUELA PART. INC. NRO 1075 ""25 DE MAYO""";RAFAELA;CASTELLANOS
"ESCUELA PARTICULAR INCORPORADO NRO 1088 ""SANTA CLARA""";SANTA CLARA DE SAGUIER;CASTELLANOS
"ESCUELA PART. INC. NRO 1089 ""SANTA CATALINA DE SIENA""";SAN GUILLERMO;SAN CRISTOBAL
"ESCUELA PART. INC. NRO 1091 ""SANTA TERESITA DEL NIÑO JESUS""";HERSILIA;SAN CRISTOBAL
"ESCUELA PARTICULAR INCORPORADA NRO 1094 ""SAGRADA FAMILIA""";CERES;SAN CRISTOBAL
"ESCUELA PART.INC.NRO 1095 ""NUESTRA SEÑORA DE LA MISERICORDIA";BARRANCAS;SAN JERONIMO
"ESCUELA PART. INC. NRO 1096 ""SANTO DOMINGO""";SAN CRISTOBAL;SAN CRISTOBAL
"ESCUELA PART. INC. NRO 1098 ""NUESTRA SEÑORA DE LA MERCED""";AVELLANEDA;GENERAL OBLIGADO
"ESCUELA PART. INC. NRO 1100 ""SAN JOSE""";SANTA FE;LA CAPITAL
"ESCUELA PART. INC. NRO 1102 ""DON BOSCO""";SANTA FE;LA CAPITAL
"ESCUELA PART.INC.NRO 1107 ""URBANO DE IRIONDO DEL NIÑO JESUS""";SAN JUSTO;SAN JUSTO
"ESCUELA PARTICULAR INCORPORADA NRO 1108 ""SAN JOSE""";RAFAELA;CASTELLANOS
"ESCUELA PART. INC. NRO 1109 ""SANTISIMA VIRGEN NIÑA""";VILLA OCAMPO;GENERAL OBLIGADO
"ESCUELA PART.INC.NRO 1116 ""BEATO LUIS MARÍA MONTI""";SANTA FE;LA CAPITAL
"ESCUELA PART. INC. NRO 1121 ""SAN JOSE""";SAN JAVIER;SAN JAVIER
"ESCUELA PART. INC. NRO 1123 ""ANTONIA MARIA VERNA""";SANTA FE;LA CAPITAL
"ESCUELA PART. INC. NRO 1124 ""SANTISIMA VIRGEN NIÑA""";LAS TOSCAS;GENERAL OBLIGADO
"ESCUELA PART. INC. NRO 1125 ""NUESTRA SEÑORA DEL CALVARIO""";LLAMBI CAMPBELL;LA CAPITAL
"ESCUELA PART. INC. NRO 1126 ""NIÑO JESUS""";GOBERNADOR CRESPO;SAN JUSTO
"ESCUELA PART. INC. NRO 1128 ""NUESTRA SEÑORA DE GUADALUPE""";MALABRIGO;GENERAL OBLIGADO
"ESCUELA PART.INCORP. NRO 1129 ""INMACULADA CONCEPCION""";ROMANG;SAN JAVIER
"ESCUELA NRO 1132 ""CRISTO OBRERO""";SANTA FE;LA CAPITAL
"ESCUELA PART. INC. NRO 1133 ""FRANCISCO RAMOS MEJIA""";SANTA FE;LA CAPITAL
"ESCUELA PART.INC. NRO 1134 ""NUESTRA SEÑORA DE GUADALUPE""";CALCHAQUI;VERA
"ESCUELA PART. INC. NRO 1135 ""PBRO ALCIDES CARLOS FRENCIA""";LAGUNA PAIVA;LA CAPITAL
"ESCUELA PART. INC. NRO 1136 ""SAN JOSE""";TOSTADO;9 DE JULIO
"ESCUELA PART.INC. NRO 1137 ""LA CIGUEÑA""";MARGARITA;VERA
"ESCUELA PART. INC. NRO 1138 ""SANTISIMA VIRGEN NIÑA""";FLORENCIA;GENERAL OBLIGADO
"ESCUELA NRO 1140 ""MONSEÑOR CARLOS MACAGNO""";SANTA FE;LA CAPITAL
"ESCUELA PART.INC. NRO 1141 ""SANTA MARTA""";COLONIA ALDAO;CASTELLANOS
"ESCUELA PART. INC. NRO 1144 ""SAN ROQUE""";SANTA FE;LA CAPITAL
"ESCUELA PART. INC. NRO 1145 ""NUESTRA SEÑORA DE LOURDES""";SANTA FE;LA CAPITAL
"ESCUELA PART.INC. NRO 1147 ""NUESTRA SEÑORA DE GUADALUPE""";SANTA FE;LA CAPITAL
"ESCUELA PART.INC. NRO 1149 ""NUESTRA SEÑORA DE LUJAN""";SANTA FE;LA CAPITAL
"ESCUELA PART. INC. NRO 1150 ""GENERAL MANUEL OBLIGADO""";VILLA OCAMPO;GENERAL OBLIGADO
"ESCUELA PARTICULAR INCORPORADA NRO 1152 ""SAN JOSE""";FELICIA;LAS COLONIAS
"ESCUELA PART. INC. NRO 1157 ""NUESTRA SEÑORA DEL CALVARIO""";GALVEZ;SAN JERONIMO
"ESCUELA PART. INC. NRO 1162 ""SAN ANTONIO DE PADUA""";SANTA FE;LA CAPITAL
"ESCUELA PART. INC. NRO 1168 ""MARIANO MORENO""";SAN GUILLERMO;SAN CRISTOBAL
"ESCUELA PART.INC.NRO 1169 ""NIÑO JESUS-AGUSTINOS RECOLETOS""";SANTA FE;LA CAPITAL
"ESCUELA PARTIC.INCORP. NRO 1170 ""SAN JOSE OBRERO""";NELSON;LA CAPITAL
"ESCUELA PART. INC. NRO 1174 ""SANTA LUCIA""";SANTA FE;LA CAPITAL
"ESCUELA PART. INC. NRO 1180 ""NUESTRA SEÑORA DE FATIMA""";SANTA FE;LA CAPITAL
"ESCUELA PART. INC. NRO 1196 ""SANTA ROSA DE LIMA""";SANTA FE;LA CAPITAL
"INSTITUTO NRO 1200 ""SAN JOSE""";SANTO TOME;LA CAPITAL
"ESCUELA PART.INC. NRO 1205 ""JAIM NAJMAN BIALIK""";SANTA FE;LA CAPITAL
"ESCUELA PART.INCORP. NRO 1211 ""SAN JOSE OBRERO""";FORTIN OLMOS;VERA
"GRADO RADIAL I - ESCUELA NRO 1224 ""NUESTRA SEÑORA DE ITATI";SANTA FE;LA CAPITAL
"ESCUELA PARTICULAR INC.NRO 1224 ""NUESTRA SEÑORA DE ITATI""";SANTA FE;LA CAPITAL
"ESCUELA PARTIC.INCORP. NRO 1225 ""CEFERINO NAMUNCURA""";SANTA FE;LA CAPITAL
"ESCUELA PART.INC. NRO 1244 ""DOCTOR OSCAR ABDALA""";SANTA FE;LA CAPITAL
"ESCUELA PARTICULAR INCORPORADA NRO 1258 ""CONCORDIA""";ROMANG;SAN JAVIER
"ESCUELA PART.INC. NRO 1259 ""DANTE ALIGHIERI""";SANTA FE;LA CAPITAL
"ESCUELA PARTICULAR INCORPORADA Nº 1287 ""SAN LUIS GONZAGA""";SANTA FE;LA CAPITAL
"ESCUELA PART. INC. NRO 1291 ""LEONARDO DA VINCI""";SANTA FE;LA CAPITAL
"ESCUELA PART. INC. NRO 1298 ""SEÑOR Y VIRGEN DEL MILAGRO""";SANTO TOME;LA CAPITAL
"GRADO RADIAL NRO I-ESCUELA NRO 1304 ""PAZ, PAN Y TRABAJO""";SANTA FE;LA CAPITAL
"ESCUELA PART.INC. NRO 1304 ""PAZ, PAN Y TRABAJO""";SANTA FE;LA CAPITAL
"ESCUELA PART. INC. NRO 1307 ""DOCTORA SARA FAISAL""";SANTA FE;LA CAPITAL
"ESCUELA PART. INC. NRO 1314 ""INMACULADA CONCEPCION""";SANTA FE;LA CAPITAL
"ESCUELA PART. INC. NRO 1331 ""ESCUELA DE LA PLAZA""";RAFAELA;CASTELLANOS
"ESCUELA PART. INCORPORADA NRO 1341 ""SANTA RITA DE CASIA""";SANTA FE;LA CAPITAL
"ESCUELA PARTICULAR INCORPORADA NRO 1342 ""JUAN MARCOS""";SANTA FE;LA CAPITAL
"ESCUELA PART.INCORPORADA NRO 1377 ""LA SALLE JOBSON""";SANTA FE;LA CAPITAL
"ESCUELA PART. INC. NRO 1384 ""DANTE ALIGHIERI""";RECONQUISTA;GENERAL OBLIGADO
"ESCUELA PARTICULAR INC.NRO 1385 ""LA CECILIA""";MONTE VERA;LA CAPITAL
"INSTITUTO PRIVADO NRO 1402 ""SAN JERONIMO""";RECONQUISTA;GENERAL OBLIGADO
"ESCUELA PART. INC. NRO 1408 ""COLEGIO VISION DE FUTURO""";SANTA FE;LA CAPITAL
"ESCUELA PART. INC. NRO 1409 ""COLEGIO DEL SOL""";GALVEZ;SAN JERONIMO
"ESCUELA PARTICULAR NRO 1411 ""NUESTRA SEÑORA DE COVADONGA""";SANTA FE;LA CAPITAL
"ESCUELA PARTICULAR INC.NRO 1412 ""NUESTRA SEÑORA DE LA PAZ""";SANTO TOME;LA CAPITAL
"ESCUELA PART. INC. NRO 1413 ""MONSEÑOR ALFONSO DURAN""";SANTA FE;LA CAPITAL
"ESC. PART. INC. NRO 1414 ""SAN ARNOLDO JANSSEN""";SANTA FE;LA CAPITAL
"ESCUELA PARTICULAR INCORPORADA NRO 1415 ""SANTA MONICA""";SANTA FE;LA CAPITAL
"ESCUELA PART. INC. NRO 1416 ""DOCTOR GILBERTO BELTRAMINO""";SANTA FE;LA CAPITAL
"ESCUELA PART.INC. NRO 1431 ""I.D.E.I. PILARES""";SAUCE VIEJO;LA CAPITAL
"ESCUELA PART.INC. NRO 1439 ""JESUS RESUCITADO""";SANTA FE;LA CAPITAL
"ESCUELA NRO 1440 ""JULIO MIGNO""";MONTE VERA;LA CAPITAL
"ESCUELA PART.INC. NRO 1441 ""ALBERTO MONTI""";SANTA FE;LA CAPITAL
"ESCUELA PART.INC. NRO 1456 ""SAN ANTONIO DE PADUA""";KILOMETRO 109;VERA
"ESCUELA PRIMARIA NRO 1486 ""LOS TRIGALES""";SAN JUSTO;SAN JUSTO
"ESCUELA PARTICULAR INCORPORADA NRO 1487 ""COMPLEJO EDUCATIVO IES""";SANTA FE;LA CAPITAL
GRADO RADIAL VI - ESCUELA PRIMARIA NRO 1493;SAN MARTIN NORTE;SAN JUSTO
GRADO RADIAL V - ESCUELA PRIMARIA NRO 1493;ESPIN;VERA
GRADO RADIAL IV - ESCUELA PRIMARIA NRO 1493;VILLA OCAMPO;GENERAL OBLIGADO
GRADO RADIAL III - ESCUELA PRIMARIA NRO 1493;ARROYO CEIBAL;GENERAL OBLIGADO
GRADO RADIAL II - ESCUELA PRIMARIA NRO 1493;INTIYACO;VERA
GRADO RADIAL I ESCUELA NRO 1493;MOUSSY;GENERAL OBLIGADO
"ESCUELA PRIMARIA NRO 1493 ""PADRE ANTONIO NAZARENO PERGOLESI""";VICTOR MANUEL 2;GENERAL OBLIGADO
"ESCUELA PARTICULAR AUTORIZADA NRO 1494 ""CENTRO EDUCATIVO JERARQUICO""";SANTA FE;LA CAPITAL
"ESCUELA PART. INC. NRO 1496 ""SAN MIGUEL ARCÁNGEL""";RECREO;LA CAPITAL
"ESCUELA PRIMARIA NOCTURNA NRO 1159 ""CEFERINO NAMUNCURA""";SANTA FE;LA CAPITAL
"ESCUELA ESPECIAL NRO 1248 ""HOGAR DE LA ESPERANZA""";AVELLANEDA;GENERAL OBLIGADO
"ESCUELA ESPECIAL NRO 1260 ""A.P.A.D.I.R.""";RAFAELA;CASTELLANOS
"ESCUELA ESPECIAL NRO 1281 ""CANDI""";SUNCHALES;CASTELLANOS
"ESCUELA ESPECIAL NRO 1305 ""NILS EBER""";SANTA FE;LA CAPITAL
"AULA RADIAL ESCUELA DE EDUCACION ESPECIAL PARTICULAR INCORPORADA NRO 1328 ""S.A.P.E.""";HUMBOLDT;LAS COLONIAS
"ESCUELA ESPECIAL NRO 1328 ""S.A.P.E.""";ESPERANZA;LAS COLONIAS
"ESCUELA ESPECIAL PARTICULAR INCORPORADA NRO 1410 ""CONCORDIA""";ROMANG;SAN JAVIER
"ESCUELA ESPECIAL PART. INC. NRO 1429 ""DOCTORA SARA FAISAL""";SANTA FE;LA CAPITAL
"E.E.S. ORIENTADA PART. INC. NRO 2020 ""SAN ISIDRO LABRADOR""";SANTA ROSA DE CALCHINES;GARAY
"E.E.S. ORIENTADA PART. INC. NRO 2027 ""JOSÉ MANUEL ESTRADA""";ESPERANZA;LAS COLONIAS
"E.E.S. ORIENTADA PART. INC. NRO 2035 ""SANTA ROSA DE LIMA""";SANTA FE;LA CAPITAL
"E.E.S. ORIENTADA PART. INC. NRO 2040""SANTA MARÍA DE LOS ANGELES""";MARIA JUANA;CASTELLANOS
"E.E.S. ORIENTADA PART. INC. NRO 2042 ""JESÚS RESUCITADO""";SANTA FE;LA CAPITAL
"E.E.S. ORIENTADA PART. INC. NRO 2044 ""SANTA ANA""";GESSLER;SAN JERONIMO
"E.E. TÉCNICO PROFESIONAL Y SECUNDARIA ORIENTADA PART. INC. NRO 2047 ""LOS COLONIZADORES""";SANTO DOMINGO;LAS COLONIAS
"E.E.S.O PART. INC. NRO 2052 ""DOCTOR ALCIDES EDGARDO RIVERO""";AMBROSETTI;SAN CRISTOBAL
"E.E.S. ORIENTADA PART. INC. NRO 2057 ""SAN JOSÉ DE CALASANZ""";MALABRIGO;GENERAL OBLIGADO
"E.E.S. ORIENTADA PART. INC. NRO 2067 ""OMAR ALBERTO RUPP""";SANTA FE;LA CAPITAL
"E.E.S. ORIENTADA PART. INC. NRO 3002 ""FRAY JUSTO SANTA MA. DE ORO""";ZENON PEREYRA;CASTELLANOS
"E.E.S. ORIENTADA PART. INC. NRO 3003 ""MARIANO MORENO""";MARGARITA;VERA
"E.E.S. ORIENTADA PART. INC. NRO 3015 ""SAN ROQUE""";SANTA FE;LA CAPITAL
"E.E.S. ORIENTADA PART. INC. NRO 3022 ""SETAC""";TACURAL;CASTELLANOS
"E.E.S. ORIENTADA PART. INC. NRO 3023 ""SAN JOSÉ DE CALAZANS""";RAMONA;CASTELLANOS
"E.E.S. ORIENTADA PART. INC. NRO 3025 ""CRISTO OBRERO""";SANTA FE;LA CAPITAL
"AULA RADIAL I-E.E.S.O.PART.INC.NRO 3028 ""INMACULADO CORAZON DE MARIA""";FRANK;LAS COLONIAS
"E.E.S. ORIENTADA PART. INC. NRO 3028 ""BEATO LUIS MARÍA MONTI""";SANTA FE;LA CAPITAL
"E.E.S. ORIENTADA PART. INC. NRO 3044 CRISTIANA EVANGÉLICA ""DOCTOR OSCAR ABDALA""";SANTA FE;LA CAPITAL
"E.E.S. ORIENTADA PART. INC. NRO 3045 ""JAIM NAJMAN BIALIK""";SANTA FE;LA CAPITAL
"E.E.S. ORIENTADA PART. INC. NRO 3046 ""SANTA CATALINA DE SIENA""";SAN GUILLERMO;SAN CRISTOBAL
"E.E.S. ORIENTADA PART. INC. NRO 3048 ""FRANCISCO RAMOS MEJÍA""";SANTA FE;LA CAPITAL
"E.E.S. ORIENTADA PART. INC. NRO 3053 ""SAN FRANCISCO JAVIER""";SAN JAVIER;SAN JAVIER
"E.E.S. ORIENTADA PART. INC. NRO 3059 ""NUESTRA SEÑORA DE FÁTIMA""";SANTA FE;LA CAPITAL
"E.E.S. ORIENTADA PART. INC. NRO 3071 ""LA INMACULADA""";SANTO TOME;LA CAPITAL
"E.E.S. ORIENTADA PART. AUT. NRO 3079 ""I.C.E.S.""";SUNCHALES;CASTELLANOS
"E.E.S. ORIENTADA PART. INC. NRO 3083 ""DANTE ALIGHIERI""";SANTA FE;LA CAPITAL
"E.E.S. ORIENTADA PART. INC. NRO 3084 ""INSTITUTO ARQUIDIOCESANO SAN JOSÉ""";SANTA FE;LA CAPITAL
"E.E.S. ORIENTADA PART. INC. NRO 3087 ""SAN JOSÉ ADORATRICES""";SANTA FE;LA CAPITAL
"E.E.S. ORIENTADA PART. INC. NRO 3091 ""ESCUELA DE LA PLAZA""";RAFAELA;CASTELLANOS
"E.E.S. ORIENTADA PART. INC. NRO 3098 ""JUAN MARCOS""";SANTA FE;LA CAPITAL
"E.E.S. ORIENTADA PART. INC. NRO 3106 ""SANTA RITA DE CASIA""";SANTA FE;LA CAPITAL
"E.E.S. ORIENTADA PART. INC. NRO 3107 ""DOCTORA SARA FAISAL""";SANTA FE;LA CAPITAL
"E.E.S. ORIENTADA PART. INC. NRO 3109 ""SAGRADA FAMILIA""";SANTA FE;LA CAPITAL
"E.E.S. ORIENTADA PART. INC. NRO 3114 ""LEONARDO DA VINCI""";SANTA FE;LA CAPITAL
"E.E.S. ORIENTADA PART. INC. NRO 3118 ""NUESTRA SEÑORA DE COVADONGA""";SANTA FE;LA CAPITAL
"E.E.S. ORIENTADA PART. INC. NRO 3120 ""ESCUELA DE LA FAMÍLIA AGRÍCOLA""";VILLA SARALEGUI;SAN CRISTOBAL
"E.E.S. ORIENTADA PART. INC. NRO 3122 ""NUESTRA SEÑORA DE LA PAZ""";SANTO TOME;LA CAPITAL
"E.E.S. ORIENTADA PART. INC. NRO 3124 ""E.F.A. PADRE ANTONIO PERGOLESI""";COLONIA DURAN;SAN JAVIER
"E.E.S. ORIENTADA PART. INC. NRO 3128 ""25 DE MAYO""";RAFAELA;CASTELLANOS
"E.E.S. ORIENTADA PART. INC. NRO 3130 ""SANTÍSIMA VIRGEN NIÑA""";FLORENCIA;GENERAL OBLIGADO
"E.E.S. ORIENTADA PART. INC. NRO 3131 ""SAN EUGENIO DE MAZENOD""";SANTA FE;LA CAPITAL
"E.E.S. ORIENTADA PART. INC. NRO 3135 ""SAN ANTONIO DE PADUA""";SANTA FE;LA CAPITAL
"E.E.S. ORIENTADA PART. INC. NRO 3137 ""SAN EZEQUIEL MORENO AGUS. REC.""";SANTA FE;LA CAPITAL
"E.E.S. ORIENTADA PART. INC. NRO 3138 ""SANTA LUCÍA""";SANTA FE;LA CAPITAL
"E.E.S. ORIENTADA PART. INC. NRO 3144 ""NUESTRA SEÑORA DE ITATÍ""";SANTA FE;LA CAPITAL
"E.E.S. ORIENTADA PART. INC. NRO 3147 ""SEÑOR DE LA DIVINA PROVIDENCIA""";SANTO TOME;LA CAPITAL
"E.E.S. ORIENTADA PART. INC. NRO 3148 ""1RO DE MAYO""";SANTA FE;LA CAPITAL
"E.E.S. ORIENTADA PART. INC. NRO 3155 ""NUEVA ESCUELA SEC. HERMANOS DE LA SALLE""";SANTA FE;LA CAPITAL
"E.E.S. ORIENTADA PART. INC. NRO 3156 ""LA CECILIA""";MONTE VERA;LA CAPITAL
"E.E.S. ORIENTADA PART. INC. NRO 3158 ""VISIÓN DE FUTURO""";SANTA FE;LA CAPITAL
"E.E.S. ORIENTADA PART. INC. NRO 3159 ""MONSEÑOR ALFONSO DURÁN""";SANTA FE;LA CAPITAL
"E.E.S. ORIENTADA PART. INC. NRO 3160 ""SAN ARNOLDO JANSSEN""";SANTA FE;LA CAPITAL
"E.E.S. ORIENTADA PART. INC. NRO 3163 ""IDEI PILARES""";SAUCE VIEJO;LA CAPITAL
"E.E.S. ORIENTADA PART. INC. NRO 3166 ""8 DE MARZO""";SANTA FE;LA CAPITAL
"E.E.S. ORIENTADA PART. INC. NRO 3167 ""SAN VICENTE DE PAUL""";SANTA FE;LA CAPITAL
"E.E.S. ORIENTADA PART. INC. NRO 3172 ""DOCTOR GILBERTO BELTRAMINO""";SANTA FE;LA CAPITAL
"E.E.S. ORIENTADA PART. INC. NRO 3178 ""NUESTRA SEÑORA DEL CALVARIO""";GALVEZ;SAN JERONIMO
E.E.S.O. PART.INC. NRO 3181;VILLA OCAMPO;GENERAL OBLIGADO
"E.E.S.O.PART.INC.NRO 3182 ""PRESBITERO ALCIDES FRENCIA""";LAGUNA PAIVA;LA CAPITAL
AULA RADIAL E.E.TECNICO PROF Y SEC.ORIENTADA PART.INC.NRO 2047;MARIA LUISA;LAS COLONIAS
"AULA RADIAL ""BARRIO LOS HORNOS""";SANTA FE;LA CAPITAL
"E.E.M.P.A. N 3034 ""INMACULADA CONCEPCION""";ROMANG;SAN JAVIER
"E.E. TÉCNICO PROFESIONAL PART. INC. NRO 2010 ""I.D.E.S.A.""";ATALIVA;CASTELLANOS
"E.E. TÉCNICO PROFESIONAL Y SECUNDARIA ORIENTADA PART. INC. NRO 2025 ""CEFERINO NAMUNCURÁ""";SANTA FE;LA CAPITAL
"E.E. TÉCNICO PROFESIONAL PART. INC. NRO 2050 ""MONSEÑOR VICENTE ZAZPE""";EMILIA;LA CAPITAL
"E.E. TÉCNICO PROFESIONAL PART. INC. NRO 2056 ""MONSEÑOR CARLOS MACAGNO""";SANTA FE;LA CAPITAL
"E.E. TÉCNICO PROFESIONAL Y SECUNDARIA ORIENTADA PART. INC. NRO 2058 ""7 DE MAYO""";SANTA FE;LA CAPITAL
"I.S.P.I. NRO 4001 ""ESTELA GUINLE DE CERVERA""";SANTA FE;LA CAPITAL
"I.S.P.I. NRO 4003 ""SAN JOSE""";SUNCHALES;CASTELLANOS
"I.S.P.I. NRO 4006 ""SANTA CATALINA DE SIENA""";SAN GUILLERMO;SAN CRISTOBAL
"I.S.P.I. NRO 4007 ""INMACULADA CONCEPCION""";VERA;VERA
"ANEXO I.S.P.I. NRO 4010 ""CIENCIAS COMERCIALES""";GOBERNADOR CRESPO;SAN JUSTO
"I.S.P.I. NRO 4010 ""CIENCIAS COMERCIALES""";SANTA FE;LA CAPITAL
"I.S.P.I. NRO 4013 ""REVERENDO PADRE JOAQUIN BONALDO""";AVELLANEDA;GENERAL OBLIGADO
"EXTENSIÓN ÁULICA I.S.P.I NRO 4014 ""DE COMPUTACIÓN ADMINISTRATIVA""";SAN GENARO;SAN JERONIMO
"I.S.P.I. NRO 4019 ""SAN JUAN BAUTISTA""";VERA;VERA
"I.S.P.I. NRO 4020 ""SAN ROQUE""";SANTA FE;LA CAPITAL
"I.S.P.I. NRO 4021 ""ICOP SANTA FE""";SANTA FE;LA CAPITAL
GRADO RADIAL NRO I - I.S.P.I. NRO 4023 - ANEXO NELSON;NELSON;LA CAPITAL
"I.S.P.I. NRO 4023 ""LOS COLONIZADORES""";SANTO DOMINGO;LAS COLONIAS
"I.S.P.I. NRO 4026 ""SANTISIMA VIRGEN NIÑA""";VILLA OCAMPO;GENERAL OBLIGADO
"I.S.P.I. NRO 4027 ""INMACULADA CONCEPCION""";ROMANG;SAN JAVIER
"I.S.P.I. NRO 4031 ""FRAY FRANCISCO DE PAULA CASTAÑEDA""";SANTA FE;LA CAPITAL
"I.S.P.I. NRO 4032 ""CRISTO REY""";MALABRIGO;GENERAL OBLIGADO
"I.S.P.I. NRO 4033""ADMINISTRAC. BANCARIA Y COMERCIO EXTERIOR""";SANTA FE;LA CAPITAL
"I.S.P.I. NRO 4034 ""HUMBERTO PRIMO""";HUMBERTO PRIMO;CASTELLANOS
"I.S.P.I. NRO 4035 ""BRIGADIER GRAL ESTANISLAO LOPEZ""";SANTA FE;LA CAPITAL
"ISPI NRO 4044 ""SOL""";SANTA FE;LA CAPITAL
"I.S.P.I. NRO 4050 ""MONSEÑOR VICENTE ZAZPE""";SUARDI;SAN CRISTOBAL
"I.S.P.A. NRO 4057 ""UMBRAL""";SANTA FE;LA CAPITAL
"I.S.P.I. NRO 4062 ""SAN JUAN DE AVILA""";SANTA FE;LA CAPITAL
"I.S.P.A. NRO 4072 ""AGENTES DE PROPAGANDAS MEDICAS""";SANTA FE;LA CAPITAL
"ISPA NRO 4084 ""CETED""";SANTA FE;LA CAPITAL
"I.S.P.A. NRO 4085 INSTITUTO TECNOLOGICO ""EL MOLINO""";ESPERANZA;LAS COLONIAS
"I.S.P.A. NRO 4086 DE ESPECIALIZACION PROFESIONAL ""13 DE JULIO""";SANTA FE;LA CAPITAL
"I.S.P.I. NRO 4087 ""SADOP""";SANTA FE;LA CAPITAL
"I.S.P.A. NRO 4089 ""JUAN ENRIQUE PESTALOZZI""";SANTO TOME;LA CAPITAL
"INSTITUTO SUPERIOR PARTICULAR NRO 4095 ""LUX CAPERE"" DE FORMACION TECNICA";ESPERANZA;LAS COLONIAS
"INSTITUTO SUPERIOR PARTICULAR NRO 4097 ""MECANICA DENTAL""";SANTA FE;LA CAPITAL
"I.S.P.NRO 4098 1RA.ESC.DE PSICOLOGIA SOCIAL DE STA.FE ""DR. ENRIQUE P. RIVIERE""";SANTA FE;LA CAPITAL
"I.S.P.AUT.NRO 4100 ""JUAN MARCOS""";SANTA FE;LA CAPITAL
"I.S.P.I. NRO 9017 ""SAN JOSE ADORATRICES""";SANTA FE;LA CAPITAL
"INST. SUPERIOR PART. INC. NRO 9094 ""GENERAL MANUEL OBLIGADO""";VILLA OCAMPO;GENERAL OBLIGADO
"INST. SUPERIOR PART. INC. NRO 9100 ""PRESBÍTERO ALCIDES FRENCIA""";LAGUNA PAIVA;LA CAPITAL
"INSTITUTO SUP.PART.INC. NRO 9105 ""DOCTORA SARA FAISAL""";SANTA FE;LA CAPITAL
"INSTITUTO SUPERIOR PART.INCORPORADO NRO 9133 ""NUESTRA SEÑORA DEL CALVARIO""";GALVEZ;SAN JERONIMO
"INSTITUTO SUPERIOR PARTICULAR NRO 9191 ""JUAN XXIII""";RECONQUISTA;GENERAL OBLIGADO
"INS. SUP. PART. NRO 9204 ""CENTRO DE FORMACION DE MONITORES""";RECONQUISTA;GENERAL OBLIGADO
"I.S.P.A. NRO 9244 ""I.C.E.S.""";SUNCHALES;CASTELLANOS
"E.E.S. ORIENTADA PART. INC. NRO 8002 ""SAN JOSÉ""";SANTA FE;LA CAPITAL
"E.E.S. ORIENTADA PART. INC. NRO 8003 ""INMACULADA CONCEPCIÓN""";SANTA FE;LA CAPITAL
"E.E.S. ORIENTADA PART. INC. NRO 8006 ""SAN JOSÉ""";ESPERANZA;LAS COLONIAS
"E.E.S. ORIENTADA PART. INC. NRO 8015 ""URBANO DE IRIONDO DEL NIÑO JESÚS""";SAN JUSTO;SAN JUSTO
"E.E.S. ORIENTADA PART. INC. NRO 8016 ""NUESTRA SEÑORA DEL HUERTO""";SANTA FE;LA CAPITAL
"E.E.S. ORIENTADA PART. INC. NRO 8021 ""INMACULADA CONCEPCIÓN""";VERA;VERA
"E.E.S. ORIENTADA PART. INC. NRO 8022 ""NUESTRA SEÑORA DE LA MISERICORDIA""";RAFAELA;CASTELLANOS
"E.E.S. ORIENTADA PART. INC. NRO 8023 ""SAN JOSÉ""";RECONQUISTA;GENERAL OBLIGADO
"E.E.S. ORIENTADA PART. INC. NRO 8030 ""SAGRADO CORAZÓN DE JESÚS";SANTA FE;LA CAPITAL
"E.E.S. ORIENTADA PART. INC. NRO 8031 ""NUESTRA SEÑORA DEL CALVARIO""";SANTA FE;LA CAPITAL
"E.E.S. ORIENTADA PART. INC. NRO 8034 ""LA SALLE JOBSON""";SANTA FE;LA CAPITAL
"E.E.S. ORIENTADA PART. INC. NRO 8040 ""GENERAL SAN MARTÍN""";HUMBERTO PRIMO;CASTELLANOS
"E.E.S. ORIENTADA PART. INC. NRO 8062 ""SAN FRANCISCO DE ASÍS""";SASTRE;SAN MARTIN
"E.E.S. ORIENTADA PART. INC. NRO 8076 ""NUESTRA SEÑORA DEL HUERTO""";ESPERANZA;LAS COLONIAS
"E.E.S. ORIENTADA PART. INC. NRO 8080 ""JUAN BAUTISTA ALBERDI""";SASTRE;SAN MARTIN
"E.E.S. ORIENTADA PART. INC. NRO 8084 ""MARIANO MORENO""";CAÑADA ROSQUIN;SAN MARTIN
"E.E.S. ORIENTADA PART. INC. NRO 8089 ""ANTONIA MARÍA VERNA""";SANTA FE;LA CAPITAL
"E.E.S. ORIENTADA PART. INC. NRO 8090 ""SAN AGUSTÍN""";CARLOS PELLEGRINI;SAN MARTIN
"E.E.S. ORIENTADA PART. INC. NRO 8091 ""JOSÉ MANUEL ESTRADA""";SUARDI;SAN CRISTOBAL
"E.E.S. ORIENTADA PART. INC. NRO 8093 ""SAN JOSÉ""";SAN JERONIMO NORTE;LAS COLONIAS
"E.E.S. ORIENTADA PART. INC. NRO 8095 ""SANTA CLARA""";SANTA CLARA DE SAGUIER;CASTELLANOS
"E.E.S. ORIENTADA PART. INC. NRO 8101 ""INMACULADA CONCEPCIÓN""";ROMANG;SAN JAVIER
"E.E.S. ORIENTADA PART. INC. NRO 8102 ""MARIANO MORENO""";SAN GUILLERMO;SAN CRISTOBAL
"E.E.S. ORIENTADA PART. INC. NRO 8103 ""JOSÉ MANUEL ESTRADA""";PIAMONTE;SAN MARTIN
"E.E.S. ORIENTADA PART. INC. NRO 8106 ""DON BOSCO""";SANTA FE;LA CAPITAL
"E.E.S. ORIENTADA PART. INC. NRO 8107 ""SAN JOSÉ""";SUNCHALES;CASTELLANOS
"E.E.S. ORIENTADA PART. INC. NRO 8113 ""RECONQUISTA""";RECONQUISTA;GENERAL OBLIGADO
"E.E.S. ORIENTADA PART. INC. NRO 8114 ""SANTÍSIMA VIRGEN NIÑA""";VILLA OCAMPO;GENERAL OBLIGADO
"E.E.S. ORIENTADA PART. INC. NRO 8115 ""SAN ANTONIO""";GOBERNADOR CRESPO;SAN JUSTO
"E.E.S. ORIENTADA PART. INC. NRO 8116 ""NUESTRA SEÑORA DE GUADALUPE""";CALCHAQUI;VERA
"E.E.S. ORIENTADA PART. INC. NRO 8118 ""PEDRO LUCAS FUNES""";SAN VICENTE;CASTELLANOS
"E.E.S. ORIENTADA PART. INC. NRO 8124 ""CORAZÓN DE JESÚS""";SAN CARLOS CENTRO;LAS COLONIAS
"E.E.S. ORIENTADA PART. INC. NRO 8125 ""JOSÉ MANUEL ESTRADA""";LAS TOSCAS;GENERAL OBLIGADO
"E.E.S. ORIENTADA PART. INC. NRO 8128 ""SAN JOSÉ""";FELICIA;LAS COLONIAS
"E.E.S. ORIENTADA PART. INC. NRO 8132 ""BELÉN""";CERES;SAN CRISTOBAL
"E.E.S. ORIENTADA PART. INC. NRO 8134 ""SAN JUAN BAUTISTA""";VERA;VERA
"E.E.S. ORIENTADA PART. INC. NRO 8136 ""NUESTRA SEÑORA DE GUADALUPE""";SANTA FE;LA CAPITAL
"E.E.S. ORIENTADA PART. INC. NRO 8138 ""JUSTO JOSÉ DE URQUIZA""";SAN MARTIN DE LAS ESCOBAS;SAN MARTIN
"E.E.S. ORIENTADA PART. INC. NRO 8140 ""SAN JOSÉ""";RAFAELA;CASTELLANOS
"E.E.S. ORIENTADA PART. INC. NRO 8143 ""JOSÉ MANUEL ESTRADA""";MARIA JUANA;CASTELLANOS
"E.E.S. ORIENTADA PART. INC. NRO 8150 ""NUESTRA SEÑORA DE GUADALUPE""";SANTA FE;LA CAPITAL
"E.E.S. ORIENTADA PART. INC. NRO 8153 ""SANTA MARTA""";PILAR;LAS COLONIAS
"E.E.S. ORIENTADA PART. INC. NRO 8157 ""SAGRADO CORAZÓN""";SAN JORGE;SAN MARTIN
"E.E.S. ORIENTADA PART. INC. NRO 8159 ""JUAN BAUTISTA ALBERDI""";ELISA;LAS COLONIAS
"E.E.S. ORIENTADA PART. INC. NRO 8161 ""MARIANO MORENO""";SANTA CLARA DE BUENA VISTA;LAS COLONIAS
"E.E.S. ORIENTADA PART. INC. NRO 8169 ""GUSTAVO MARTINEZ ZUVIRÍA""";AVELLANEDA;GENERAL OBLIGADO
"E.E.S. ORIENTADA PART. INC. NRO 8181 ""PROVIDENCIA""";PROVIDENCIA;LAS COLONIAS
"E.E.S. ORIENTADA PART. INC. NRO 8182 ""CENTENARIO DE HUMBOLDT""";HUMBOLDT;LAS COLONIAS
"E.E.S. ORIENTADA PART. INC. NRO 8202 ""E.F.A.""";MOUSSY;GENERAL OBLIGADO
"E.E.S. ORIENTADA PART. INC. NRO 8206 ""ROBERTO VICENTÍN""";AVELLANEDA;GENERAL OBLIGADO
"E.E.S. ORIENTADA PART. INC. NRO 8209 ""E.F.A.""";SAN MARTIN NORTE;SAN JUSTO
"E.E.S. ORIENTADA PART. INC. NRO 8210 ""E.F.A.""";ARROYO CEIBAL;GENERAL OBLIGADO
"E.E.S. ORIENTADA PART. INC. NRO 8211 ""E.F.A.""";ESPIN;VERA
"E.E.S. ORIENTADA PART. INC. NRO 8212 ""E.F.A.""";VILLA OCAMPO;GENERAL OBLIGADO
"E.E.S. ORIENTADA PART. INC. NRO 8214 ""ELISEO VIDELA""";VIDELA;SAN JUSTO
"E.E.S. ORIENTADA PART. INC. NRO 8221 ""E.F.A. LA SARITA""";VICTOR MANUEL 2;GENERAL OBLIGADO
"AULA RADIAL E.E.S.ORIENTADA PART. INC.NRO 8224 ""SAN MIGUEL ARCANGEL""";RECREO;LA CAPITAL
"E.E.S. ORIENTADA PART. INC. NRO 8224 ""NUESTRA SEÑORA DE LOURDES""";SANTA FE;LA CAPITAL
"E.E.S. ORIENTADA PART. INC. NRO 8237 ""INSTITUTO REGIONAL TOSTADO""";TOSTADO;9 DE JULIO
"E.E.S. ORIENTADA PART. INC. NRO 8245 ""NUESTRA SEÑORA DE GUADALUPE""";SANTA FE;LA CAPITAL
"AULA RADIAL E.E.S. ORIENTADA PART. INC. NRO 8249 ""E.F.A.""";VERA;VERA
"E.E.S. ORIENTADA PART. INC. NRO 8249 ""E.F.A.""";INTIYACO;VERA
"E.E. TÉCNICO PROFESIONAL Y SECUNDARIA ORIENTADA PART. INC. NRO 8069 ""GENERAL SAN MARTÍN""";PILAR;LAS COLONIAS
"E.E. TÉCNICO PROFESIONAL PART. INC. NRO 8122 ""NUESTRA SEÑORA DE LOURDES""";SANTA FE;LA CAPITAL
"E.E. TÉCNICO PROFESIONAL PART. INC. NRO 8205 ""E.F.A.""";TOSTADO;9 DE JULIO
ISPI NRO 9195 ANEXO SAN CRISTOBAL CRUZ ROJA;SAN CRISTOBAL;SAN CRISTOBAL
ISPI NRO 9195 ANEXO ESPERANZA CRUZ ROJA ARGENTINA;ESPERANZA;LAS COLONIAS
"ISPI NRO 9195 ""CRUZ ROJA ARGENTINA""";SANTA FE;LA CAPITAL
"INST. SUPERIOR PART. INC. NRO 9054 ""SANTA TERESITA DEL NIÑO JESÚS""";HERSILIA;SAN CRISTOBAL
"INST. SUPERIOR PART. INC. NRO 9233 ""ESTUDIOS SUPERIORES DE SANTA FE""";SANTA FE;LA CAPITAL
"ANEXO ESCUELA NRO 2028 ""SAN LORENZO""";SANTA FE;LA CAPITAL
"ESCUELA NRO 2028 ""SAN LORENZO""";SANTA FE;LA CAPITAL
"E.E.T. PART. NRO 2045 ""FRAY LEON MARTINENGO""";SANTA FE;LA CAPITAL
"NRO 2053 ""COLEGIO MAYOR UNIVERSITARIO""";SANTA FE;LA CAPITAL
"ESC. EDUCACION TECNICA NRO 2062 ""22 DE NOVIEMBRE""";RAFAELA;CASTELLANOS
"E.E.T. NRO 2068 ""JOSE IGNACIO LOPEZ CALDERON""";COLASTINE NORTE L.G.;LA CAPITAL
"ESCUELA NRO 3026 ""JUAN BAUTISTA ALBERDI""";ELISA;LAS COLONIAS
"ESCUELA NRO 3030 ""ASOCIACION DE CULTURA""";GOBERNADOR CRESPO;SAN JUSTO
"AULA RADIAL I - E.E.S.O PART. INC. NRO 8003 ""PAPA FRANCISCO""";SANTA FE;LA CAPITAL
"ESC.EDUC.TCA.PART.INCORP.NRO 242 ""FRANCISCO BERTOLINO""";CASAS;SAN MARTIN
"JARDIN NRO 1005 ""MARIA DE LOS ANGELES RODRIGUEZ DE ROSAS""";ROSARIO;ROSARIO
"JARDIN DE INFANTES NRO 1148 ""MARCELO PAZ""";MAXIMO PAZ;CONSTITUCION
"ESCUELA PART.INC.JARDIN DE INFANTES Nº 1186 ""NIÑO JESUS""";PEYRANO;CONSTITUCION
"JARDIN DE INFANTES NRO 1209 ""NUESTRA SEÑORA DEL CARMEN""";PUJATO;SAN LORENZO
"JARDIN NRO 1246 ""NUESTRA SEÑORA DE LA MISERICORDIA""";ROSARIO;ROSARIO
"JARDIN DE INFANTES NRO 1247 ""MADRE CABRINI""";ROSARIO;ROSARIO
"JARDIN DE INFANTES NRO 1249 ""LOS PRINCIPITOS""";ROSARIO;ROSARIO
"COMPLEJO INFANTIL NRO 1251 ""DOCTOR HERMANN GMEINER""";ROSARIO;ROSARIO
"JARDIN DE INFANTES NRO 1261 ""EL SOLDADITO""";ROSARIO;ROSARIO
"JARDIN DE INFANTES NRO 1266 ""SAGRADO CORAZON""";ROSARIO;ROSARIO
"JARDIN DE INFANTES NRO 1269 ""DANTE ALIGHIERI""";ROSARIO;ROSARIO
"JARDIN DE INFANTES NRO 1270 ""LA SALLE""";ROSARIO;ROSARIO
"JARDIN DE INFANTES NRO 1271 ""SAN LUIS GONZAGA""";ROSARIO;ROSARIO
"NUCLEO I ""ALELUIA""- JARDIN DE INFANTES NRO 1272 ""PAULO VI""";ROSARIO;ROSARIO
"JARDIN DE INFANTES NRO 1272 ""PAULO VI""";ROSARIO;ROSARIO
"JARDIN DE INFANTES NRO 1273 ""VERBO ENCARNADO""";ROSARIO;ROSARIO
"JARDIN DE INFANTES NRO 1275 ""SAGRADO CORAZON""";VENADO TUERTO;GENERAL LOPEZ
"JARDIN DE INFANTES NRO 1278 ""JAIM NAJMAN BIALIK""";ROSARIO;ROSARIO
"JARDIN DE INFANTES NRO 1279 ""MONSEÑOR JUAN BONEO""";ROSARIO;ROSARIO
"JARDIN DE INFANTES NRO 1284 ""NUESTRA SEÑORA DE POMPEYA""";ROSARIO;ROSARIO
"JARDIN DE INFANTES NRO 1285 ""SAN CASIMIRO""";ROSARIO;ROSARIO
"JARDIN NRO 1295 ""JUAN XXIII""";ROLDAN;SAN LORENZO
"JARDIN DE INFANTES NRO 1300 ""SANTA ROSA""";VENADO TUERTO;GENERAL LOPEZ
"JARDIN DE INFANTES NRO 1308 ""VAMOS A JUGAR""";ROSARIO;ROSARIO
"JARDIN DE INFANTES NRO 1311 ""CULTURA INGLESA""";VENADO TUERTO;GENERAL LOPEZ
"JARDIN DE INFANTES NRO 1312 ""NUESTRA SEÑORA DEL ROSARIO""";ROSARIO;ROSARIO
"ESCUELA NRO 1318 ""MICHELANGELO BUONARROTI""";CASILDA;CASEROS
"JARDIN DE INFANTES NRO 1323 ""DANTE ALIGHIERI""";VENADO TUERTO;GENERAL LOPEZ
"AULA RADIAL ""SAN GABRIEL""- JARDIN DE INFANTES NRO 1340";VILLA CONSTITUCION;CONSTITUCION
"JARDIN DE INFANTES NRO 1340 ""NIÑO JESUS""";ARROYO SECO;ROSARIO
"JARDIN DE INFANTES NRO 1343 ""LOS SENDEROS""";ROSARIO;ROSARIO
"JARDIN DE INFANTES NRO 1349 ""SAN JOSE""";VILLA CAÑAS;GENERAL LOPEZ
"JARDIN PARTICULAR NRO 1362 ""SANTISIMO ROSARIO""";ROSARIO;ROSARIO
"ESCUELA NRO 1363 ""HIJAS DE CRISTO REY""";VILLA CONSTITUCION;CONSTITUCION
"ESCUELA NRO 1375 ""NUESTRA SEÑORA DEL HUERTO""";ROSARIO;ROSARIO
"AULA RADIAL NRO I - JARDIN NRO 1391 ""COLEGIO SAN BARTOLOME""";ROSARIO;ROSARIO
"JARDIN DE INFANTES NRO 1391 ""COLEGIO SAN BARTOLOME""";ROSARIO;ROSARIO
"JARDIN DE INFANTES NRO 1392 ""ADORATRICES""";ROSARIO;ROSARIO
"JARDIN DE INFANTES NRO 1424 ""PADRE CLARET""";ROSARIO;ROSARIO
"JARDIN DE INFANTES NRO 1433 ""CARIÑITO""";ROSARIO;ROSARIO
"ESCUELA NRO 1444 ""BRIGADIER ESTANISLAO LOPEZ""";ROSARIO;ROSARIO
"JARDIN 1457 ""COLEGIO ESPAÑOL""";ROSARIO;ROSARIO
"JARDIN DE INFANTES NRO 1460 ""JESUS DE NAZARET""";ROSARIO;ROSARIO
"JARDIN DE INFANTES PART.INCORPORADO NRO 1469 ""SOL DE FUNES""";FUNES;ROSARIO
"JARDIN DE INFANTES NRO 1472 ""BELEN""";ROSARIO;ROSARIO
"JARDIN DE INFANTES NRO 1480 ""SAN FRANCISCO""";ALCORTA;CONSTITUCION
"JARDIN DE INFANTES PART.AUT.NRO 1489 ""ESCUELA GOETHE ROSARIO";ROSARIO;ROSARIO
"JARDIN DE INFANTES NRO 1497 ""EL LOBITO""";LAS PAREJAS;BELGRANO
"JARDIN DE INFANTES NRO 1498 ""JARDÍN MOTESSORI""";ROSARIO;ROSARIO
"ESCUELA PART. INC. NRO 1002 ""SAN CARLOS""";SAN LORENZO;SAN LORENZO
"ESCUELA PART. INC. NRO 1004 ""NUESTRA SEÑORA DEL HUERTO""";ROSARIO;ROSARIO
"ESUELA PART. INC. NRO 1006 ""CENTRO EDUCATIVO LATINOAMERICANO";ROSARIO;ROSARIO
"ESCUELA NRO 1007 ""NUESTRA SEÑORA DE LA MISERICORDIA""";SAN LORENZO;SAN LORENZO
"ESCUELA PART. INC. NRO 1012 ""SAN JOSE""";ROSARIO;ROSARIO
"ESCUELA PART. INC. NRO 1014 ""MARIA AUXILIADORA""";ROSARIO;ROSARIO
"ESCUELA PARTICULAR INCORPORADA NRO 1015 ""HOGAR MATERNAL 1""";ROSARIO;ROSARIO
"ESCUELA PART. INC. NRO 1016 ""SAN FRANCISCO SOLANO""";ROSARIO;ROSARIO
"ESCUELA PART. INC. NRO 1017 ""HOGAR MATERNAL NRO 2""";ROSARIO;ROSARIO
"ESCUELA PART. INC. NRO 1018 ""VIRGEN DEL ROSARIO""";ROSARIO;ROSARIO
"ESCUELA PART. INC. NRO 1020 ""NUESTRA SEÑORA DE LOS ANGELES""";ROSARIO;ROSARIO
"AULA RADIAL I - ESCUELA PART.AUT.NRO 1022 ""SAN BARTOLOME""";ROSARIO;ROSARIO
"ESCUELA PARTICULAR AUTORIZADA NRO 1022 ""SAN BARTOLOME""";ROSARIO;ROSARIO
"ESCUELA PART. INC. NRO 1023 ""SANTA ROSA""";VENADO TUERTO;GENERAL LOPEZ
ESCUELA PARTICULAR INCORPORADA NRO 1024 SAN ANTONIO DE PADUA;CAÑADA DE GOMEZ;IRIONDO
"ESCUELA PART. INC. NRO 1026 ""SAGRADO CORAZON""";ROSARIO;ROSARIO
"ESCUELA PART. INC. NRO 1027 ""LUISA MORA DE OLGUIN""";ROSARIO;ROSARIO
"ESC. PART. INC. NRO 1028 ""NUESTRA SEÑORA DE LA ASUNCION""";ROSARIO;ROSARIO
"ESCUELA PARTICULAR NRO 1029 ""MADRE CABRINI""";ROSARIO;ROSARIO
"ESCUELA PART. INC. NRO 1030 ""SAN FRANCISCO DE ASIS""";ROSARIO;ROSARIO
"ESCUELA PART. INC. NRO 1032 ""LA ARGENTINA""";ROSARIO;ROSARIO
"ESCUELA PART.INC.NRO 1036 ""OBISPO JUAN AGUSTIN BONEO""";ROSARIO;ROSARIO
"ESCUELA PART. INC. NRO 1039 ""SAN FRANCISCO""";AARON CASTELLANOS;GENERAL LOPEZ
"ESCUELA PART. INC. NRO 1040 ""SAN JUAN BAUTISTA DE LA SALLE""";ROSARIO;ROSARIO
"ESCUELA PART. INC. NRO 1044 ""SANTA ISABEL""";ELORTONDO;GENERAL LOPEZ
"ESCUELA PART. INC. NRO 1047 ""SANTISIMO ROSARIO""";ROSARIO;ROSARIO
"ESCUELA PART. INC. 1048 ""DANTE ALIGHIERI""";ROSARIO;ROSARIO
"ESCUELA PART. INC. NRO 1049 ""NTRA. SRA. DE LA MISERICORDIA""";CASILDA;CASEROS
"ESCUELA PART. INC. NRO 1052 ""NUESTRA SEÑORA DE GUADALUPE""";ROSARIO;ROSARIO
"ESCUELA PART. INC. NRO 1053 ""SAN JOSE""";TOTORAS;IRIONDO
"ESCUELA PART. INC. NRO 1054 ""TEODELINA F.DE ALVEAR""";VILLA GOBERNADOR GALVEZ;ROSARIO
"ESCUELA PART. INC. NRO 1058 ""SAGRADO CORAZON DE JESUS""";LAS ROSAS;BELGRANO
"ESCUELA NRO 1062 ""NUESTRA SEÑORA DEL PERPETUO SOCORRO""";CHAÑAR LADEADO;CASEROS
"ESCUELA PART. INC. NRO 1063 ""NTRA. SRA. DE LA MISERICORDIA""";ROSARIO;ROSARIO
"ESCUELA PART. INC. NRO 1067 ""NIÑO JESUS DE PRAGA""";CARCARAÑA;SAN LORENZO
"ESCUELA PART. INC. NRO 1068 ""SAN JOSE""";ARROYO SECO;ROSARIO
"ESCUELA PART. INC. NRO 1070 ""SAN MIGUEL ARCANGEL""";ROSARIO;ROSARIO
"ESCUELA PART. INC. NRO 1072 ""NUESTRA SRA. DEL ROSARIO""";ROSARIO;ROSARIO
"ESCUELA PART. INC. NRO 1078 ""DIVINO MAESTRO""";SAN GREGORIO;GENERAL LOPEZ
"ESCUELA PART. INC. NRO 1080 ""VERBO ENCARNADO""";ROSARIO;ROSARIO
"ESCUELA PART. INC. NRO 1081 ""CRISTO REY""";ROSARIO;ROSARIO
"ESCUELA PART. INC. NRO 1082 ""ADORATRICES""";ROSARIO;ROSARIO
"ESCUELA PART. INC. NRO 1083 ""SANTA ROSA DE VITERBO""";SAN LORENZO;SAN LORENZO
"ESCUELA PART. INC. NRO 1085 ""SAGRADO CORAZON""";VENADO TUERTO;GENERAL LOPEZ
"ESCUELA PART. INC. NRO 1092 ""SAN ANTONIO MARIA GIANELLI""";ROSARIO;ROSARIO
"ESCUELA PART. INC. NRO 1093 ""NTRA. SRA. DEL SAGRADO CORAZON""";VILLA GOBERNADOR GALVEZ;ROSARIO
"ESCUELA PART. INC. NRO 1101 ""SAN MIGUEL DE GARICOITS""";ROSARIO;ROSARIO
"ESCUELA PART.INC. NRO 1105 ""DE LA SAGRADA FAMILIA""";ROSARIO;ROSARIO
"ESC. PART. INC. NRO 1106 ""NUESTRA SEÑORA DE LOS MILAGROS""";CAPITAN BERMUDEZ;SAN LORENZO
"ESC.PART.INC. NRO 1110 ""NUESTRA SEÑORA DE LOS ANGELES""";SAN JOSE DE LA ESQUINA;CASEROS
"ESCUELA 1111 ""NUESTRA SEÑORA DE LA MISERICORDIA""";RUFINO;GENERAL LOPEZ
"ESCUELA PARTICULAR INCORPORADA NRO 1112 ""SANTA JUSTINA""";ALVAREZ;ROSARIO
"ESCUELA PART. INC. NRO 1113 ""LA INMACULADA""";ROSARIO;ROSARIO
"ESCUELA PART.INC.NRO 1114 ""NUESTRA SEÑORA DEL ROSARIO""";AREQUITO;CASEROS
"ESCUELA PART.INC.NRO 1115 ""SAN JOSÉ""";ROSARIO;ROSARIO
"ESC.PART.INC.NRO 1117 ""NUESTRA SEÑORA DE LA MISERICORDIA""";ROSARIO;ROSARIO
"ESCUELA PART. INC. NRO 1119 ""SOR MARIA JOSEFA ROSELLO""";ROSARIO;ROSARIO
"ESCUELA PART. INC. NRO 1120 ""SAN FRANCISCO""";ALCORTA;CONSTITUCION
"ESCUELA PART. INC. NRO 1122 ""HIJAS DE CRISTO REY""";VILLA CONSTITUCION;CONSTITUCION
"ESCUELA PART. INC. NRO 1127 ""VIRGEN DE LA MERCED""";FIRMAT;GENERAL LOPEZ
"ESCUELA PART.INCORP. NRO 1131 ""JOSÉ RAZETTO""";CAÑADA DE GOMEZ;IRIONDO
"ESCUELA PART. INC. NRO 1139 ""NUESTRA SEÑORA DE FATIMA""";PEREZ;ROSARIO
"ESCUELA PARTICULAR INCORPORADA NRO 1142 ""SAN JOSE""";VILLA CAÑAS;GENERAL LOPEZ
"ESCUELA PART. INC. NRO. 1151 ""MARIA AUXILIADORA""";FUNES;ROSARIO
"ESCUELA PART. INC. NRO 1153 ""NUESTRA SEÑORA DE LA MERCED""";ROSARIO;ROSARIO
"ESCUELA NRO 1154 ""NUESTRA SEÑORA DE LA MEDALLA MILAGROSA""";ROSARIO;ROSARIO
"ESCUELA PART.INC.NRO.1155 ""CAYETANO ERRICO""";CAPITAN BERMUDEZ;SAN LORENZO
"ESCUELA PART. INC. NRO 1156 ""SAN MIGUEL ARCANGEL""";ROSARIO;ROSARIO
"ESCUELA PART.INC.NRO.1158 ""SANTO TOMAS DE AQUINO""";ROSARIO;ROSARIO
"ESCUELA PARTICULAR NRO. 1160 ""REPUBLICA DE LITUANIA""";ROSARIO;ROSARIO
"ESCUELA PART.INC.NRO 1161 ""NIÑO JESUS""";PUERTO GENERAL SAN MARTIN;SAN LORENZO
"ESCUELA PART. INC. NRO 1163 ""PADRE RAFAEL CANTILO""";ROSARIO;ROSARIO
"ESCUELA PART. INC. NRO 1165 ""INTEGRAL FISHERTON""";ROSARIO;ROSARIO
"ESCUELA PART. INC. NRO 1167 ""STELLA MARIS""";ROSARIO;ROSARIO
"ESCUELA PART. INC. NRO 1171 ""SAN JOSE""";SERODINO;IRIONDO
"ESCUELA PART. INC. NRO 1175 ""JUAN XXIII""";PEÑARANDA;GENERAL LOPEZ
"ESCUELA PART. INC. NRO 1176 ""MARIA DE BELEN""";CHABAS;CASEROS
"ESCUELA PART.INC.NRO 1178 ""PADRE CLARET""";ROSARIO;ROSARIO
"ESCUELA PART.INC.NRO 1182 ""SAN LUIS GONZAGA""";ROSARIO;ROSARIO
"ESCUELA PART. INC. NRO 1183 ""NUESTRA SEÑORA DE POMPEYA""";ROSARIO;ROSARIO
"ESCUELA PART. INC. NRO 1184 ""JAIM NAJMAN BIALIK""";ROSARIO;ROSARIO
"ESCUELA PART. INC. NRO 1185 ""SAN RAMON""";ROSARIO;ROSARIO
"ESCUELA PART. INC. NRO 1187 ""SAN ANTONIO DE PADUA""";ROSARIO;ROSARIO
"ESCUELA PART. INC. NRO 1189 ""ESCUELA GOETHE ROSARIO""";ROSARIO;ROSARIO
"ESCUELA PART. INC. NRO 1190 ""NUESTRA SEÑORA DE LA ROCCA""";ROSARIO;ROSARIO
"ESCUELA PART. INC. 1191 ""SANTA LUCIA""";ARROYO SECO;ROSARIO
"ESCUELA PARTICULAR INCORPORADA NRO 1192 ""JESUS DE NAZARET""";ROSARIO;ROSARIO
"ESCUELA PART.INC. NRO 1193 ""NUESTRA SEÑORA DE ITATI""";ROSARIO;ROSARIO
"ESCUELA PART. INC. NRO 1194 ""SANTA ISABEL DE HUNGRIA""";ROSARIO;ROSARIO
"ESCUELA PART. INC. 1195 ""SANTA TERESITA DEL NIÑO JESUS""";ROSARIO;ROSARIO
"ESCUELA PARTICULAR INCORPORADO NRO 1197 ""PAULO VI""";ROSARIO;ROSARIO
"ESCUELA PART. INC. NRO 1198 ""NUESTRA SEÑORA DE LUJAN""";PEREZ;ROSARIO
"ESCUELA PART. INC. 1199 ""NATIVIDAD DEL SEÑOR""";ROSARIO;ROSARIO
"ESCUELA PART. INC. NRO 1204 ""JUAN XXIII""";ROLDAN;SAN LORENZO
"ESCUELA PART. AUT. NRO 1208 ""SAN PATRICIO""";ROSARIO;ROSARIO
"ESCUELA PART. INC. NRO 1212 ""NUESTRA SEÑORA DE LUJAN""";ROSARIO;ROSARIO
"ESCUELA PART. INC. NRO 1220 ""SAN MARTIN DE PORRES""";ROSARIO;ROSARIO
"ESCUELA PART. INC. NRO 1221 ""MARIA MADRE DE LA IGLESIA""";ROSARIO;ROSARIO
"ESCUELA PARTICULAR INCORPORADA NRO 1222 ""SAN JUAN BAUTISTA""";ROSARIO;ROSARIO
"ESCUELA PART. INC. NRO 1223 ""EL BUEN SAMARITANO""";ROSARIO;ROSARIO
"ESCUELA PART. INC. NRO 1226 ""NUESTRA SEÑORA DEL VALLE""";ROSARIO;ROSARIO
"ESCUELA PART.INC.NRO 1229 ""JESUS OBRERO""";ROSARIO;ROSARIO
"ESCUELA PART. INC. NRO 1232 ""SANTO DOMINGO SAVIO""";ROSARIO;ROSARIO
"ESCUELA PART.INC. NRO 1233 ""COLEGIO ESPAÑOL DE ROSARIO""";ROSARIO;ROSARIO
"ESCUELA PART. AUT. NRO 1234 ""LOS ARROYOS""";ROSARIO;ROSARIO
"ESCUELA PART. INC. NRO 1236 ""FAMILIA DE DIOS""";ROSARIO;ROSARIO
"ESCUELA PARTICULAR AUTORIZADA NRO 1237 ""MIRASOLES""";ROSARIO;ROSARIO
"ESCUELA PART.INC.NRO 1238 ""SANTA MARIA DOMINGA MAZZARELLO""";ROSARIO;ROSARIO
"ESCUELA PART. INC. NRO 1239 ""DIVINO MAESTRO""";VILLA CONSTITUCION;CONSTITUCION
"ESCUELA PART.INC. NRO 1262 ""SAN JOSE OBRERO""";ROSARIO;ROSARIO
"ESCUELA PART. INC. NRO 1265 ""LUIS RAVERA""";ROSARIO;ROSARIO
"ESCUELA PART. INC. NRO 1277 ""NUESTRA SEÑORA DE LA GUARDIA""";ROSARIO;ROSARIO
"ESCUELA PART. INC. NRO 1280 ""DANTE ALIGHIERI""";VENADO TUERTO;GENERAL LOPEZ
"ESCUELA PARTICULAR INCORPORADA 1282 ""FRANCISCO RAMOS MEJIA""";ROSARIO;ROSARIO
"ESCUELA PART.INC. NRO 1283 ""DOCTOR ALBERT SABIN""";ROSARIO;ROSARIO
"ESCUELA PART. INC. 1288 ""SAN JOSÉ""";RUFINO;GENERAL LOPEZ
"ESCUELA PART.INC. 1289 ""BRIGADIER GRAL. ESTANISLAO LOPEZ""";ROSARIO;ROSARIO
"ESCUELA PART. INC. NRO 1290 ""BASILICATA""";ROSARIO;ROSARIO
"ESCUELA PART.INC. NRO 1292 ""DANTE ALIGHIERI""";VILLA CONSTITUCION;CONSTITUCION
"ESCUELA PART.INC. NRO 1296 ""EDMONDO DE AMICIS""";ROSARIO;ROSARIO
"ESCUELA PART. INC. 1301 ""SAN JORGE""";ROSARIO;ROSARIO
"ESCUELA PART. INC. NRO 1309 ""FUENTE DE VIDA""";ROSARIO;ROSARIO
"ESCUELA PART. INC. NRO 1315 ""COOPERACION""";VILLA GOBERNADOR GALVEZ;ROSARIO
"ESCUELA PART. INC. NRO 1316 ""SAN FRANCISCO DE ASIS""";VILLA GOBERNADOR GALVEZ;ROSARIO
"ESCUELA PART. INC. NRO 1317 ""GIUSEPPE GARIBALDI""";ROSARIO;ROSARIO
"ESC. PART.INCORPORADA NRO 1319 ""CIVILIZACION DEL AMOR""";ROSARIO;ROSARIO
"ESCUELA PART. INC. 1321 ""CRISTIANA EVANGELICA ARGENTINA""";ROSARIO;ROSARIO
"ESCUELA PART. INC. NRO 1324 ""PRINCIPE DE PAZ""";ROSARIO;ROSARIO
"ESCUELA PART. INC. NRO 1325 ""TALLER DE NAZARETH""";VENADO TUERTO;GENERAL LOPEZ
"ESCUELA PART. INC. NRO 1329 ""CULTURA INGLESA""";VENADO TUERTO;GENERAL LOPEZ
"ESCUELA NRO 1334 ""MARIA MADRE DE LA CIVILIZACION DEL AMOR""";ROSARIO;ROSARIO
"ESCUELA PART. INC. NRO 1335 ""NAZARET""";FUNES;ROSARIO
"ESCUELA PART. INC. NRO 1345 ""NUESTRA SEÑORA DEL CARMEN""";PUJATO;SAN LORENZO
"ESCUELA PART. INC. 1346 ""MICHELANGELO BUONARROTI""";CASILDA;CASEROS
"ESCUELA PART. INC. NRO 1348 ""DANTE ALIGHIERI""";LAS ROSAS;BELGRANO
"ESCUELA PART.INC. NRO 1355 ""CRISTIANA EVANGÉLICA ARGENTINA""";ROSARIO;ROSARIO
"ESC. PAR. NRO 1357 ""ESC CRISTIANA EVANGÉLICA-NUEVA ALBERDI""";ROSARIO;ROSARIO
"ESCUELA PARTICULAR INCORPORADA NRO 1358 ""VIVIR Y CONVIVIR""";ROSARIO;ROSARIO
COMPLEJO EDUCATIVO DE ALBERDI NRO 1360;ROSARIO;ROSARIO
"ESCUELA PARTICULAR INCORPORADA NRO 1365 ""AMANECE""";ROSARIO;ROSARIO
"ESCUELA PART. INC. NRO 1371 ""COLEGIO DEL SOL""";ROSARIO;ROSARIO
"ESCUELA PART. INC. NRO 1374 ""DANTE ALIGHIERI""";LAS PAREJAS;BELGRANO
"ESCUELA PART. INC. NRO 1376 ""SAN ANTONIO""";ROSARIO;ROSARIO
"ESCUELA PART. INC. NRO 1387 ""MANUEL BELGRANO""";CAPITAN BERMUDEZ;SAN LORENZO
"ESCUELA PART. INC. NRO 1388 ""EMILIO ORTIZ GROGNET""";ROSARIO;ROSARIO
"ESCUELA PART. INC. NRO 1390 ""LOS ARRAYANES""";ROSARIO;ROSARIO
"INSTITUTO DE EDUCACIÓN INTEGRAL NRO 1396 ""NUEVO SIGLO""";ROSARIO;ROSARIO
"ESCUELA PART. AUT. 1398 ""ESCUELA DE LOS PADRES""";VENADO TUERTO;GENERAL LOPEZ
"COMPLEJO EDUCATIVO CRISTIANO NRO 1406 ""I.E.M.A.""";ROSARIO;ROSARIO
"ESCUELA PARTICULAR INCORPORADA NRO 1417 ""SAN PABLO""";ROSARIO;ROSARIO
ESCUELA PRIMARIA AGROECOLOGICA NRO 1418;VENADO TUERTO;GENERAL LOPEZ
"ESCUELA PART. INC. NRO 1420 ""COMUNIDAD EDUCATIVA LA PAZ""";ROSARIO;ROSARIO
"ESCUELA PART.INC. NRO 1422 ""MARCELINO CHAMPAGNAT""";ROSARIO;ROSARIO
"ESCUELA PART. INC. NRO 1425 ""NUESTRA SEÑORA DE LA PAZ""";VILLA GOBERNADOR GALVEZ;ROSARIO
"ESCUELA PART. INC. NRO 1427 ""SAN ISIDRO LABRADOR""";ROSARIO;ROSARIO
"ESCUELA PART. AUT. NRO 1428 ""COLEGIO DEL SUR""";ROSARIO;ROSARIO
"ESCUELA PART.INC. NRO 1445 ""REY DE GLORIA""";ROSARIO;ROSARIO
"ESCUELA PART.INC.NRO 1449 ""JUAN DIAZ DE SOLIS""";ROSARIO;ROSARIO
"ESCUELA PART.INC.NRO 1451 ""NUEVA ESCUELA CEFERINO NAMUNCURA""";ROSARIO;ROSARIO
"ESCUELA PART. INC. NRO 1461 ""JOAN MIRO""";FUNES;ROSARIO
"ESCUELA PART.AUTORIZADA NRO 1462 ""REY DE REYES""";ROSARIO;ROSARIO
"ESCUELA NRO 1463 ""MADRE TERESA DE CALCUTA""";ROSARIO;ROSARIO
"ESCUELA PART. INCORPORADA NRO 1464 ""COLEGIO CRISTIANO REDENTOR""";SAN LORENZO;SAN LORENZO
"ESCUELA PARTICULAR AUTORIZADA NRO 1466 ""SOL DE FUNES""";FUNES;ROSARIO
"CENTRO EDUCATIVO NRO 1468 ""VIDA""";ROSARIO;ROSARIO
"ESCUELA NRO 1479 ""NUESTRA SEÑORA DE LA ESPERANZA""";ROSARIO;ROSARIO
"ESCUELA PRIMARIA PARTICULAR NRO 1485 ""SAN JUAN DIEGO""";ROSARIO;ROSARIO
"ESCUELA PARTICULAR AUTORIZADO NRO 1499 ""PINO HISTORICO""";SAN LORENZO;SAN LORENZO
"ESCUELA ESPECIAL PARTICULAR INCORPORADA NRO 1104 ""SANTA MONICA""";SAN LORENZO;SAN LORENZO
"ESCUELA ESPECIAL PARTICULAR INCORPORADA NRO 1146 ""D.I.N.A.D""";ROSARIO;ROSARIO
ESCUELA DE EDUC. ESPEC. NRO 1206 C. A. N. E. A.;VENADO TUERTO;GENERAL LOPEZ
"ESCUELA DE EDUCACION ESPECIAL PARTICULAR INCORPORADA ""GURI""";ROSARIO;ROSARIO
"ESCUELA ESPECIAL PART. INC. NRO 1231 ""SANTA MARIA""";ROSARIO;ROSARIO
"ESCUELA ESPECIAL PARTICULAR INCORPORADA 1241 ""E.T.N.A.D.E.""";ROSARIO;ROSARIO
"ESCUELA ESPECIAL PARTICULAR INCORPORADA NRO 1242 ""ALBORADA""";ROSARIO;ROSARIO
"ESCUELA ESPECIAL PART. INC. NRO 1250 ""PADRE ENRIQUE CONTARDI""";ROSARIO;ROSARIO
"ESCUELA ESP.PART. NRO 1252 ""NUESTRA SEÑORA DE BETHARRAM""";ROSARIO;ROSARIO
"ESCUELA ESPECIAL PARTICULAR INCORPORADA NRO 1255 ""BAMBI""";CHAÑAR LADEADO;CASEROS
"ESCUELA ESP.PART.INCORP.NRO 1294 ""SANTA CLARA""";ROSARIO;ROSARIO
"ESCUELA ESPECIAL PARTICULAR INCORPORADA 1303 ""I. R. A. L.""";ROSARIO;ROSARIO
"ESC. ESPECIAL PARTIC. INCORP. NRO 1320 ""JESUS DE NAZARETH""";ALCORTA;CONSTITUCION
"ESC. ESPEC. PART. INCORP. NRO 1330 "" C.O.N.N.A.R.""";ROSARIO;ROSARIO
"ESCUELA ESPECIAL PARTICULAR INCORPORADA 1382 ""TRASCENDER""";ROSARIO;ROSARIO
"ESC.EDUC.ESP.PART.INC. 1383 ""NUESTRA SEÑORA DE LA ESPERANZA""";GRANADERO BAIGORRIA;ROSARIO
"ESCUELA ESPEC. PART. INCORP. NRO 1397 ""SANTA GERMANA COUSIN""";SANCTI SPIRITU;GENERAL LOPEZ
"ESC.ESPEC.PART.INCORP. 1405 ""CENTRO DE FORMACION INTEGRAL""";ROSARIO;ROSARIO
"ESC.ESPEC.PARTIC.AUTORIZ.NRO 1435 ""LA CASA DEL SOL NACIENTE""";ROSARIO;ROSARIO
"E.E.S. ORIENTADA PART. INC. NRO 2002 ""SOR MARÍA JOSEFA ROSSELLO""";ROSARIO;ROSARIO
"E.E.S. ORIENTADA PART. INC. NRO 2037 ""VERBO ENCARNADO""";ROSARIO;ROSARIO
"E.E.S. ORIENTADA PART. INC. NRO 2049 ""PADRE JUAN LEÓN DEHON""";GABOTO;SAN JERONIMO
"E.E.S. ORIENTADA PART. INC. NRO 2055 ""ALEJANDRO F. ESTRUGAMOU""";VENADO TUERTO;GENERAL LOPEZ
"E.E.S. ORIENTADA PART. INC. NRO 2059 ""PRESBÍTERO JORGE R. ROSALES""";WHEELWRIGHT;GENERAL LOPEZ
"E.E.S. ORIENTADA PART. AUT. NRO 2060 ""GENERAL MANUEL BELGRANO""";ROSARIO;ROSARIO
"E.E.S. ORIENTADA PART. INC. NRO 2063 ""NUESTRA SEÑORA DE LA ASUNCIÓN""";ROSARIO;ROSARIO
"E.E.S. ORIENTADA PART. INC. NRO 2064 ""NIÑO JESÚS DE PRAGA""";CARCARAÑA;SAN LORENZO
"E.E.S. ORIENTADA PART. INC. NRO 2065 ""TALLER DE NAZARETH""";VENADO TUERTO;GENERAL LOPEZ
"E.E.S. ORIENTADA PART. INC. NRO 2071 ""COMP. EDUC. CRISTIANO I.E.M.A""";ROSARIO;ROSARIO
"E.E.S. ORIENTADA PART. INC. NRO 3004 ""SAN JOSÉ""";VILLA CAÑAS;GENERAL LOPEZ
"E.E.S. ORIENTADA PART. INC. NRO 3007 ""FIGHIERA""";FIGHIERA;ROSARIO
"E.E.S. ORIENTADA PART. INC. NRO 3027 ""SAN ANTONIO MARÍA GIANELLI""";ROSARIO;ROSARIO
"E.E.S. ORIENTADA PART. INC. NRO 3029 ""SAN JOSÉ""";AMENABAR;GENERAL LOPEZ
"E.E.S. ORIENTADA PART. INC. NRO 3031 ""SAN ANTONIO DE PADUA""";ROSARIO;ROSARIO
"E.E.S. ORIENTADA PART. INC. NRO 3032 ""FAMILIA DE DIOS""";ROSARIO;ROSARIO
"E.E.S. ORIENTADA PART. INC. NRO 3033 ""COLEGIO ROSARIO""";ROSARIO;ROSARIO
"E.E.S. ORIENTADA PART. INC. NRO 3035 ""NUESTRA SEÑORA DEL VALLE""";ROSARIO;ROSARIO
"E.E.S. ORIENTADA PART. INC. NRO 3036 ""MARÍA MADRE DE LA IGLESIA""";ROSARIO;ROSARIO
"E.E.S. ORIENTADA PART. INC. NRO 3037 ""NATIVIDAD DEL SEÑOR""";ROSARIO;ROSARIO
"E.E.S. ORIENTADA PART. INC. NRO 3038 ""COMPL. EDUC. NUESTRA SEÑORA DE LUJÁN""";PEREZ;ROSARIO
"E.E.S. ORIENTADA PART. INC. NRO 3039 ""COLEGIO PARQUE DE ESPAÑA""";ROSARIO;ROSARIO
"E.E.S. ORIENTADA PART. INC. NRO 3040 ""BRIGADIER GENERAL ESTANISLAO LOPEZ""";ROSARIO;ROSARIO
"E.E.S. ORIENTADA PART. INC. NRO 3042 ""LEONARDO DA VINCI""";ROSARIO;ROSARIO
"E.E.S. ORIENTADA PART. INC. NRO 3047 ""NUESTRA SEÑORA DE LA MERCED""";ROSARIO;ROSARIO
"E.E.S. ORIENTADA PART. INC. NRO 3054 ""MATER DEI""";VILLA CONSTITUCION;CONSTITUCION
"E.E.S. ORIENTADA PART. INC. NRO 3060 ""SAN JORGE""";ROSARIO;ROSARIO
"E.E.S. ORIENTADA PART. INC. NRO 3062 ""COLEGIO DEL SOL""";ROSARIO;ROSARIO
"E.E.S. ORIENTADA PART. INC. NRO 3063 ""DOCTOR LUIS FEDERICO LELOIR""";ROSARIO;ROSARIO
"E.E.S. ORIENTADA PART. INC. NRO 3064 ""COLEGIO DEL SUR""";ROSARIO;ROSARIO
"E.E.S. ORIENTADA PART. INC. NRO 3066 ""SAN PABLO""";ROSARIO;ROSARIO
"E.E.S. ORIENTADA PART. INC. NRO 3069 ""JUAN DÍAZ DE SOLÍS""";ROSARIO;ROSARIO
"E.E.S. ORIENTADA PART. INC. NRO 3072 ""SANTO DOMINGO SAVIO""";ROSARIO;ROSARIO
"E.E.S. ORIENTADA PART. INC. NRO 3078 ""COMP. EDUC. NEWELL'S OLD BOYS""";ROSARIO;ROSARIO
"E.E.S. ORIENTADA PART. INC. NRO 3080 ""DANTE ALIGHIERI""";VILLA CONSTITUCION;CONSTITUCION
"E.E.S. ORIENTADA PART. INC. NRO 3081 ""DANTE ALIGHIERI""";VENADO TUERTO;GENERAL LOPEZ
"E.E.S. ORIENTADA PART. AUT. NRO 3082 ""ESCUELA DE LOS PADRES""";VENADO TUERTO;GENERAL LOPEZ
"E.E.S. ORIENTADA PART. INC. NRO 3086 ""SAN RAMON NONATO""";ROSARIO;ROSARIO
"E.E.S. ORIENTADA PART. INC. NRO 3088 ""SAN BARTOLOMÉ""";ROSARIO;ROSARIO
"E.E.S. ORIENTADA PART. INC. NRO 3089 ""PADRE JORGE BERTI""";ROSARIO;ROSARIO
"E.E.S. ORIENTADA PART. INC. NRO 3095 ""CULTURA INGLESA""";VENADO TUERTO;GENERAL LOPEZ
"E.E.S. ORIENTADA PART. INC. NRO 3096 ""NICOLÁS DE TOLENTINO""";ROSARIO;ROSARIO
"E.E.S. ORIENTADA PART. INC. NRO 3099 ""DANTE ALIGHIERI""";LAS ROSAS;BELGRANO
"E.E.S. ORIENTADA PART. INC. NRO 3100 ""MICHELÁNGELO BUONAROTTI""";CASILDA;CASEROS
"E.E.S. ORIENTADA PART. INC. NRO 3102 ""EDMONDO DE ÁMICIS""";ROSARIO;ROSARIO
"E.E.S. ORIENTADA PART. INC. NRO 3103 ""LOS ARRAYANES""";ROSARIO;ROSARIO
"E.E.S. ORIENTADA PART. INC. NRO 3105 ""SANTA TERESITA DEL NIÑO JESÚS""";ROSARIO;ROSARIO
"E.E.S. ORIENTADA PART. INC. NRO 3110 ""PADRE CLARET""";ROSARIO;ROSARIO
"E.E.S. ORIENTADA PART. INC. NRO 3111 ""DOCTOR ALBERT SABÍN""";ROSARIO;ROSARIO
"ANEXO E.E.M. NRO 3112 ""SANTO TOMAS DE AQUINO""";ROSARIO;ROSARIO
"E.E.S. ORIENTADA PART. INC. NRO 3112 ""SANTO TOMÁS DE AQUINO""";ROSARIO;ROSARIO
"E.E.S. ORIENTADA PART. INC. NRO 3113 ""EMILIO ORTIZ GROGNET""";ROSARIO;ROSARIO
"E.E.S. ORIENTADA PART. INC. NRO 3115 ""EL BUEN SAMARITANO""";ROSARIO;ROSARIO
"E.E.S. ORIENTADA PART. INC. NRO 3117 ""COMUNIDAD EDUCATIVA LA PAZ""";ROSARIO;ROSARIO
"E.E.S. ORIENTADA PART. AUT. NRO 3121 ""SOL DE FUNES""";FUNES;ROSARIO
"E.E.S. ORIENTADA PART. INC. NRO 3125 ""MA. MADRE DE LA CIVILIZ. DEL AMOR""";ROSARIO;ROSARIO
"E.E.S. ORIENTADA PART. INC. NRO 3126 ""SANTA ANA""";ROSARIO;ROSARIO
"E.E.S. ORIENTADA PART. INC. NRO 3127 ""DON BOSCO""";ROSARIO;ROSARIO
"E.E.S. ORIENTADA PART. INC. NRO 3132 ""CAYETANO ERRICO""";CAPITAN BERMUDEZ;SAN LORENZO
"E.E.S. ORIENTADA PART. INC. NRO 3133 ""REVERENDO PADRE JOSÉ MARGIS""";ROSARIO;ROSARIO
"E.E.S. ORIENTADA PART. INC. NRO 3134 ""NIÑO JESÚS""";PUERTO GENERAL SAN MARTIN;SAN LORENZO
"E.E.S. ORIENTADA PART. INC. NRO 3136 ""SAN PEDRO JULIÁN EYMARD""";ROSARIO;ROSARIO
"E.E.S. ORIENTADA PART. INC. NRO 3139 ""NUESTRA SEÑORA DE LA ROCCA""";ROSARIO;ROSARIO
"E.E.S. ORIENTADA PART. INC. NRO 3140 ""NUESTRA SEÑORA DE ITATÍ""";ROSARIO;ROSARIO
"E.E.S. ORIENTADA PART. INC. NRO 3141 ""PAULO VI""";ROSARIO;ROSARIO
"E.E.S. ORIENTADA PART. INC. NRO 3142 ""NUESTRA SEÑORA DE LUJÁN""";ROSARIO;ROSARIO
"E.E.S. ORIENTADA PART. INC. NRO 3143 ""SAN MARTÍN DE PORRES""";ROSARIO;ROSARIO
"E.E.S. ORIENTADA PART. INC. NRO 3145 ""ESPÍRITU SANTO""";ROSARIO;ROSARIO
"E.E.S. ORIENTADA PART. INC. NRO 3146 ""INST. ADVENTISTA F. RAMOS MEJÍA""";ROSARIO;ROSARIO
"E.E.S. ORIENTADA PART. INC. NRO 3149 ""SANTA CLARA DE ASÍS""";VILLA GOBERNADOR GALVEZ;ROSARIO
"E.E.S. ORIENTADA PART. INC. NRO 3150 ""E.C.E.A.""";ROSARIO;ROSARIO
"E.E.S. ORIENTADA PART. INC. NRO 3151 ""ECEA SECUNDARIA ZONA NORTE""";ROSARIO;ROSARIO
"E.E.S. ORIENTADA PART. INC. NRO 3152 ""VIVIR Y CONVIVIR""";ROSARIO;ROSARIO
"E.E.S. ORIENTADA PART. INC. NRO 3153 ""CENTRO EDUCATIVO ALBERDI""";ROSARIO;ROSARIO
"E.E.S. ORIENTADA PART. INC. NRO 3154 ""DANTE ALIGHIERI""";LAS PAREJAS;BELGRANO
"E.E.S. ORIENTADA PART. INC. NRO 3157 ""INST. ADVENTISTA DE CAP. BERMUDEZ""";CAPITAN BERMUDEZ;SAN LORENZO
"E.E.S. ORIENTADA PART. INC. NRO 3161 ""MARCELINO CHAMPAGNAT""";ROSARIO;ROSARIO
"E.E.S. ORIENTADA PART. INC. NRO 3162 ""NUESTRA SEÑORA DE LA PAZ""";VILLA GOBERNADOR GALVEZ;ROSARIO
"E.E.S. ORIENTADA PART. INC. NRO 3164 ""NUEVA ESCUELA DE CEFERINO NAMUNCURÁ""";ROSARIO;ROSARIO
"E.E.S. ORIENTADA PART. INC. NRO 3165 ""SAN JUAN DIEGO""";ROSARIO;ROSARIO
"E.E.S. ORIENTADA PART. INC. NRO 3168 ""COLEGIO DE LA SANTÍSIMA TRINIDAD""";ROSARIO;ROSARIO
"E.E.S. ORIENTADA PART. INC. NRO 3169 ""SAN ANTONIO""";ROSARIO;ROSARIO
"E.E.S. ORIENTADA PART. INC. NRO 3170 ""MARÍA AUXILIADORA""";FUNES;ROSARIO
"E.E.S. ORIENTADA PART. INC. NRO 3171 ""SAN MIGUEL ARCÁNGEL""";ROSARIO;ROSARIO
"E.E.S. ORIENTADA PART. INC. NRO 3173 ""NUESTRA SEÑORA DE POMPEYA""";ROSARIO;ROSARIO
"E.E.S. ORIENTADA PART. INC. NRO 3174 ""INSTITUTO DANTE ALIGHIERI""";ROSARIO;ROSARIO
"E.E.S. ORIENTADA PART. AUT. NRO 3175 ""FUNDACIÓN FOCUS ROSARIO""";ROSARIO;ROSARIO
"E.E.S. ORIENTADA PART. INC. NRO 3176 ""NUESTRA SEÑORA DE LA MISERICORDIA""";CASILDA;CASEROS
"E.E.S. ORIENTADA PART. INC. NRO 3177 ""MARÍA AUXILIADORA""";ROSARIO;ROSARIO
"E.E.S.ORIENTADA PARTICULAR NRO 3179 ""COLEGIO CRISTIANO REDENTOR""";SAN LORENZO;SAN LORENZO
"E.E.S.O. PART.INC.NRO 3180 ""SANTA ROSA DE VITERBO""";SAN LORENZO;SAN LORENZO
"E.E.S.O.P. NRO 3183 ""INGENIERO RAÚL ARINO""";FUNES;ROSARIO
"E.E.M.P.A.NRO 3041 ""PADRE BARBE""";ROSARIO;ROSARIO
"AULA RADIAL E.E.S. ORIENTADA PART. INC. NRO 3042 ""LEONARDO DA VINCI""";GRANADERO BAIGORRIA;ROSARIO
"E.E.M.P.A. NRO 3043 ""GARACOTCHEA""";ROSARIO;ROSARIO
"E.E.M.P.A. NRO 3051 ""CENTRO EDUCATIVO LATINOAMERICANO""";ROSARIO;ROSARIO
"E.E.T.P.I. NRO 8057 ""UNION FERROVIARIA""";ROSARIO;ROSARIO
"E.E. TÉCNICO PROFESIONAL Y SECUNDARIA ORIENTADA PART. INC. NRO 2009 ""IMMANUEL KANT""";SAN JERONIMO SUD;SAN LORENZO
"E.E. TÉCNICO PROFESIONAL PART. INC. NRO 2043 ""SAN JOSÉ""";ROSARIO;ROSARIO
"E.E.S. ORIENTADA Y FORMACIÓN PROF. PART. INC. NRO 2046 ""JESÚS DE NAZARET""";ROSARIO;ROSARIO
"E.E. TÉCNICO PROFESIONAL PART. INC. NRO 2051 ""NUESTRA SEÑORA DE FÁTIMA""";ROSARIO;ROSARIO
"E.E. TÉCNICO PROFESIONAL PART. INC. NRO 2066 ""SANTA FE""";ROSARIO;ROSARIO
"E.E. TÉCNICO PROFESIONAL PART. INC. NRO 2070 ""SAN JOSÉ""";RUFINO;GENERAL LOPEZ
"E.E. TÉCNICO PROFESIONAL PART. INC. NRO 2072 ""CTRO. DE FORM. RURAL EL CEIBO""";SAN JOSE DE LA ESQUINA;CASEROS
"E.E. TÉCNICO PROFESIONAL PART. INC. NRO 2073 ""SAN PABLO""";VILLA CONSTITUCION;CONSTITUCION
"E.E. TÉCNICO PROFESIONAL PART. INC. NRO 2076 ""SAN FRANCISQUITO""";ROSARIO;ROSARIO
"I.S.P.I. NRO 4004 ""VIRGEN DEL ROSARIO""";ROSARIO;ROSARIO
"I.S.P.I. NRO 4005 ""SANTISIMO ROSARIO""";ROSARIO;ROSARIO
"I.S.P.I. NRO 4008 ""SAN MIGUEL""";ARROYO SECO;ROSARIO
"I.S.P.I. NRO 4009 ""CIENCIAS COMERCIALES";ROSARIO;ROSARIO
"I.S.P.I. NRO 4011 ""GENERAL MANUEL BELGRANO""";ROSARIO;ROSARIO
"I.S.P.I. NRO 4014 ""DE COMPUTACION ADMINISTRATIVA""";SAN LORENZO;SAN LORENZO
"I.S.P.I. NRO 4015 ""FEDERICO GROTE""";ROSARIO;ROSARIO
"I.S.P.I. NRO 4016 ""HUMANITAS""";ROSARIO;ROSARIO
"I.S.P.I. NRO 4017 ""IMMANUEL KANT""";ROSARIO;ROSARIO
"I.S.P.I. NRO 4018 ""COLEGIO ROSARIO""";ROSARIO;ROSARIO
"I.S.P.I. NRO 4022 ""VERBO ENCARNADO""";ROSARIO;ROSARIO
"I.S.P.I. NRO 4025 ""CIENCIAS HUMANAS""";ROSARIO;ROSARIO
"I.S.P.I. NRO 4028 ""CARDENAL ANTONIO CAGGIANO""";ROSARIO;ROSARIO
"I.S.P.I. NRO 4029 ""ADMINIST. BANCARIA Y COMERCIO EXTERIOR""";ROSARIO;ROSARIO
"I.S.P.I. NRO 4030 ""ESTUDIOS EN INFORMATICA""";ROSARIO;ROSARIO
"I.S.P.I. NRO 4038 ""JUAN PABLO II""";ROLDAN;SAN LORENZO
"ISPI NRO 4039 ""MARIA REINA DE LAS FAMILIAS""";AARON CASTELLANOS;GENERAL LOPEZ
"I.S.P.I. NRO 4040 ""CENTRO DE ESTUDIOS SUPERIORES""";ROSARIO;ROSARIO
"I.S.P.I. NRO 4041 ""ROSARIO""";ROSARIO;ROSARIO
"I.S.P.I. NRO 4045 ""EVANGELICO""";ROSARIO;ROSARIO
"I.S.P.Inc. NRO 4048 ""DISEÑO GRAFICO""";ROSARIO;ROSARIO
"I.S.P.I. NRO 4051 ""COMUNICACION VISUAL,CENTRO DE INVESTIGACION""";ROSARIO;ROSARIO
"I.S.P.A. NRO 4058 ""DANTE ALIGHIERI""";VENADO TUERTO;GENERAL LOPEZ
"I.S.P.A. NRO 4061 ""HOTELERIA Y RESTAURATEUR""";ROSARIO;ROSARIO
I.S.P.A. NRO 4064 TALLER ESCUELA AGENCIA;ROSARIO;ROSARIO
"I.S.P.A. NRO 4065 ""DOCTOR PABLO MIRIZZI""";ROSARIO;ROSARIO
"I.S.P.A. NRO 4067 ""D'IBARRE""";ROSARIO;ROSARIO
"I.S.P.Inc. NRO 4068 ""PARQUE DE ESPAÑA""";ROSARIO;ROSARIO
"I.S.P.A. NRO 4069 ""MARKETING PROFESIONAL""";ROSARIO;ROSARIO
I.S.P.A. NRO 4070;ROSARIO;ROSARIO
"I.S.P.A. NRO 4071 ""DR. LUIS FEDERICO LELOIR""";ROSARIO;ROSARIO
"I.S.P.A. NRO 4073 ""AGENTES DE PROPAGANDA MEDICA""";ROSARIO;ROSARIO
"I.S.P.A. NRO 4077 ""TECNOLOGICO AUTONOMO DEL LITORAL""";ROSARIO;ROSARIO
"I.S.P.A. NRO 4080 ""TECNOLOGIA MEDICA""";ROSARIO;ROSARIO
"I.S.P.I. NRO 4081 ""NATIVIDAD DEL SEÑOR""";ROSARIO;ROSARIO
"ANEXO I.S.P.I. NRO 4087 ""SADOP""";ROSARIO;ROSARIO
"ISPI NRO 4088 ""MECANICA DENTAL""";ROSARIO;ROSARIO
I.S.P.S. NRO 4090 IEMA DE ROSARIO;ROSARIO;ROSARIO
"I.S.P.A. NRO 4091 ""VINCULO""";ROSARIO;ROSARIO
"I.S.P.A. NRO 4094 ""GATO DUMAS""";ROSARIO;ROSARIO
"I.S.P.NRO 4096""ESCUELA ROSARINA DE PSICOLOGIA SOCIAL DR.ENRIQUE PICHON RIVIERE";ROSARIO;ROSARIO
"I.S.P.A. NRO 4099 ""SINAPSIS""";ROSARIO;ROSARIO
"I.S.P.I. NRO 9006 ""DANTE ALIGHIERI""";ROSARIO;ROSARIO
"I.S.P.I. NRO 9009 ""SAN JUAN BAUTISTA DE LA SALLE""";ROSARIO;ROSARIO
"I.S.P.I. NRO 9026 ""MARIA AUXILIADORA""";ROSARIO;ROSARIO
"INST. SUPERIOR PART. INC. NRO 9085 ""SANTA ROSA DE VITERBO""";SAN LORENZO;SAN LORENZO
"INSTITUTO SUPERIOR PARTICULAR INCORPORADO NRO 9112 ""SAN PABL";VILLA CONSTITUCION;CONSTITUCION
"INSTITUTO SUPERIOR PARTICULAR INCORPORADO NRO 9123 ""SAN BARTOLOME""";ROSARIO;ROSARIO
"INST.SUP.PART.INC.NRO 9145 ""CATOLICO DE ENSEÑANZA SUPERIOR""";VENADO TUERTO;GENERAL LOPEZ
"INSTITUTO SUPERIOR PARTICULAR INCORPORADO NRO 9232 ""DON BOSC";ROSARIO;ROSARIO
"I.S.P.I NRO 9247 ""SAN CARLOS BORROMEO""";CAPITAN BERMUDEZ;SAN LORENZO
INSTITUTO SUPERIOR LAPLACE DE CIENCIAS EN SISTEMAS NRO 9250;ROSARIO;ROSARIO
"I.S.P.A. NRO 9251 ""PAGO DE LOS ARROYOS""";ROSARIO;ROSARIO
I.S.P.A. NRO 9253 CENTRO POPULAR DE EXPRESION Y COMUNICACION;ROSARIO;ROSARIO
"E.E.S. ORIENTADA PART. INC. NRO 8004 ""LICEO AVELLANEDA""";ROSARIO;ROSARIO
"E.E.S. ORIENTADA PART. INC. NRO 8007 ""ESCUELAS PIAS""";ROSARIO;ROSARIO
"E.E.S. ORIENTADA PART. INC. NRO 8009 ""SAN JUAN BAUTISTA DE LA SALLE""";ROSARIO;ROSARIO
"E.E.S. ORIENTADA PART. INC. NRO 8010 ""NUESTRA SEÑORA DE LA MISERICORDIA""";ROSARIO;ROSARIO
"E.E.S. ORIENTADA PART. INC. NRO 8011 ""NUESTRA SEÑORA DEL ROSARIO""";ROSARIO;ROSARIO
"E.E.S. ORIENTADA PART. INC. NRO 8012 ""SAGRADO CORAZÓN""";ROSARIO;ROSARIO
"E.E.S. ORIENTADA PART. INC. NRO 8019 ""SAGRADO CORAZÓN""";VENADO TUERTO;GENERAL LOPEZ
"E.E.S. ORIENTADA PART. INC. NRO 8025 ""VIRGEN DEL ROSARIO""";ROSARIO;ROSARIO
"E.E.S. ORIENTADA PART. INC. NRO 8027 ""NUESTRA SEÑORA DE LOS ANGELES""";ROSARIO;ROSARIO
"E.E.S. ORIENTADA PART. INC. NRO 8032 ""SANTA ROSA""";VENADO TUERTO;GENERAL LOPEZ
"E.E.S. ORIENTADA PART. INC. NRO 8038 ""MARÍA BICECCI""";ROSARIO;ROSARIO
"E.E.S. ORIENTADA PART. INC. NRO 8043 ""PEDRO J. CRISTIA""";ROSARIO;ROSARIO
"E.E.S. ORIENTADA PART. INC. NRO 8051 ""SAN FRANCISCO DE ASÍS""";ROSARIO;ROSARIO
"E.E.S. ORIENTADA PART. INC. NRO 8053 ""SANTÍSIMO ROSARIO""";ROSARIO;ROSARIO
"E.E.S. ORIENTADA PART. INC. NRO 8055 ""SAN ANTONIO DE PADUA""";CAÑADA DE GOMEZ;IRIONDO
"E.E.S. ORIENTADA PART. INC. NRO 8059 ""CENTRO EDUCATIVO LATINOAMERICANO""";ROSARIO;ROSARIO
"E.E.S. ORIENTADA PART. INC. NRO 8060 ""TEODELINA F. DE ALVEAR""";VILLA GOBERNADOR GALVEZ;ROSARIO
"E.E.S. ORIENTADA PART. INC. NRO 8064 ""LA INMACULADA""";ROSARIO;ROSARIO
"E.E.S. ORIENTADA PART. INC. NRO 8066 ""ZONA PARQUE""";ROSARIO;ROSARIO
"E.E.S. ORIENTADA PART. INC. NRO 8070 ""LOS QUIRQUINCHOS""";LOS QUIRQUINCHOS;CASEROS
"E.E.S. ORIENTADA PART. INC. NRO 8072 ""NIÑO JESÚS DE PRAGA""";CARCARAÑA;SAN LORENZO
"E.E.S. ORIENTADA PART. INC. NRO 8075 ""SANCTI SPÍRITU""";SANCTI SPIRITU;GENERAL LOPEZ
"E.E.S. ORIENTADA PART. INC. NRO 8082 ""BERABEVÚ""";BERAVEBU;CASEROS
"E.E.S. ORIENTADA PART. INC. NRO 8083 ""SAN CARLOS""";SAN LORENZO;SAN LORENZO
"E.E.S. ORIENTADA PART. INC. NRO 8087 ""NUESTRA SEÑORA DE GUADALUPE""";ROSARIO;ROSARIO
"E.E.S. ORIENTADA PART. INC. NRO 8092 ""ENSEÑANZA COMERCIAL CARMEN""";CARMEN;GENERAL LOPEZ
"E.E.S. ORIENTADA PART. INC. NRO 8097 ""SANTA MARÍA GORETTI""";ARROYO SECO;ROSARIO
"E.E.S. ORIENTADA PART. INC. NRO 8098 ""WHEELWRIGHT""";WHEELWRIGHT;GENERAL LOPEZ
"E.E.S. ORIENTADA PART. INC. NRO 8099 ""SAN FRANCISCO SOLANO""";ROSARIO;ROSARIO
"E.E.S. ORIENTADA PART. INC. NRO 8111 ""NUESTRA SEÑORA DE LA MISERICORDIA""";SAN LORENZO;SAN LORENZO
"E.E.S. ORIENTADA PART. INC. NRO 8117 ""MADRE CABRINI""";ROSARIO;ROSARIO
"E.E.S. ORIENTADA PART. INC. NRO 8119 ""NUESTRA SEÑORA DE FÁTIMA""";PEREZ;ROSARIO
"E.E.S. ORIENTADA PART. INC. NRO 8120 ""NUESTRA SEÑORA DE LAS MERCEDES""";MONTES DE OCA;BELGRANO
"E.E.S. ORIENTADA PART. INC. NRO 8121 ""MURPHY""";MURPHY;GENERAL LOPEZ
"E.E.S. ORIENTADA PART. INC. NRO 8129 ""JOSÉ RAZETTO""";CAÑADA DE GOMEZ;IRIONDO
"E.E.S. ORIENTADA PART. INC. NRO 8130 ""SAN JOSÉ""";TOTORAS;IRIONDO
"E.E.S. ORIENTADA PART. INC. NRO 8135 ""NUESTRA SEÑORA DEL LUJÁN""";PEYRANO;CONSTITUCION
"E.E.S. ORIENTADA PART. INC. NRO 8137 ""CHOVET""";CHOVET;GENERAL LOPEZ
"E.E.S. ORIENTADA PART. INC. NRO 8144 ""STELLA MARIS""";ROSARIO;ROSARIO
"E.E.S. ORIENTADA PART. INC. NRO 8151 ""JAIM NAJMAN BIALIK""";ROSARIO;ROSARIO
"E.E.S. ORIENTADA PART. INC. NRO 8152 ""SAN MIGUEL ARCÁNGEL""";ROSARIO;ROSARIO
"E.E.S. ORIENTADA PART. INC. NRO 8154 ""SANTA JUSTINA""";ALVAREZ;ROSARIO
"E.E.S. ORIENTADA PART. INC. NRO 8160 ""JOSÉ MANUEL ESTRADA""";CENTENO;SAN JERONIMO
"E.E.S. ORIENTADA PART. INC. NRO 8167 ""SECUNDARIO DE ZAVALLA""";ZAVALLA;ROSARIO
"E.E.S. ORIENTADA PART. INC. NRO 8168 ""NUESTRA SEÑORA DEL SAGRADO CORAZÓN""";VILLA GOBERNADOR GALVEZ;ROSARIO
"E.E.S. ORIENTADA PART. INC. NRO 8170 ""JUAN XXIII""";OLIVEROS;IRIONDO
"E.E.S. ORIENTADA PART. INC. NRO 8171 ""NAZARET""";FUNES;ROSARIO
"E.E.S. ORIENTADA PART. INC. NRO 8173 ""JUAN XXIII""";CAFFERATA;GENERAL LOPEZ
"E.E.S. ORIENTADA PART. INC. NRO 8175 ""SAN FRANCISCO""";ALCORTA;CONSTITUCION
"E.E.S. ORIENTADA PART. INC. NRO 8179 ""MONSEÑOR JUAN BONEO""";ROSARIO;ROSARIO
"E.E.S. ORIENTADA PART. INC. NRO 8184 ""SEMINARIO SAN CARLOS BORROMEO""";CAPITAN BERMUDEZ;SAN LORENZO
"E.E.S. ORIENTADA PART. INC. NRO 8185 ""SANTA MARGARITA""";ROSARIO;ROSARIO
"E.E.S. ORIENTADA PART. INC. NRO 8186 ""HIJAS DE CRISTO REY""";VILLA CONSTITUCION;CONSTITUCION
"E.E.S. ORIENTADA PART. INC. NRO 8187 ""ALVEAR""";ALVEAR;ROSARIO
"E.E.S. ORIENTADA PART. INC. NRO 8190 ""NUESTRA SEÑORA DE LOS MILAGROS""";CAPITAN BERMUDEZ;SAN LORENZO
"E.E.S. ORIENTADA PART. INC. NRO 8192 ""JUAN B. MOLINA""";JUAN B. MOLINA;CONSTITUCION
"E.E.S. ORIENTADA PART. INC. NRO 8215 ""LEOPOLDO LUGONES""";SANFORD;CASEROS
"E.E.S. ORIENTADA PART. INC. NRO 8222 ""GOETHE""";ROSARIO;ROSARIO
"E.E.S. ORIENTADA PART. INC. NRO 8223 ""FISHERTON DE EDUCACIÓN INTEGRAL""";ROSARIO;ROSARIO
"E.E.S. ORIENTADA PART. AUT. NRO 8225 ""SAN PATRICIO""";ROSARIO;ROSARIO
"E.E.S. ORIENTADA PART. INC. NRO 8228 ""SANTA ISABEL DE HUNGRÍA""";ROSARIO;ROSARIO
"E.E.S. ORIENTADA PART. INC. NRO 8239 ""LOS ARROYOS""";ROSARIO;ROSARIO
"E.E.S. ORIENTADA PART. AUT. NRO 8240 ""MIRASOLES""";ROSARIO;ROSARIO
"E.E. TÉCNICO PROFESIONAL Y SECUNDARIA ORIENTADA PART. INC. NRO 8013 ""SAN JOSÉ""";ROSARIO;ROSARIO
"E.E. TÉCNICO PROFESIONAL PART. INC. NRO 8155 ""SAN JOSÉ OBRERO""";ROLDAN;SAN LORENZO
"E.E. TÉCNICO PROFESIONAL PART. INC. NRO 8163 ""SAN JOSÉ""";CHABAS;CASEROS
"E.E. TÉCNICO PROFESIONAL PART. INC. NRO 8180 ""SAGRADA FAMILIA""";CASILDA;CASEROS
"E.E. TÉCNICO PROFESIONAL PART. INC. NRO 8183 ""CENTRO AGROTÉCNICO REGIONAL""";VENADO TUERTO;GENERAL LOPEZ
"E.E. TÉCNICO PROFESIONAL PART. INC. NRO 8199 ""NUESTRA SEÑORA DE LA GUARDIA""";ROSARIO;ROSARIO
"E.E. TÉCNICO PROFESIONAL PART. INC. NRO 8216 ""C. DE FORM. RURAL ALFREDO RUEDA""";SANTA TERESA;CONSTITUCION
"E.E. TÉCNICO PROFESIONAL PART. INC. NRO 8218 ""CTRO. DE FORM. RURAL EL CHAÑAR""";TEODELINA;GENERAL LOPEZ
"E.E. TÉCNICO PROFESIONAL PART. INC. NRO 8235 ""INGENIERO ENRIQUE B. GOMARA""";VILLA GOBERNADOR GALVEZ;ROSARIO
"E.E. TÉCNICO PROFESIONAL PART. INC. NRO 8236 ""C. DE FORM. RURAL LOS NOGALES""";AREQUITO;CASEROS
"E.E. TÉCNICO PROFESIONAL PART. INC. NRO 8248 ""E.F.A. COLONIAS UNIDAS""";TOTORAS;IRIONDO
"I.S.P.I. NRO 9193 ""CRUZ ROJA ARGENTINA""";ROSARIO;ROSARIO
"I.S.P.I. NRO 9203 ""CRUZ ROJA ARGENTINA""";CASILDA;CASEROS
"I.S.P.I. NRO 9231 ""GARIBALD";ROSARIO;ROSARIO
"GRADO RADIAL N I - I.S.P.I.NRO 9246 ""ALEXANDER FLEMING""";ROSARIO;ROSARIO
"I.S.P.I NRO 9246 ""FUNDACION HOSPITAL OLIVEROS""";OLIVEROS;IRIONDO
"INST. SUPERIOR PART. INC. NRO 9003 ""SAGRADO CORAZÓN DE JESÚS""";LAS ROSAS;BELGRANO
"INST. SUPERIOR PART. INC. NRO 9024 ""INMACULADO CORAZÓN DE MARÍA ADORATRICES""";ROSARIO;ROSARIO
"INST. SUPERIOR PART. INC. NRO 9028 ""NUESTRA SEÑORA DEL HUERTO""";ROSARIO;ROSARIO
"INST. SUPERIOR PART. INC. NRO 9045 ""ZONA OESTE""";ROSARIO;ROSARIO
"INST. SUPERIOR PART. INC. NRO 9073 ""JOSÉ MANUEL ESTRADA""";SANTA TERESA;CONSTITUCION
"INST. SUPERIOR PART. INC. NRO 9086 ""PAUL HARRIS""";ROLDAN;SAN LORENZO
"INST. SUPERIOR PART. INC. NRO 9088 ""VIRGEN DE LA MERCED""";FIRMAT;GENERAL LOPEZ
"INST. SUPERIOR PART. INC. NRO 9096 ""NUESTRA SEÑORA DE LA MISERICORDIA""";RUFINO;GENERAL LOPEZ
"INST. SUPERIOR PART. INC. NRO 9110 ""DE LA SAGRADA FAMILIA""";ROSARIO;ROSARIO
"INST. SUPERIOR PART. INC. NRO 9126 ""NUESTRA SEÑORA DE LA MEDALLA MILAGROSA""";ROSARIO;ROSARIO
"INST. SUPERIOR PART. INC. NRO 9156""NUESTRA SEÑORA DEL PERPETUO SOCORRO""";CHAÑAR LADEADO;CASEROS
"INST. SUPERIOR PART. INC. NRO 9229 ""GENERAL JOSÉ DE SAN MARTÍN""";ROSARIO;ROSARIO
"ANEXO ESC. NRO 2046 ""JESUS DE NAZARET""";ROSARIO;ROSARIO
"E.E.T.P.I. NRO 2048 ""ORATORIO DOMINGO SAVIO""";ROSARIO;ROSARIO
"ESCUELA EDUC. TECNICA NRO 2054 ""MUSIMEDIOS""";ROSARIO;ROSARIO
"E.E.T. PART. INC. NRO 2061 ""NAZARET""";ROSARIO;ROSARIO
"E.E.M.P.I. NRO 3013 ""SANTA MARIA JOSEFA ROSELLO""";ROSARIO;ROSARIO
AULA RADIAL I ESCUELA DE EDUCACION TECNICA PARTICULAR NRO 8216;PEREZ;ROSARIO
